{"type":"FeatureCollection","features":[{"type":"Feature","properties":{"name":"淀川区","name:en":"Yodogawa Ward"},"geometry":{"type":"Polygon","coordinates":[[[135.4470367,34.7329817],[135.446849,34.732713],[135.446582,34.732291],[135.446091,34.731332],[135.445904,34.730837],[135.445802,34.730564],[135.445636,34.730034],[135.445556,34.729504],[135.445556,34.729343],[135.445556,34.729082],[135.446719,34.728922],[135.446759,34.728917],[135.447878,34.728763],[135.449171,34.728518],[135.449716,34.728417],[135.4510597,34.7281602],[135.451295,34.728104],[135.452061,34.727889],[135.453144,34.727531],[135.454379,34.727078],[135.4545615,34.726989],[135.454711,34.726917],[135.455022,34.72672],[135.455267,34.7265745],[135.4557408,34.7262678],[135.4558502,34.7262045],[135.4564422,34.7257969],[135.4567979,34.7255348],[135.4568843,34.7254449],[135.4570261,34.7252934],[135.4573522,34.7249467],[135.4577465,34.7245237],[135.4580089,34.7242493],[135.4583346,34.7239008],[135.4586814,34.7235754],[135.4587727,34.723499],[135.4592619,34.723115],[135.4595399,34.7228937],[135.459858,34.7226407],[135.4601873,34.7223531],[135.4605568,34.7219923],[135.4607381,34.7218129],[135.4609595,34.7215774],[135.460952,34.7215524],[135.4612954,34.7211474],[135.4613282,34.7211412],[135.4620842,34.7202741],[135.4623347,34.7199879],[135.463183,34.719019],[135.4633056,34.7188777],[135.4639769,34.7180232],[135.4640764,34.7179012],[135.4641808,34.7177766],[135.4644292,34.7175632],[135.4650751,34.7168449],[135.4654988,34.7163559],[135.4659139,34.7159324],[135.4663677,34.7153736],[135.467331,34.714289],[135.4676286,34.7139321],[135.468739,34.712599],[135.469207,34.7120711],[135.4698427,34.7113441],[135.471174,34.709837],[135.471393,34.709586],[135.471567,34.709386],[135.471817,34.709101],[135.473649,34.707003],[135.473929,34.706682],[135.4741366,34.7068088],[135.4770846,34.7085513],[135.478592,34.709487],[135.4791687,34.7098305],[135.4795302,34.7100459],[135.4827362,34.7119558],[135.4832609,34.7122673],[135.484801,34.713207],[135.486099,34.713999],[135.486349,34.714152],[135.4864964,34.7142402],[135.486611,34.71431],[135.486777,34.71441],[135.486876,34.71447],[135.486924,34.714499],[135.486992,34.71454],[135.4889075,34.7156775],[135.489116,34.715801],[135.49101,34.7169283],[135.4923893,34.7177271],[135.492662,34.717883],[135.4942169,34.7185821],[135.4947533,34.7187646],[135.495082,34.718864],[135.496158,34.719055],[135.496606,34.719109],[135.496944,34.719131],[135.49719,34.719146],[135.4975455,34.7191538],[135.498314,34.719171],[135.499382,34.719184],[135.499611,34.719187],[135.499838,34.71919],[135.500719,34.719201],[135.502988,34.719321],[135.503112,34.719332],[135.503129,34.719334],[135.503256,34.719346],[135.503541,34.719373],[135.503641,34.719383],[135.5036703,34.7193854],[135.503927,34.71941],[135.503904,34.720234],[135.503869,34.721462],[135.503839,34.722343],[135.503804,34.723389],[135.503798,34.723457],[135.503786,34.7236],[135.503775,34.723741],[135.5034897,34.7241368],[135.5034619,34.7243926],[135.5033938,34.7249946],[135.5032825,34.7253565],[135.5030986,34.7258488],[135.5030377,34.7260117],[135.5027946,34.7266002],[135.5027148,34.726763],[135.5024144,34.7275443],[135.5023648,34.7276787],[135.5022234,34.7280935],[135.5021404,34.7283296],[135.5020812,34.7286054],[135.502074,34.7286477],[135.5020607,34.7287317],[135.5020128,34.7290091],[135.5019951,34.729113],[135.5019543,34.729312],[135.501919,34.7295129],[135.5019157,34.7295739],[135.5019108,34.7296457],[135.5019003,34.7297065],[135.5018671,34.7299631],[135.5018142,34.7308588],[135.501814,34.7309762],[135.5018147,34.7310256],[135.5018147,34.7310628],[135.5018161,34.7310974],[135.5018167,34.7312302],[135.5018278,34.7315374],[135.5018342,34.7316715],[135.5018433,34.73178],[135.5018503,34.73184],[135.5018548,34.7318905],[135.5018604,34.7319211],[135.5018639,34.7319485],[135.5019169,34.7322861],[135.501979,34.7325189],[135.501995,34.7325723],[135.5020689,34.732677],[135.5020861,34.7327287],[135.5020997,34.7328037],[135.5021474,34.733002],[135.502186,34.7331482],[135.502197,34.733216],[135.5022366,34.7334077],[135.5023182,34.7338549],[135.5023944,34.7341893],[135.502491,34.734518],[135.5024905,34.7345913],[135.502489,34.734663],[135.5025665,34.734811],[135.5026539,34.7349824],[135.5028027,34.7355381],[135.5027915,34.735635],[135.5028105,34.73569],[135.5029865,34.736225],[135.5030987,34.7365318],[135.5032437,34.7369018],[135.5034355,34.7373584],[135.5038175,34.7381724],[135.5038661,34.7382656],[135.5045279,34.7396176],[135.504806,34.7402223],[135.5051424,34.7401898],[135.5053979,34.7405846],[135.5049124,34.7407761],[135.5050492,34.7410615],[135.505299,34.74165],[135.5057496,34.7428307],[135.5062557,34.7438316],[135.5063434,34.744005],[135.5064234,34.7441834],[135.506714,34.744729],[135.5056842,34.7449761],[135.5025756,34.7463747],[135.4994209,34.7479353],[135.4999811,34.7490264],[135.4998527,34.7498017],[135.4995914,34.7498737],[135.4989989,34.7498714],[135.4972957,34.750564],[135.4966216,34.7507935],[135.495551,34.751026],[135.4948668,34.7511677],[135.494019,34.750697],[135.493673,34.750852],[135.492322,34.75127],[135.4921164,34.7512982],[135.491672,34.751359],[135.490978,34.751377],[135.490018,34.751181],[135.488634,34.750436],[135.487912,34.74981],[135.487893,34.74979],[135.4868882,34.7486918],[135.4860485,34.7485836],[135.4857588,34.7485351],[135.4852223,34.7481891],[135.4849863,34.7479864],[135.4847503,34.7476668],[135.4843184,34.7471709],[135.4838008,34.7468051],[135.4839107,34.7458596],[135.4840234,34.7452976],[135.4839215,34.7451059],[135.483959,34.7449428],[135.4844847,34.7447841],[135.484174,34.74392],[135.483249,34.741518],[135.482683,34.741671],[135.4821329,34.7418281],[135.4811645,34.7414141],[135.4816774,34.7406508],[135.4822487,34.7402298],[135.482547,34.740047],[135.482499,34.739982],[135.482349,34.739765],[135.48226,34.739637],[135.4820944,34.739375],[135.481973,34.739178],[135.481921,34.739094],[135.481657,34.738726],[135.481361,34.738416],[135.48105,34.738141],[135.4805739,34.7378547],[135.480414,34.73776],[135.48034,34.737722],[135.479728,34.737414],[135.479277,34.737248],[135.478591,34.737022],[135.478334,34.736938],[135.4772603,34.7367187],[135.476297,34.736473],[135.475932,34.736349],[135.47547,34.736122],[135.475203,34.735943],[135.474799,34.735637],[135.4745507,34.7354479],[135.473715,34.734721],[135.472964,34.734143],[135.472566,34.733786],[135.472256,34.733571],[135.472094,34.733496],[135.471879,34.733396],[135.4717405,34.7333319],[135.471501,34.733222],[135.470649,34.73281],[135.47015,34.732631],[135.470114,34.732485],[135.470049,34.73222],[135.47003,34.731945],[135.470024,34.731863],[135.469969,34.731657],[135.469923,34.731482],[135.4698173,34.7308726],[135.4695846,34.7308432],[135.4690944,34.7308161],[135.4681624,34.7308045],[135.467489,34.730736],[135.46696,34.730696],[135.466818,34.730748],[135.466801,34.730754],[135.466139,34.730998],[135.464568,34.7315767],[135.46316,34.732094],[135.461627,34.732679],[135.460294,34.733138],[135.460251,34.733152],[135.459892,34.733283],[135.459334,34.733487],[135.458934,34.7336],[135.458814,34.7336341],[135.458493,34.733724],[135.45821,34.733791],[135.457135,34.734046],[135.456196,34.734202],[135.455449,34.734301],[135.455387,34.734309],[135.454773,34.734333],[135.453061,34.734357],[135.45252,34.734342],[135.451891,34.734324],[135.451775,34.734321],[135.449796,34.734169],[135.448987,34.734097],[135.448582,34.734014],[135.448113,34.733859],[135.447709,34.73362],[135.447369,34.733351],[135.447087,34.733047],[135.4470367,34.7329817]]]}},{"type":"Feature","properties":{"name":"東淀川区","name:en":"Higashiyodogawa Ward"},"geometry":{"type":"Polygon","coordinates":[[[135.5437711,34.7682029],[135.543074,34.767697],[135.5423715,34.7670315],[135.5415761,34.7660312],[135.541108,34.764855],[135.5407663,34.7629106],[135.5404321,34.7621977],[135.5400104,34.7617477],[135.5398145,34.7615387],[135.538862,34.761042],[135.5376291,34.760783],[135.5362876,34.7605876],[135.535161,34.7604235],[135.5346394,34.760305],[135.533726,34.7600976],[135.5327123,34.7595742],[135.5320718,34.7587426],[135.5303347,34.7559833],[135.529066,34.754414],[135.5293286,34.7539278],[135.5299408,34.7541139],[135.5303183,34.75341],[135.5307636,34.7530045],[135.531579,34.7527643],[135.531528,34.7525725],[135.5310962,34.7522596],[135.5309889,34.7521274],[135.5308896,34.7517968],[135.530836,34.7513582],[135.5310291,34.7511423],[135.5307314,34.7509197],[135.5305248,34.7509924],[135.5290121,34.7503158],[135.5289263,34.7501814],[135.5288176,34.7493366],[135.5284528,34.7490641],[135.5279724,34.7488283],[135.5272257,34.7485285],[135.5263513,34.7482993],[135.5255386,34.7481561],[135.5250075,34.7480922],[135.5246669,34.7480679],[135.5241278,34.7482663],[135.5238193,34.7483919],[135.5230683,34.7487401],[135.5227035,34.7488216],[135.5223507,34.7489019],[135.5220062,34.7489803],[135.5213785,34.749117],[135.5205309,34.7491699],[135.5203164,34.7491699],[135.5198228,34.7491765],[135.5192247,34.7491654],[135.5189051,34.7502036],[135.517122,34.749992],[135.515793,34.749681],[135.515006,34.749347],[135.5145568,34.7490729],[135.513577,34.748487],[135.5122395,34.7474646],[135.509538,34.745318],[135.508887,34.744882],[135.508339,34.744667],[135.507797,34.744572],[135.506714,34.744729],[135.5064234,34.7441834],[135.5063434,34.744005],[135.5062557,34.7438316],[135.5057496,34.7428307],[135.505299,34.74165],[135.5050492,34.7410615],[135.5049124,34.7407761],[135.5053979,34.7405846],[135.5051424,34.7401898],[135.504806,34.7402223],[135.5045279,34.7396176],[135.5038661,34.7382656],[135.5038175,34.7381724],[135.5034355,34.7373584],[135.5032437,34.7369018],[135.5030987,34.7365318],[135.5029865,34.736225],[135.5028105,34.73569],[135.5027915,34.735635],[135.5028027,34.7355381],[135.5026539,34.7349824],[135.5025665,34.734811],[135.502489,34.734663],[135.5024905,34.7345913],[135.502491,34.734518],[135.5023944,34.7341893],[135.5023182,34.7338549],[135.5022366,34.7334077],[135.502197,34.733216],[135.502186,34.7331482],[135.5021474,34.733002],[135.5020997,34.7328037],[135.5020861,34.7327287],[135.5020689,34.732677],[135.501995,34.7325723],[135.501979,34.7325189],[135.5019169,34.7322861],[135.5018639,34.7319485],[135.5018604,34.7319211],[135.5018548,34.7318905],[135.5018503,34.73184],[135.5018433,34.73178],[135.5018342,34.7316715],[135.5018278,34.7315374],[135.5018167,34.7312302],[135.5018161,34.7310974],[135.5018147,34.7310628],[135.5018147,34.7310256],[135.501814,34.7309762],[135.5018142,34.7308588],[135.5018671,34.7299631],[135.5019003,34.7297065],[135.5019108,34.7296457],[135.5019157,34.7295739],[135.501919,34.7295129],[135.5019543,34.729312],[135.5019951,34.729113],[135.5020128,34.7290091],[135.5020607,34.7287317],[135.502074,34.7286477],[135.5020812,34.7286054],[135.5021404,34.7283296],[135.5022234,34.7280935],[135.5023648,34.7276787],[135.5024144,34.7275443],[135.5027148,34.726763],[135.5027946,34.7266002],[135.5030377,34.7260117],[135.5030986,34.7258488],[135.5032825,34.7253565],[135.5033938,34.7249946],[135.5034619,34.7243926],[135.5034897,34.7241368],[135.503775,34.723741],[135.503786,34.7236],[135.503798,34.723457],[135.503804,34.723389],[135.503839,34.722343],[135.503869,34.721462],[135.503904,34.720234],[135.503927,34.71941],[135.504367,34.719452],[135.505718,34.719554],[135.5064027,34.7195927],[135.509173,34.719752],[135.510076,34.719823],[135.510388,34.719855],[135.510544,34.719872],[135.511224,34.719942],[135.511572,34.719979],[135.512184,34.720032],[135.512763,34.720086],[135.5139492,34.7202372],[135.514677,34.72033],[135.514807,34.720569],[135.514894,34.720739],[135.51531,34.721553],[135.515491,34.721907],[135.515508,34.721942],[135.515618,34.722156],[135.51568,34.722309],[135.5157947,34.7226004],[135.516011,34.723129],[135.516073,34.723283],[135.516527,34.724559],[135.516978,34.725885],[135.517546,34.727554],[135.5178157,34.7282919],[135.518053,34.728937],[135.518183,34.729242],[135.518515,34.729826],[135.518992,34.730411],[135.519194,34.730596],[135.519722,34.731103],[135.519895,34.731228],[135.520091,34.731359],[135.520357,34.731538],[135.520455,34.731604],[135.5209031,34.7319058],[135.521312,34.732188],[135.5225765,34.7327263],[135.52314,34.732898],[135.524258,34.733184],[135.52474,34.73326],[135.525016,34.733304],[135.525311,34.733342],[135.5254355,34.7333581],[135.525537,34.7333682],[135.526426,34.733489],[135.527141,34.733477],[135.528181,34.733411],[135.528718,34.733374],[135.529975,34.733213],[135.5304682,34.7331196],[135.532438,34.732741],[135.533182,34.732729],[135.5346249,34.7327973],[135.5354813,34.7328373],[135.5369426,34.7329214],[135.538163,34.7330663],[135.5395469,34.7332393],[135.541319,34.73349],[135.542745,34.733766],[135.543272,34.733876],[135.543657,34.733956],[135.5445035,34.7341202],[135.546747,34.73469],[135.547418,34.734905],[135.547598,34.734971],[135.5489824,34.7355173],[135.55031,34.736107],[135.551045,34.736522],[135.551313,34.7366724],[135.551385,34.736714],[135.551747,34.736918],[135.553054,34.73801],[135.553694,34.738673],[135.5540692,34.739082],[135.554272,34.739355],[135.554306,34.739419],[135.554677,34.740117],[135.5548453,34.740754],[135.554953,34.741178],[135.55562,34.743553],[135.555997,34.744759],[135.556067,34.744985],[135.556312,34.745705],[135.556435,34.746081],[135.556389,34.746197],[135.556316,34.746687],[135.556314,34.746876],[135.556309,34.747286],[135.556302,34.747927],[135.556374,34.748983],[135.5564634,34.7493581],[135.55664,34.750143],[135.556844,34.750775],[135.556895,34.750869],[135.5570639,34.7511891],[135.557133,34.751312],[135.557487,34.751693],[135.558144,34.752361],[135.558722,34.752869],[135.558797,34.752927],[135.559206,34.753248],[135.559441,34.753405],[135.5601787,34.753803],[135.560529,34.753992],[135.56036,34.754151],[135.559724,34.754748],[135.559097,34.755399],[135.559093,34.755404],[135.558972,34.755537],[135.558836,34.755686],[135.558667,34.755871],[135.558574,34.755973],[135.5585,34.756042],[135.558405,34.75613],[135.558367,34.756165],[135.558261,34.756289],[135.558281,34.756455],[135.558292,34.756542],[135.558284,34.756614],[135.558272,34.756732],[135.55826,34.756848],[135.558254,34.756904],[135.557314,34.756892],[135.557064,34.756889],[135.556974,34.756889],[135.555769,34.756899],[135.554897,34.756909],[135.553876,34.756961],[135.553782,34.756966],[135.552563,34.757028],[135.552401,34.757034],[135.55232,34.757038],[135.552234,34.757041],[135.55166,34.757064],[135.551246,34.757095],[135.551082,34.757115],[135.551043,34.757119],[135.5509464,34.75713],[135.5509499,34.7575529],[135.5508023,34.7578393],[135.5506414,34.7582977],[135.5505529,34.7586481],[135.5503759,34.7598644],[135.5502054,34.7607095],[135.5501398,34.7610345],[135.5501157,34.761343],[135.550164,34.7615854],[135.5503651,34.7615876],[135.5502874,34.7612835],[135.5502605,34.7610345],[135.5503169,34.7607569],[135.5504858,34.7607701],[135.5504698,34.7619137],[135.5506012,34.7627401],[135.5509874,34.7637228],[135.550886,34.763776],[135.5508721,34.7641767],[135.5507943,34.764353],[135.5506548,34.764483],[135.5491689,34.7653705],[135.549204,34.765398],[135.5492689,34.7654585],[135.549842,34.765177],[135.549918,34.765123],[135.550215,34.764913],[135.550453,34.764769],[135.550647,34.76467],[135.550851,34.764531],[135.55092,34.764443],[135.551021,34.764246],[135.551077,34.764319],[135.551096,34.764526],[135.5511422,34.7646471],[135.551171,34.764727],[135.5512113,34.7648395],[135.551234,34.764903],[135.551263,34.76508],[135.551291,34.765243],[135.551315,34.765389],[135.55129,34.765565],[135.551277,34.765725],[135.551206,34.766351],[135.551181,34.766501],[135.551155,34.766641],[135.551061,34.766842],[135.550917,34.767064],[135.550829,34.767225],[135.550717,34.767343],[135.550652,34.76741],[135.550597,34.767468],[135.550378,34.767675],[135.550036,34.767928],[135.549873,34.768052],[135.549673,34.768104],[135.549434,34.768171],[135.549146,34.768264],[135.548987,34.768345],[135.548917,34.76838],[135.548772,34.768453],[135.54782,34.7682232],[135.54645,34.768207],[135.545418,34.768801],[135.545207,34.768849],[135.544967,34.768795],[135.544124,34.768459],[135.5437711,34.7682029]],[[135.553447,34.7561492],[135.5534911,34.7561422],[135.5536535,34.7560941],[135.5538654,34.7559641],[135.5553313,34.7556732],[135.5552668,34.7553845],[135.5535865,34.7558406],[135.553447,34.7561492]]]}},{"type":"Feature","properties":{"name":"西淀川区","name:en":"Nishiyodogawa Ward"},"geometry":{"type":"Polygon","coordinates":[[[135.469207,34.7120711],[135.468739,34.712599],[135.4676286,34.7139321],[135.467331,34.714289],[135.4663677,34.7153736],[135.4659139,34.7159324],[135.4654988,34.7163559],[135.4650751,34.7168449],[135.4644292,34.7175632],[135.4641808,34.7177766],[135.4640764,34.7179012],[135.4639769,34.7180232],[135.4633056,34.7188777],[135.463183,34.719019],[135.4623347,34.7199879],[135.4620842,34.7202741],[135.4613282,34.7211412],[135.4612954,34.7211474],[135.460952,34.7215524],[135.4609595,34.7215774],[135.4607381,34.7218129],[135.4605568,34.7219923],[135.4601873,34.7223531],[135.459858,34.7226407],[135.4595399,34.7228937],[135.4592619,34.723115],[135.4587727,34.723499],[135.4586814,34.7235754],[135.4583346,34.7239008],[135.4580089,34.7242493],[135.4577465,34.7245237],[135.4573522,34.7249467],[135.4570261,34.7252934],[135.4568843,34.7254449],[135.4567979,34.7255348],[135.4564422,34.7257969],[135.4558502,34.7262045],[135.4557408,34.7262678],[135.455267,34.7265745],[135.455022,34.72672],[135.454711,34.726917],[135.4545615,34.726989],[135.454379,34.727078],[135.453144,34.727531],[135.452061,34.727889],[135.451295,34.728104],[135.4510597,34.7281602],[135.449716,34.728417],[135.449171,34.728518],[135.447878,34.728763],[135.446759,34.728917],[135.446719,34.728922],[135.445556,34.729082],[135.445556,34.728997],[135.445621,34.728414],[135.445852,34.727527],[135.446026,34.726912],[135.446257,34.72621],[135.446416,34.725811],[135.446512,34.725637],[135.446575,34.725524],[135.4470136,34.7248611],[135.447268,34.724454],[135.447579,34.723893],[135.447634,34.723742],[135.447832,34.723202],[135.447991,34.722737],[135.448026,34.72253],[135.448063,34.722308],[135.448106,34.721689],[135.448034,34.721289],[135.447882,34.720776],[135.447608,34.720199],[135.447333,34.719674],[135.44695,34.719127],[135.446517,34.718662],[135.44617,34.71834],[135.445813,34.718086],[135.445236,34.717788],[135.445156,34.717746],[135.44444,34.717371],[135.443487,34.71702],[135.442824,34.716779],[135.442028,34.716489],[135.4413654,34.7162921],[135.441316,34.716276],[135.44073,34.716099],[135.439583,34.715755],[135.4390359,34.7155782],[135.438164,34.715309],[135.436979,34.714951],[135.436248,34.7146793],[135.434671,34.714058],[135.43366,34.713599],[135.43271,34.713159],[135.432699,34.713154],[135.4323956,34.7129994],[135.432054,34.712832],[135.4318,34.712706],[135.431557,34.712582],[135.431099,34.712348],[135.430547,34.712015],[135.430191,34.711794],[135.430135,34.711759],[135.4296176,34.7113755],[135.429579,34.711347],[135.429423,34.711204],[135.428795,34.710627],[135.428686,34.710504],[135.428536,34.710334],[135.428362,34.710138],[135.427863,34.709499],[135.427412,34.708864],[135.427091,34.708411],[135.426556,34.707679],[135.426209,34.707154],[135.42587,34.706784],[135.425842,34.706759],[135.42557,34.706517],[135.425531,34.706487],[135.425194,34.706225],[135.424913,34.706052],[135.424626,34.705924],[135.424566,34.705897],[135.423981,34.705712],[135.422284,34.705256],[135.419799,34.704551],[135.418925,34.704255],[135.4176506,34.7038388],[135.416702,34.703525],[135.41635,34.703409],[135.415354,34.703032],[135.414645,34.702765],[135.413854,34.702432],[135.413679,34.702355],[135.413488,34.702271],[135.412865,34.701997],[135.411651,34.701263],[135.410835,34.70072],[135.409986,34.700085],[135.40956,34.699751],[135.409069,34.699292],[135.408578,34.698782],[135.407509,34.697386],[135.407297,34.697101],[135.4072928,34.6970931],[135.4068282,34.6962171],[135.4040459,34.6930671],[135.3986798,34.6864742],[135.3885194,34.6745378],[135.4097532,34.6802424],[135.4104596,34.6804334],[135.4146343,34.6815624],[135.4189564,34.6827086],[135.4276902,34.6850247],[135.431099,34.686194],[135.4332878,34.6869734],[135.4347611,34.6874796],[135.4349842,34.6875562],[135.4378777,34.6886562],[135.4397021,34.689309],[135.4414305,34.6900917],[135.443552,34.690969],[135.446145,34.692061],[135.447157,34.6925092],[135.447599,34.692702],[135.4479492,34.6928547],[135.448437,34.693053],[135.448651,34.693132],[135.451065,34.694254],[135.4513997,34.6944107],[135.452473,34.694896],[135.452754,34.69502],[135.453686,34.695449],[135.454509,34.695855],[135.4557521,34.6964832],[135.4561696,34.6966953],[135.4567182,34.6969741],[135.460924,34.699106],[135.461429,34.69938],[135.4620396,34.6997456],[135.464904,34.701448],[135.46628,34.7022486],[135.4663748,34.7023054],[135.4672273,34.7028013],[135.4682097,34.7033728],[135.4683436,34.7034507],[135.4720561,34.7056002],[135.473586,34.706487],[135.473776,34.706595],[135.473929,34.706682],[135.473649,34.707003],[135.471817,34.709101],[135.471567,34.709386],[135.471393,34.709586],[135.471174,34.709837],[135.4698427,34.7113441],[135.469207,34.7120711]]]}},{"type":"Feature","properties":{"name":"此花区","name:en":"Konohana Ward"},"geometry":{"type":"Polygon","coordinates":[[[135.4349842,34.6875562],[135.4347611,34.6874796],[135.4332878,34.6869734],[135.431099,34.686194],[135.4276902,34.6850247],[135.4189564,34.6827086],[135.4146343,34.6815624],[135.4104596,34.6804334],[135.4097532,34.6802424],[135.3885194,34.6745378],[135.3849899,34.6729047],[135.380185,34.6705165],[135.3778891,34.6682753],[135.3652917,34.6666751],[135.3548261,34.6659104],[135.3378524,34.6645426],[135.334089,34.6639679],[135.3297266,34.6632556],[135.3099784,34.6265868],[135.3108608,34.6227705],[135.3119122,34.6178791],[135.3143577,34.5939215],[135.3464202,34.6055777],[135.3657705,34.6175475],[135.3791815,34.6286895],[135.3836876,34.6318146],[135.3885156,34.6341805],[135.3934938,34.6381175],[135.399223,34.6411011],[135.4092866,34.6445788],[135.4208953,34.6486389],[135.4222051,34.6489856],[135.4224411,34.6500447],[135.4257456,34.6553755],[135.426241,34.655707],[135.427541,34.656481],[135.428494,34.657066],[135.428919,34.657341],[135.429242,34.657551],[135.429507,34.6577],[135.430199,34.65809],[135.430339,34.658169],[135.431001,34.658537],[135.431188,34.658641],[135.431369,34.658741],[135.431966,34.659072],[135.432193,34.659175],[135.432337,34.659212],[135.43256,34.659271],[135.432688,34.659305],[135.433011,34.65939],[135.433091,34.659411],[135.433661,34.659527],[135.434014,34.659599],[135.434726,34.659732],[135.435175,34.659797],[135.435276,34.659811],[135.435418,34.659902],[135.436375,34.660514],[135.437303,34.661108],[135.438021,34.661581],[135.438248,34.661702],[135.439704,34.662647],[135.43973,34.662664],[135.440084,34.662885],[135.440268,34.662999],[135.440554,34.663169],[135.440686,34.663296],[135.440769,34.663381],[135.441965,34.664611],[135.442219,34.66493],[135.443501,34.666538],[135.444139,34.667332],[135.445011,34.668398],[135.446205,34.669922],[135.446429,34.670228],[135.447086,34.670968],[135.447476,34.671367],[135.448105,34.671934],[135.448878,34.672587],[135.449398,34.672993],[135.44997,34.673355],[135.450048,34.673404],[135.450387,34.673586],[135.450813,34.673753],[135.451907,34.674141],[135.45194,34.674153],[135.454772,34.675095],[135.454894,34.675136],[135.4562057,34.675568],[135.457286,34.675927],[135.4576999,34.6760658],[135.459922,34.67681],[135.461816,34.677446],[135.4619873,34.6775036],[135.4624822,34.6776662],[135.4672101,34.6792174],[135.4675186,34.6793158],[135.470858,34.680381],[135.471429,34.680547],[135.471768,34.680601],[135.472057,34.68061],[135.471881,34.680912],[135.471855,34.680956],[135.4716436,34.6813347],[135.4710826,34.6819845],[135.4706744,34.6825714],[135.4698912,34.6837158],[135.4694012,34.6842837],[135.4692438,34.6845748],[135.4690674,34.684789],[135.4691814,34.6848574],[135.4690057,34.6850537],[135.4688837,34.684982],[135.4687992,34.6850735],[135.4688434,34.6850978],[135.4687455,34.6852004],[135.4688729,34.6852754],[135.4687992,34.6853746],[135.4683351,34.6858157],[135.467957,34.6861355],[135.46664,34.6865413],[135.4663691,34.6865832],[135.466125,34.6867112],[135.4657549,34.6867685],[135.4657173,34.6867398],[135.4651165,34.6868038],[135.4646686,34.6868016],[135.4639578,34.6869802],[135.462451,34.687227],[135.46247,34.687398],[135.46253,34.687937],[135.462526,34.6881021],[135.462523,34.688199],[135.4625343,34.6890211],[135.4641725,34.6906914],[135.4642528,34.6918971],[135.4642746,34.6922856],[135.4642505,34.6925473],[135.4641711,34.692782],[135.4635229,34.6943251],[135.463385,34.6946476],[135.4632295,34.6950199],[135.4631731,34.6952789],[135.4631628,34.6955215],[135.4632022,34.6957356],[135.4632885,34.6959631],[135.4634286,34.6961816],[135.4636508,34.6963658],[135.463917,34.696519],[135.464122,34.696632],[135.4645355,34.6968386],[135.4632697,34.6983635],[135.4620396,34.6997456],[135.461429,34.69938],[135.460924,34.699106],[135.4567182,34.6969741],[135.4561696,34.6966953],[135.4557521,34.6964832],[135.454509,34.695855],[135.453686,34.695449],[135.452754,34.69502],[135.452473,34.694896],[135.4513997,34.6944107],[135.451065,34.694254],[135.448651,34.693132],[135.448437,34.693053],[135.4479492,34.6928547],[135.447599,34.692702],[135.447157,34.6925092],[135.446145,34.692061],[135.443552,34.690969],[135.4414305,34.6900917],[135.4397021,34.689309],[135.4378777,34.6886562],[135.4349842,34.6875562]]]}},{"type":"Feature","properties":{"name":"福島区","name:en":"Fukushima Ward"},"geometry":{"type":"Polygon","coordinates":[[[135.462526,34.6881021],[135.46253,34.687937],[135.46247,34.687398],[135.462451,34.687227],[135.4639578,34.6869802],[135.4646686,34.6868016],[135.4651165,34.6868038],[135.4657173,34.6867398],[135.4657549,34.6867685],[135.466125,34.6867112],[135.4663691,34.6865832],[135.46664,34.6865413],[135.467957,34.6861355],[135.4683351,34.6858157],[135.4687992,34.6853746],[135.4688729,34.6852754],[135.4687455,34.6852004],[135.4688434,34.6850978],[135.4687992,34.6850735],[135.4688837,34.684982],[135.4690057,34.6850537],[135.4691814,34.6848574],[135.4690674,34.684789],[135.4692438,34.6845748],[135.4694012,34.6842837],[135.4698912,34.6837158],[135.4706744,34.6825714],[135.4710826,34.6819845],[135.4716436,34.6813347],[135.471855,34.680956],[135.471881,34.680912],[135.472057,34.68061],[135.472165,34.680613],[135.472425,34.680637],[135.475756,34.6817421],[135.4760964,34.6818565],[135.4782898,34.6825934],[135.478659,34.682719],[135.479446,34.683017],[135.479771,34.683202],[135.480313,34.683661],[135.480717,34.684079],[135.481085,34.684499],[135.481192,34.684646],[135.481534,34.685299],[135.481756,34.685658],[135.4817988,34.6857181],[135.481877,34.685854],[135.481938,34.685952],[135.482139,34.686234],[135.48235,34.686531],[135.4824845,34.6866943],[135.48271,34.686975],[135.482892,34.687198],[135.483448,34.687832],[135.483961,34.688415],[135.4849252,34.6895506],[135.4849664,34.6896071],[135.485774,34.690542],[135.486366,34.691147],[135.486568,34.691374],[135.486649,34.691433],[135.487245,34.6918504],[135.487637,34.692096],[135.4885609,34.6926289],[135.488649,34.692675],[135.489125,34.692927],[135.490136,34.693351],[135.4910862,34.6937116],[135.490621,34.694716],[135.490324,34.695454],[135.490259,34.695603],[135.490232,34.695665],[135.490223,34.695685],[135.490217,34.695824],[135.490216,34.695852],[135.490219,34.695887],[135.490223,34.695939],[135.490252,34.696299],[135.4902051,34.6964577],[135.4901806,34.6965867],[135.4901719,34.69666],[135.4901645,34.6967154],[135.4901291,34.6969798],[135.4898903,34.6976069],[135.4896049,34.6985323],[135.4895846,34.6985812],[135.4896051,34.6990469],[135.4896101,34.6994395],[135.4899579,34.7001091],[135.4899884,34.7001013],[135.4900219,34.7002301],[135.490246,34.7009315],[135.490375,34.7012979],[135.4908535,34.7026665],[135.4902457,34.702674],[135.4891527,34.7025115],[135.4886394,34.7024265],[135.4884938,34.702407],[135.4879671,34.7023251],[135.487977,34.7020548],[135.487986,34.7016512],[135.4880038,34.7011163],[135.487714,34.7011117],[135.4871633,34.7011029],[135.4867915,34.701097],[135.486116,34.701114],[135.485523,34.7004278],[135.4846334,34.7003424],[135.4842371,34.7002574],[135.4839555,34.6994068],[135.4828265,34.6998067],[135.4817946,34.7002226],[135.4803836,34.7008363],[135.4796702,34.7012244],[135.4788481,34.7018198],[135.4784095,34.7021682],[135.4778141,34.702693],[135.4774225,34.7031208],[135.4763818,34.7042762],[135.4759365,34.704854],[135.4741366,34.7068088],[135.473929,34.706682],[135.473776,34.706595],[135.473586,34.706487],[135.4720561,34.7056002],[135.4683436,34.7034507],[135.4682097,34.7033728],[135.4672273,34.7028013],[135.4663748,34.7023054],[135.46628,34.7022486],[135.464904,34.701448],[135.4620396,34.6997456],[135.4632697,34.6983635],[135.4645355,34.6968386],[135.464122,34.696632],[135.463917,34.696519],[135.4636508,34.6963658],[135.4634286,34.6961816],[135.4632885,34.6959631],[135.4632022,34.6957356],[135.4631628,34.6955215],[135.4631731,34.6952789],[135.4632295,34.6950199],[135.463385,34.6946476],[135.4635229,34.6943251],[135.4641711,34.692782],[135.4642505,34.6925473],[135.4642746,34.6922856],[135.4642528,34.6918971],[135.4641725,34.6906914],[135.4625343,34.6890211],[135.462523,34.688199],[135.462526,34.6881021]]]}},{"type":"Feature","properties":{"name":"北区","name:en":"Kita Ward"},"geometry":{"type":"Polygon","coordinates":[[[135.511572,34.719979],[135.511224,34.719942],[135.510544,34.719872],[135.510388,34.719855],[135.510076,34.719823],[135.509173,34.719752],[135.5064027,34.7195927],[135.505718,34.719554],[135.504367,34.719452],[135.503927,34.71941],[135.5036703,34.7193854],[135.503641,34.719383],[135.503541,34.719373],[135.503256,34.719346],[135.503129,34.719334],[135.503112,34.719332],[135.502988,34.719321],[135.500719,34.719201],[135.499838,34.71919],[135.499611,34.719187],[135.499382,34.719184],[135.498314,34.719171],[135.4975455,34.7191538],[135.49719,34.719146],[135.496944,34.719131],[135.496606,34.719109],[135.496158,34.719055],[135.495082,34.718864],[135.4947533,34.7187646],[135.4942169,34.7185821],[135.492662,34.717883],[135.4923893,34.7177271],[135.49101,34.7169283],[135.489116,34.715801],[135.4889075,34.7156775],[135.486992,34.71454],[135.486924,34.714499],[135.486876,34.71447],[135.486777,34.71441],[135.486611,34.71431],[135.4864964,34.7142402],[135.486349,34.714152],[135.486099,34.713999],[135.484801,34.713207],[135.4832609,34.7122673],[135.4827362,34.7119558],[135.4795302,34.7100459],[135.4791687,34.7098305],[135.478592,34.709487],[135.4770846,34.7085513],[135.4741366,34.7068088],[135.4759365,34.704854],[135.4763818,34.7042762],[135.4774225,34.7031208],[135.4778141,34.702693],[135.4784095,34.7021682],[135.4788481,34.7018198],[135.4796702,34.7012244],[135.4803836,34.7008363],[135.4817946,34.7002226],[135.4828265,34.6998067],[135.4839555,34.6994068],[135.4842371,34.7002574],[135.4846334,34.7003424],[135.485523,34.7004278],[135.486116,34.701114],[135.4867915,34.701097],[135.4871633,34.7011029],[135.487714,34.7011117],[135.4880038,34.7011163],[135.487986,34.7016512],[135.487977,34.7020548],[135.4879671,34.7023251],[135.4884938,34.702407],[135.4886394,34.7024265],[135.4891527,34.7025115],[135.4902457,34.702674],[135.4908535,34.7026665],[135.490375,34.7012979],[135.490246,34.7009315],[135.4900219,34.7002301],[135.4899884,34.7001013],[135.4899579,34.7001091],[135.4896101,34.6994395],[135.4896051,34.6990469],[135.4895846,34.6985812],[135.4896049,34.6985323],[135.4898903,34.6976069],[135.4901291,34.6969798],[135.4901645,34.6967154],[135.4901719,34.69666],[135.4901806,34.6965867],[135.4902051,34.6964577],[135.490252,34.696299],[135.490223,34.695939],[135.490219,34.695887],[135.490216,34.695852],[135.490217,34.695824],[135.490223,34.695685],[135.490232,34.695665],[135.490259,34.695603],[135.490324,34.695454],[135.490621,34.694716],[135.4910862,34.6937116],[135.490136,34.693351],[135.489125,34.692927],[135.488649,34.692675],[135.4885609,34.6926289],[135.487637,34.692096],[135.487245,34.6918504],[135.486649,34.691433],[135.486568,34.691374],[135.486366,34.691147],[135.485774,34.690542],[135.4849664,34.6896071],[135.4849252,34.6895506],[135.483961,34.688415],[135.483448,34.687832],[135.482892,34.687198],[135.48271,34.686975],[135.4824845,34.6866943],[135.48235,34.686531],[135.482139,34.686234],[135.481938,34.685952],[135.481877,34.685854],[135.4817988,34.6857181],[135.481756,34.685658],[135.481534,34.685299],[135.481192,34.684646],[135.481339,34.684636],[135.481931,34.684756],[135.482103,34.684805],[135.4823858,34.6848878],[135.482516,34.6849246],[135.4825365,34.6849304],[135.482567,34.684939],[135.482574,34.684941],[135.48263,34.684966],[135.4830341,34.6851436],[135.483961,34.685831],[135.484575,34.686225],[135.485124,34.686565],[135.485922,34.687015],[135.486062,34.687091],[135.486738,34.687456],[135.4871402,34.6876704],[135.487386,34.6878014],[135.488363,34.688333],[135.488415,34.68836],[135.490061,34.68921],[135.490456,34.689434],[135.4907036,34.6895735],[135.491567,34.690065],[135.492621,34.690792],[135.4928612,34.6909962],[135.493264,34.691335],[135.493306,34.691371],[135.493831,34.691829],[135.494314,34.692261],[135.494344,34.692288],[135.494474,34.692366],[135.494821,34.692473],[135.494868,34.692482],[135.494956,34.6925],[135.495094,34.692528],[135.495232,34.692556],[135.495417,34.692604],[135.495767,34.692694],[135.496062,34.6927258],[135.496133,34.692735],[135.4961558,34.6927383],[135.496193,34.692741],[135.496525,34.692757],[135.4967814,34.6927716],[135.497119,34.692804],[135.497191,34.692827],[135.497471,34.692866],[135.497774,34.692908],[135.498189,34.692966],[135.498607,34.692999],[135.498625,34.693],[135.499007,34.693028],[135.500622,34.693077],[135.5008894,34.6930462],[135.501023,34.693029],[135.50136,34.692989],[135.50239,34.692858],[135.502754,34.692812],[135.503613,34.692716],[135.5037665,34.6927074],[135.504854,34.692628],[135.505852,34.692545],[135.505979,34.692511],[135.5068618,34.6922757],[135.507035,34.692227],[135.507132,34.692201],[135.507534,34.692065],[135.507767,34.691986],[135.508913,34.691554],[135.509346,34.69136],[135.509503,34.691289],[135.509724,34.691199],[135.510492,34.690889],[135.510502,34.690885],[135.510545,34.690888],[135.511427,34.690951],[135.511736,34.690975],[135.512598,34.691043],[135.513503,34.691087],[135.51464,34.6911478],[135.514957,34.691166],[135.5151679,34.6911634],[135.515679,34.691157],[135.517096,34.691139],[135.5173837,34.6911706],[135.5174933,34.6911826],[135.518356,34.691277],[135.519576,34.691681],[135.51988,34.69183],[135.520082,34.691929],[135.520632,34.692239],[135.521013,34.692535],[135.521068,34.692577],[135.521644,34.693164],[135.521824,34.69338],[135.522027,34.693626],[135.522309,34.694069],[135.522328,34.694104],[135.522411,34.694257],[135.522631,34.694667],[135.522846,34.695364],[135.52288,34.695639],[135.522921,34.695965],[135.522953,34.696222],[135.522953,34.696344],[135.522929,34.696808],[135.522908,34.696954],[135.522888,34.6971],[135.522855,34.697328],[135.5228138,34.697505],[135.522607,34.698363],[135.522487,34.698606],[135.522239,34.69911],[135.521977,34.699625],[135.521756,34.699998],[135.521741,34.700024],[135.521651,34.700176],[135.5209684,34.7009957],[135.520644,34.701372],[135.520303,34.701775],[135.519841,34.702301],[135.519552,34.702695],[135.519272,34.703078],[135.5192289,34.7031362],[135.518621,34.703996],[135.5185467,34.7041375],[135.518149,34.704913],[135.518085,34.705037],[135.517882,34.705649],[135.517822,34.705881],[135.517735,34.706357],[135.517735,34.706667],[135.517755,34.707237],[135.517826,34.707388],[135.5179117,34.7075669],[135.518009,34.707774],[135.518181,34.708022],[135.51821,34.708064],[135.5184928,34.7084723],[135.518542,34.708544],[135.518809,34.70893],[135.519263,34.70941],[135.519289,34.709439],[135.5199898,34.7101782],[135.520116,34.71033],[135.520752,34.710974],[135.520967,34.711249],[135.5210595,34.7113675],[135.521123,34.711461],[135.521275,34.711699],[135.5214251,34.7121652],[135.521469,34.712296],[135.5215027,34.7125883],[135.52151,34.712667],[135.521556,34.713026],[135.521563,34.713111],[135.52158,34.7138204],[135.521556,34.714114],[135.521492,34.714577],[135.521479,34.714672],[135.521392,34.714986],[135.521178,34.715751],[135.521171,34.715789],[135.520996,34.716215],[135.5209807,34.7162547],[135.520904,34.71644],[135.520776,34.716751],[135.520535,34.717138],[135.520146,34.717682],[135.5200876,34.7177624],[135.519716,34.718284],[135.519106,34.718887],[135.518428,34.719336],[135.517944,34.719577],[135.517818,34.71964],[135.516934,34.719895],[135.516853,34.71992],[135.516687,34.719972],[135.51668,34.719974],[135.516271,34.720102],[135.516254,34.720108],[135.516096,34.720157],[135.515777,34.720257],[135.5154344,34.7203651],[135.514807,34.720569],[135.514677,34.72033],[135.5139492,34.7202372],[135.512763,34.720086],[135.512184,34.720032],[135.511572,34.719979]]]}},{"type":"Feature","properties":{"name":"港区","name:en":"Minato Ward"},"geometry":{"type":"Polygon","coordinates":[[[135.4422671,34.6425486],[135.4436159,34.6433592],[135.444749,34.643834],[135.44624,34.644369],[135.446874,34.644603],[135.447932,34.644999],[135.448571,34.64525],[135.448806,34.645338],[135.44945,34.645567],[135.449933,34.645744],[135.450279,34.645871],[135.450466,34.645937],[135.45069,34.646018],[135.4511,34.646166],[135.451339,34.646263],[135.451947,34.646466],[135.452312,34.646607],[135.452824,34.64677],[135.452858,34.646784],[135.453031,34.646854],[135.453106,34.646877],[135.453719,34.647074],[135.453905,34.647127],[135.454572,34.647378],[135.45479,34.647435],[135.455405,34.647691],[135.455517,34.647711],[135.455602,34.647726],[135.455992,34.64788],[135.456091,34.647934],[135.456258,34.648026],[135.456365,34.648146],[135.456407,34.648193],[135.457102,34.649158],[135.457348,34.649492],[135.458086,34.650545],[135.458332,34.650893],[135.458566,34.651224],[135.458706,34.651419],[135.459149,34.652039],[135.459234,34.65218],[135.459618,34.652682],[135.460115,34.653366],[135.460223,34.653514],[135.460564,34.654003],[135.461275,34.655021],[135.461483,34.655299],[135.461685,34.65555],[135.462091,34.656096],[135.462254,34.656311],[135.462341,34.656426],[135.462441,34.656552],[135.462842,34.657062],[135.463015,34.657281],[135.463019,34.657289],[135.463089,34.657422],[135.4638252,34.6584007],[135.4646482,34.659431],[135.465024,34.659902],[135.465173,34.660096],[135.465663,34.660642],[135.465902,34.660902],[135.465976,34.660982],[135.465992,34.661],[135.4663186,34.661317],[135.466407,34.661434],[135.466411,34.661437],[135.466647,34.661681],[135.466887,34.661893],[135.466897,34.661902],[135.466908,34.661913],[135.467078,34.662091],[135.46728,34.662272],[135.467795,34.662734],[135.468131,34.663025],[135.468201,34.66308],[135.468267,34.663131],[135.4684095,34.6632478],[135.468637,34.663444],[135.468935,34.663695],[135.469666,34.6643144],[135.470084,34.66465],[135.470206,34.664761],[135.470734,34.665161],[135.4710042,34.6653585],[135.47144,34.665677],[135.471568,34.665765],[135.471636,34.665814],[135.471738,34.665888],[135.471798,34.665921],[135.472171,34.666123],[135.472202,34.666139],[135.472362,34.666241],[135.472916,34.666492],[135.47323,34.666611],[135.4737193,34.6667704],[135.4743648,34.666954],[135.4738337,34.6674526],[135.4718879,34.6688959],[135.4682984,34.6717609],[135.4637271,34.6753145],[135.4625977,34.6763422],[135.4624933,34.6764372],[135.4619873,34.6775036],[135.461816,34.677446],[135.459922,34.67681],[135.4576999,34.6760658],[135.457286,34.675927],[135.4562057,34.675568],[135.454894,34.675136],[135.454772,34.675095],[135.45194,34.674153],[135.451907,34.674141],[135.450813,34.673753],[135.450387,34.673586],[135.450048,34.673404],[135.44997,34.673355],[135.449398,34.672993],[135.448878,34.672587],[135.448105,34.671934],[135.447476,34.671367],[135.447086,34.670968],[135.446429,34.670228],[135.446205,34.669922],[135.445011,34.668398],[135.444139,34.667332],[135.443501,34.666538],[135.442219,34.66493],[135.441965,34.664611],[135.440769,34.663381],[135.440686,34.663296],[135.440554,34.663169],[135.440268,34.662999],[135.440084,34.662885],[135.43973,34.662664],[135.439704,34.662647],[135.438248,34.661702],[135.438021,34.661581],[135.437303,34.661108],[135.436375,34.660514],[135.435418,34.659902],[135.435276,34.659811],[135.435175,34.659797],[135.434726,34.659732],[135.434014,34.659599],[135.433661,34.659527],[135.433091,34.659411],[135.433011,34.65939],[135.432688,34.659305],[135.43256,34.659271],[135.432337,34.659212],[135.432193,34.659175],[135.431966,34.659072],[135.431369,34.658741],[135.431188,34.658641],[135.431001,34.658537],[135.430339,34.658169],[135.430199,34.65809],[135.429507,34.6577],[135.429242,34.657551],[135.428919,34.657341],[135.428494,34.657066],[135.427541,34.656481],[135.426241,34.655707],[135.4257456,34.6553755],[135.4224411,34.6500447],[135.4222051,34.6489856],[135.4243714,34.6483918],[135.4264742,34.6478799],[135.4351002,34.645691],[135.4402071,34.6435549],[135.4422671,34.6425486]]]}},{"type":"Feature","properties":{"name":"西区","name:en":"Nishi Ward"},"geometry":{"type":"Polygon","coordinates":[[[135.496525,34.692757],[135.496193,34.692741],[135.4961558,34.6927383],[135.496133,34.692735],[135.496062,34.6927258],[135.495767,34.692694],[135.495417,34.692604],[135.495232,34.692556],[135.495094,34.692528],[135.494956,34.6925],[135.494868,34.692482],[135.494821,34.692473],[135.494474,34.692366],[135.494344,34.692288],[135.494314,34.692261],[135.493831,34.691829],[135.493306,34.691371],[135.493264,34.691335],[135.4928612,34.6909962],[135.492621,34.690792],[135.491567,34.690065],[135.4907036,34.6895735],[135.490456,34.689434],[135.490061,34.68921],[135.488415,34.68836],[135.488363,34.688333],[135.487386,34.6878014],[135.4871402,34.6876704],[135.486738,34.687456],[135.486062,34.687091],[135.485922,34.687015],[135.485124,34.686565],[135.484575,34.686225],[135.483961,34.685831],[135.4830341,34.6851436],[135.48263,34.684966],[135.482574,34.684941],[135.482567,34.684939],[135.4825365,34.6849304],[135.482516,34.6849246],[135.4823858,34.6848878],[135.482103,34.684805],[135.481931,34.684756],[135.481339,34.684636],[135.481192,34.684646],[135.481085,34.684499],[135.480717,34.684079],[135.480313,34.683661],[135.479771,34.683202],[135.479446,34.683017],[135.478659,34.682719],[135.4782898,34.6825934],[135.4760964,34.6818565],[135.475756,34.6817421],[135.472425,34.680637],[135.472165,34.680613],[135.472057,34.68061],[135.471768,34.680601],[135.471429,34.680547],[135.470858,34.680381],[135.4675186,34.6793158],[135.4672101,34.6792174],[135.4624822,34.6776662],[135.4619873,34.6775036],[135.4624933,34.6764372],[135.4625977,34.6763422],[135.4637271,34.6753145],[135.4682984,34.6717609],[135.4718879,34.6688959],[135.4738337,34.6674526],[135.4743648,34.666954],[135.4745228,34.6667979],[135.474882,34.666862],[135.475367,34.666944],[135.4756509,34.6670083],[135.475814,34.667047],[135.475821,34.667049],[135.476089,34.667111],[135.47647,34.667163],[135.476862,34.667217],[135.477272,34.667287],[135.47816,34.66749],[135.478287,34.667515],[135.478815,34.667622],[135.479103,34.66767],[135.479337,34.667732],[135.479462,34.667767],[135.4796011,34.6678049],[135.4802154,34.6679676],[135.480265,34.667974],[135.480402,34.668057],[135.480537,34.668137],[135.480931,34.668489],[135.481031,34.668646],[135.481082,34.668727],[135.481392,34.6689],[135.481738,34.669093],[135.481795,34.669114],[135.481951,34.669172],[135.482555,34.669284],[135.482951,34.669357],[135.48351,34.66945],[135.484736,34.669683],[135.486057,34.669923],[135.486169,34.669952],[135.486301,34.669986],[135.486482,34.67001],[135.4865511,34.670013],[135.486637,34.670014],[135.486841,34.669997],[135.48703,34.669974],[135.487429,34.669923],[135.488264,34.669819],[135.488509,34.669789],[135.4900658,34.6696498],[135.492129,34.669463],[135.492332,34.669446],[135.492732,34.66941],[135.492876,34.669397],[135.493004,34.669379],[135.493474,34.66931],[135.4947613,34.6691689],[135.494973,34.669146],[135.495986,34.669019],[135.496474,34.66899],[135.496513,34.668987],[135.496732,34.668974],[135.496733,34.669009],[135.496738,34.669188],[135.496741,34.669257],[135.496743,34.669316],[135.4967349,34.6694623],[135.4967804,34.6699131],[135.4968417,34.670254],[135.4969315,34.6708041],[135.4970709,34.6720103],[135.4971129,34.6724598],[135.4971628,34.6729594],[135.4971718,34.6730324],[135.4972075,34.6734634],[135.4973658,34.6750028],[135.4973948,34.6754904],[135.4974641,34.6767054],[135.4974932,34.6772644],[135.4975444,34.6780254],[135.4975821,34.6787748],[135.4976014,34.6792159],[135.4976225,34.6798366],[135.4976773,34.6805426],[135.4978631,34.6813737],[135.4979952,34.6816751],[135.4980036,34.6819843],[135.4980163,34.6822235],[135.4980022,34.6827836],[135.4980062,34.6829783],[135.4980102,34.6831443],[135.4980132,34.6832803],[135.4980026,34.6837688],[135.4979959,34.6852856],[135.4979945,34.6854395],[135.49799,34.6857377],[135.4979687,34.6860985],[135.4979786,34.6866284],[135.4979724,34.6869494],[135.497951,34.6871756],[135.4978264,34.6881482],[135.4977894,34.6887165],[135.4977731,34.688953],[135.4977611,34.6891508],[135.4975783,34.6907418],[135.4974974,34.691505],[135.4974402,34.6923846],[135.497431,34.692499],[135.497449,34.692667],[135.497471,34.692866],[135.497191,34.692827],[135.497119,34.692804],[135.4967814,34.6927716],[135.496525,34.692757]]]}},{"type":"Feature","properties":{"name":"旭区","name:en":"Asahi Ward"},"geometry":{"type":"Polygon","coordinates":[[[135.5667046,34.7190217],[135.5666406,34.7190947],[135.566558,34.7191564],[135.5665155,34.7191946],[135.5664384,34.7192639],[135.5663785,34.7193187],[135.5663036,34.7193872],[135.566133,34.7195529],[135.5661036,34.7195802],[135.5660636,34.7196244],[135.5660147,34.7196808],[135.5659524,34.719752],[135.5659305,34.719777],[135.5658789,34.7198727],[135.5658267,34.7200177],[135.5657795,34.7202067],[135.5657263,34.7204731],[135.5656996,34.7208412],[135.5655988,34.7211472],[135.565505,34.7214344],[135.5654474,34.7215612],[135.5653998,34.7216608],[135.5655826,34.7217221],[135.5655682,34.721758],[135.5655059,34.7218315],[135.5654812,34.7218661],[135.5654327,34.7219384],[135.5653889,34.722067],[135.5653238,34.7223275],[135.5652812,34.7225401],[135.5651592,34.7225241],[135.5651889,34.722694],[135.5651994,34.7228161],[135.5652085,34.7228886],[135.5651613,34.7229247],[135.5650827,34.7230304],[135.5650008,34.7230725],[135.5648458,34.7230975],[135.5647726,34.7232196],[135.5646129,34.7236209],[135.564325,34.7239381],[135.5640594,34.7241957],[135.5639634,34.7242777],[135.5639244,34.7243107],[135.5638904,34.7243407],[135.5638044,34.7244137],[135.5637744,34.7244397],[135.5637464,34.7244637],[135.563531,34.7246309],[135.563264,34.7247619],[135.5631898,34.7247893],[135.5631096,34.7248269],[135.5630729,34.7248471],[135.5629379,34.7248663],[135.5625839,34.7249073],[135.5624029,34.7249323],[135.5623649,34.7249383],[135.5623269,34.7249433],[135.5621756,34.7249601],[135.5616996,34.7250131],[135.5616566,34.7250181],[135.5616186,34.7250221],[135.5615406,34.7250311],[135.5612862,34.725059],[135.5608802,34.7251094],[135.5607225,34.7251299],[135.5606473,34.7252553],[135.5605776,34.7254708],[135.5605276,34.7255521],[135.5602776,34.7256315],[135.5599951,34.7259226],[135.5599681,34.7259536],[135.5598777,34.7260382],[135.5598499,34.7260447],[135.5595928,34.7259171],[135.5591856,34.7256807],[135.5591117,34.7256495],[135.5587297,34.7256375],[135.5586877,34.7256365],[135.5586719,34.7256323],[135.5583599,34.7256215],[135.5582271,34.7255912],[135.5577765,34.7254982],[135.557243,34.725338],[135.5568945,34.7252492],[135.5568415,34.7252322],[135.5568016,34.7252194],[135.5566768,34.7251817],[135.5564211,34.7251055],[135.5561264,34.7249949],[135.5558369,34.7249174],[135.5553044,34.7247645],[135.5550729,34.7247213],[135.5550049,34.724713],[135.5549608,34.7250109],[135.5549156,34.7252541],[135.5548083,34.7256544],[135.5547359,34.7260465],[135.5547309,34.7260745],[135.5547045,34.7261893],[135.5547223,34.7263149],[135.5547213,34.7263429],[135.5547203,34.7263789],[135.5547388,34.7265829],[135.5547298,34.7266869],[135.5547278,34.7267209],[135.5547383,34.7267829],[135.5547551,34.7269364],[135.5547511,34.7270137],[135.5547444,34.727138],[135.554724,34.7273685],[135.5547126,34.7275701],[135.5546983,34.7277951],[135.5546591,34.7281022],[135.5546592,34.7283905],[135.5546645,34.7285394],[135.554687,34.7287623],[135.5546736,34.7291542],[135.5546826,34.7294399],[135.5546876,34.7295968],[135.5546828,34.7299746],[135.554665,34.730171],[135.5546373,34.7304412],[135.5545977,34.7304926],[135.5545089,34.7306577],[135.5544778,34.730835],[135.5543131,34.73099],[135.5544062,34.7310532],[135.5543739,34.7311335],[135.5545241,34.7312197],[135.5542184,34.7316122],[135.5541732,34.7316694],[135.5541363,34.7317162],[135.5540589,34.7318142],[135.5540363,34.7318429],[135.553989,34.7319027],[135.5539206,34.7319893],[135.5538948,34.7320221],[135.553855,34.7320725],[135.5538275,34.7321073],[135.553791,34.7321535],[135.5537034,34.7322646],[135.5536695,34.7323075],[135.5536326,34.7323542],[135.5535665,34.7324834],[135.553629,34.732566],[135.553579,34.732702],[135.5535525,34.7328045],[135.5535401,34.7328279],[135.5536415,34.7328835],[135.5534359,34.7331611],[135.5539727,34.7334689],[135.5541038,34.7335394],[135.554383,34.733649],[135.554528,34.733752],[135.554647,34.733836],[135.554824,34.73396],[135.55493,34.734018],[135.555084,34.734103],[135.555266,34.734203],[135.555682,34.734432],[135.555815,34.734505],[135.555982,34.734597],[135.55603,34.734624],[135.556178,34.734705],[135.556334,34.7348158],[135.5564799,34.7346872],[135.5570981,34.7351429],[135.557337,34.7352916],[135.5577551,34.7356092],[135.5578512,34.7356974],[135.5579432,34.7357843],[135.558268,34.735931],[135.558559,34.736059],[135.558778,34.736155],[135.559566,34.736513],[135.560286,34.736834],[135.560399,34.736933],[135.56044,34.736968],[135.560495,34.737016],[135.560553,34.737067],[135.560574,34.737113],[135.560642,34.737262],[135.560705,34.737401],[135.560733,34.73749],[135.560758,34.73757],[135.560865,34.737909],[135.560936,34.738134],[135.560942,34.738168],[135.560994,34.738474],[135.561004,34.738585],[135.561009,34.738652],[135.561014,34.738706],[135.56102,34.738776],[135.561037,34.738969],[135.561066,34.739661],[135.561026,34.740001],[135.561001,34.74021],[135.560943,34.740371],[135.56085,34.740505],[135.560753,34.740645],[135.560438,34.741165],[135.560262,34.741456],[135.56017,34.741612],[135.560116,34.741705],[135.560085,34.741758],[135.559973,34.741951],[135.559869,34.74205],[135.559862,34.742057],[135.559836,34.742082],[135.559677,34.742344],[135.559645,34.742378],[135.559557,34.74247],[135.559438,34.742595],[135.5593682,34.7426752],[135.55919,34.74288],[135.559029,34.743065],[135.558889,34.743225],[135.558882,34.743233],[135.5587349,34.743465],[135.55865,34.7435622],[135.5585575,34.7436746],[135.5584379,34.7437426],[135.558376,34.743814],[135.558022,34.744211],[135.557785,34.744477],[135.557754,34.744511],[135.557306,34.745003],[135.557249,34.745066],[135.556592,34.745842],[135.556435,34.746081],[135.556312,34.745705],[135.556067,34.744985],[135.555997,34.744759],[135.55562,34.743553],[135.554953,34.741178],[135.5548453,34.740754],[135.554677,34.740117],[135.554306,34.739419],[135.554272,34.739355],[135.5540692,34.739082],[135.553694,34.738673],[135.553054,34.73801],[135.551747,34.736918],[135.551385,34.736714],[135.551313,34.7366724],[135.551045,34.736522],[135.55031,34.736107],[135.5489824,34.7355173],[135.547598,34.734971],[135.547418,34.734905],[135.546747,34.73469],[135.5445035,34.7341202],[135.543657,34.733956],[135.543272,34.733876],[135.542745,34.733766],[135.541319,34.73349],[135.5395469,34.7332393],[135.538163,34.7330663],[135.5369426,34.7329214],[135.5354813,34.7328373],[135.5346249,34.7327973],[135.533182,34.732729],[135.532438,34.732741],[135.5304682,34.7331196],[135.529975,34.733213],[135.528718,34.733374],[135.528181,34.733411],[135.527141,34.733477],[135.526426,34.733489],[135.525537,34.7333682],[135.5259662,34.7325811],[135.5260471,34.7324253],[135.5263404,34.7318626],[135.5267622,34.7310602],[135.5269238,34.7307689],[135.5270237,34.7305649],[135.5270932,34.7304349],[135.5271893,34.7302365],[135.5273693,34.7299118],[135.5274198,34.7298103],[135.5274439,34.7297539],[135.5275518,34.7295488],[135.5276593,34.7293567],[135.5279623,34.7288272],[135.5280264,34.7286927],[135.5281236,34.728514],[135.5282403,34.7282967],[135.5283295,34.7281319],[135.5283986,34.7280105],[135.5284735,34.7278631],[135.5287312,34.7273927],[135.5289078,34.7270653],[135.5289749,34.7269266],[135.5290338,34.7268103],[135.5290962,34.7266824],[135.5291557,34.7265646],[135.5292205,34.7263941],[135.5293826,34.7260739],[135.5294387,34.7259621],[135.5295059,34.7258371],[135.5295845,34.7256849],[135.5297213,34.7254232],[135.5299179,34.7250835],[135.5300028,34.7249304],[135.530086,34.7247901],[135.5301419,34.7246903],[135.5302184,34.724552],[135.5302754,34.7244433],[135.5303131,34.7243611],[135.530437,34.7241192],[135.5304981,34.7240045],[135.5305401,34.7239358],[135.530639,34.7237621],[135.5306978,34.7236584],[135.5308124,34.7234435],[135.530993,34.7231101],[135.5310855,34.7229545],[135.5312889,34.7226606],[135.5313603,34.7225555],[135.5314435,34.7224449],[135.5315434,34.7223256],[135.5317733,34.7220636],[135.5318326,34.7219928],[135.5318812,34.7219318],[135.5319347,34.7218692],[135.5320822,34.7216929],[135.5321466,34.7216184],[135.5322621,34.7214871],[135.5324911,34.7212228],[135.5325385,34.7211662],[135.532634,34.721054],[135.5328124,34.720829],[135.5328847,34.7207398],[135.5329406,34.7206644],[135.5330277,34.72055],[135.5332139,34.7203249],[135.5332749,34.7202337],[135.5335018,34.7199776],[135.5335492,34.7199121],[135.5335886,34.719864],[135.5339866,34.719369],[135.5340587,34.719283],[135.5341482,34.7191739],[135.5342219,34.7190816],[135.5342584,34.7190343],[135.5343392,34.7189412],[135.5343779,34.7189011],[135.5344494,34.7188209],[135.5345275,34.7187316],[135.5346009,34.7186407],[135.5346618,34.7185745],[135.5347905,34.7184163],[135.5348679,34.7183282],[135.534921,34.7182636],[135.5351087,34.7180334],[135.5352386,34.7178849],[135.5354324,34.7176451],[135.5356542,34.7173627],[135.5357367,34.7172621],[135.5358269,34.7171433],[135.5363311,34.7164987],[135.5364597,34.7163436],[135.536518,34.7162789],[135.5366995,34.7160743],[135.5369784,34.7157655],[135.5370745,34.7156542],[135.5371564,34.7155549],[135.5372318,34.7154633],[135.5374051,34.7152663],[135.5374855,34.7151724],[135.5376234,34.7150077],[135.5377742,34.7148307],[135.5378667,34.7147181],[135.5379244,34.7146517],[135.5380284,34.7145306],[135.5381471,34.7143786],[135.5381859,34.7143315],[135.5382258,34.714285],[135.5382694,34.7142306],[135.5383065,34.714183],[135.5383438,34.7141377],[135.5384737,34.7139722],[135.5386158,34.7137999],[135.5386994,34.7136851],[135.5387851,34.7135727],[135.5389682,34.7133446],[135.5391156,34.713161],[135.5393124,34.7129094],[135.5394807,34.7126974],[135.5395775,34.7125815],[135.539641,34.712507],[135.5396937,34.7124328],[135.5397832,34.7123202],[135.5398919,34.7121918],[135.5400353,34.7120142],[135.5401817,34.7118298],[135.5403164,34.7116504],[135.5404394,34.7114957],[135.5405447,34.7113717],[135.5406017,34.7113037],[135.5409916,34.711728],[135.5410772,34.7118228],[135.5414819,34.7122518],[135.5416528,34.7124382],[135.5417787,34.7125764],[135.5420774,34.7128889],[135.5422014,34.7130194],[135.5423589,34.7131815],[135.5424752,34.7132916],[135.5425215,34.7133385],[135.5426903,34.7134953],[135.5430195,34.7137485],[135.5434625,34.7140491],[135.5437608,34.7142382],[135.5440868,34.7144035],[135.5444212,34.7145571],[135.5445711,34.7146268],[135.545095,34.714845],[135.5462209,34.7152897],[135.5465504,34.7153826],[135.5467693,34.7154362],[135.5468468,34.7154365],[135.5474203,34.7154216],[135.5481705,34.7154063],[135.5487544,34.7153852],[135.5489004,34.7153802],[135.5493202,34.7153719],[135.5500799,34.7153579],[135.5501705,34.7153564],[135.5508506,34.7153448],[135.5517792,34.7153263],[135.5525316,34.7153064],[135.553005,34.7152965],[135.5532828,34.7152907],[135.5540353,34.7152725],[135.5543308,34.7152589],[135.5543908,34.7152569],[135.5544522,34.7152548],[135.5545046,34.7152524],[135.5551814,34.7152331],[135.5559712,34.7152187],[135.5567224,34.7152048],[135.5576687,34.7151798],[135.5584364,34.7151644],[135.5597802,34.7151353],[135.5604427,34.715112],[135.5604567,34.7151099],[135.5607302,34.7151013],[135.5610901,34.7150909],[135.5615468,34.7150786],[135.5617132,34.7150899],[135.5619246,34.715095],[135.562736,34.7150766],[135.5632143,34.7151223],[135.563215,34.7152831],[135.5632063,34.7154564],[135.5632982,34.7160695],[135.5627268,34.7170269],[135.5627269,34.7173293],[135.562677,34.7175635],[135.563861,34.717319],[135.564064,34.717304],[135.564104,34.717301],[135.564272,34.717288],[135.564345,34.717285],[135.564452,34.717282],[135.564506,34.71728],[135.564623,34.717276],[135.564682,34.717274],[135.564781,34.71727],[135.564873,34.717267],[135.565428,34.717245],[135.565748,34.717222],[135.565871,34.717212],[135.566114,34.717194],[135.566161,34.717204],[135.566272,34.717226],[135.5664513,34.7172612],[135.566603,34.717291],[135.566732,34.717317],[135.566804,34.717331],[135.5671319,34.7172525],[135.5672647,34.7173103],[135.5675361,34.7174736],[135.5675817,34.7175015],[135.5676206,34.7175476],[135.5675266,34.7177922],[135.5673723,34.7181684],[135.5672174,34.7183034],[135.56708,34.7185772],[135.566905,34.7187837],[135.5667758,34.7189523],[135.5667046,34.7190217]]]}},{"type":"Feature","properties":{"name":"鶴見区","name:en":"Tsurumi Ward"},"geometry":{"type":"Polygon","coordinates":[[[135.5730964,34.6885283],[135.5732185,34.6883942],[135.573472,34.6883076],[135.573541,34.688284],[135.5737526,34.6882164],[135.5740787,34.688118],[135.5742033,34.6880984],[135.5747896,34.6880041],[135.5751408,34.6879497],[135.5755361,34.6879702],[135.5757341,34.6879888],[135.5759907,34.6880243],[135.5761922,34.6880454],[135.5767543,34.6881852],[135.577054,34.6883757],[135.5773945,34.688524],[135.5774971,34.6886383],[135.5776654,34.6887942],[135.5779369,34.6889567],[135.5782162,34.6891039],[135.5783487,34.6891826],[135.5783905,34.6892075],[135.5786295,34.6893496],[135.5789727,34.6895811],[135.5792095,34.6897374],[135.5793123,34.6898207],[135.5794159,34.6899173],[135.579548,34.6900616],[135.5796918,34.690253],[135.5797118,34.690285],[135.579876,34.6904531],[135.5800007,34.6906134],[135.5802505,34.6910069],[135.5805369,34.6914595],[135.5805906,34.6917057],[135.5807662,34.6921769],[135.5810231,34.6927494],[135.5811228,34.692952],[135.5813654,34.6932881],[135.5814334,34.6934532],[135.5815519,34.6936926],[135.5819113,34.6944649],[135.5821733,34.6950811],[135.5824641,34.6957694],[135.5827444,34.6963761],[135.582675,34.696413],[135.582464,34.69653],[135.582391,34.69657],[135.582258,34.696643],[135.582219,34.696664],[135.582176,34.696688],[135.581962,34.696806],[135.582063,34.69686],[135.582107,34.696884],[135.582117,34.696889],[135.582157,34.696911],[135.582475,34.697081],[135.582622,34.69718],[135.582792,34.697295],[135.582821,34.697344],[135.582824,34.697351],[135.58293,34.697534],[135.583306,34.697814],[135.583328,34.697831],[135.583616,34.698048],[135.583883,34.698249],[135.5843746,34.6984947],[135.584461,34.698536],[135.584837,34.698619],[135.584988,34.698604],[135.585205,34.698581],[135.585566,34.698503],[135.585675,34.698488],[135.586122,34.698426],[135.58613,34.698426],[135.586541,34.698462],[135.586996,34.698622],[135.587146,34.698739],[135.587272,34.698838],[135.587408,34.698945],[135.587871,34.699422],[135.587891,34.699443],[135.587937,34.69949],[135.587986,34.699541],[135.588347,34.699804],[135.588528,34.699897],[135.588705,34.699989],[135.589004,34.700144],[135.589096,34.700175],[135.589596,34.700346],[135.589704,34.700382],[135.590232,34.700561],[135.590223,34.700681],[135.590218,34.700758],[135.590107,34.701179],[135.590008,34.701557],[135.590225,34.701575],[135.5902432,34.7019007],[135.5902487,34.7020553],[135.5907644,34.7021806],[135.5912253,34.702347],[135.5916003,34.7024944],[135.5919355,34.7026366],[135.5922695,34.7027979],[135.5924511,34.7030453],[135.5927419,34.7034375],[135.5931224,34.7034942],[135.5934134,34.7035412],[135.5938598,34.703612],[135.5943811,34.7036947],[135.594861,34.7037749],[135.5949867,34.7049827],[135.5946791,34.7050035],[135.594646,34.7046026],[135.5939319,34.7044966],[135.5935357,34.7048589],[135.5933857,34.7049202],[135.5930246,34.7051883],[135.5927064,34.7054549],[135.592229,34.705949],[135.5921721,34.7060023],[135.591843,34.706283],[135.591757,34.706356],[135.591692,34.706413],[135.5914742,34.7066405],[135.591212,34.7069132],[135.5910451,34.7070579],[135.5909032,34.707193],[135.5904679,34.7075628],[135.5904774,34.7075906],[135.5905864,34.7076213],[135.5906956,34.707522],[135.5906142,34.7074735],[135.5906664,34.707417],[135.5908173,34.7075056],[135.5910062,34.7072804],[135.5910843,34.7072865],[135.5911921,34.7072408],[135.5915642,34.7072087],[135.5917529,34.7071881],[135.5918329,34.7071871],[135.5921863,34.7071455],[135.5922336,34.7071455],[135.5924576,34.7071027],[135.5925477,34.7070456],[135.5928406,34.7070257],[135.5931206,34.7070303],[135.5931865,34.7070286],[135.593277,34.7070262],[135.5935053,34.7070202],[135.5936079,34.7070175],[135.5938815,34.7070102],[135.5940064,34.7070069],[135.5942432,34.7070042],[135.5948941,34.706935],[135.5954733,34.7069021],[135.5957672,34.7068867],[135.5964466,34.706851],[135.5966212,34.7068419],[135.5966755,34.706839],[135.5968227,34.7068206],[135.5969377,34.7068062],[135.5970605,34.7067909],[135.597118,34.707125],[135.597178,34.707364],[135.597508,34.708682],[135.5978603,34.7098842],[135.598301,34.71132],[135.598732,34.712708],[135.5991702,34.7143623],[135.5990173,34.7143858],[135.5987949,34.7144286],[135.5985596,34.7144151],[135.5982957,34.7144338],[135.5980827,34.7143982],[135.5978944,34.7143749],[135.5975072,34.7143104],[135.5973286,34.7142449],[135.5970605,34.7141605],[135.5964382,34.7140814],[135.5955901,34.7139224],[135.5952938,34.7138382],[135.5950444,34.7137886],[135.5947451,34.7137264],[135.5944486,34.7137864],[135.5943879,34.7135943],[135.5940431,34.7135969],[135.5938315,34.7135637],[135.5935769,34.7134998],[135.5933089,34.7134908],[135.5930804,34.7135302],[135.5927668,34.7135617],[135.5925655,34.7135919],[135.5922813,34.7136481],[135.5921011,34.7137026],[135.5919128,34.7137399],[135.5916943,34.7137344],[135.5914765,34.7137064],[135.5913611,34.7137599],[135.590742,34.713546],[135.590496,34.713589],[135.59046,34.713595],[135.590313,34.713621],[135.5900903,34.7136578],[135.589849,34.713701],[135.5893522,34.7135969],[135.5887157,34.7132847],[135.5883784,34.7130454],[135.5880901,34.7127154],[135.5878308,34.7123705],[135.587667,34.711858],[135.587566,34.711416],[135.587508,34.711172],[135.587494,34.710987],[135.587407,34.710772],[135.587292,34.710754],[135.586981,34.710904],[135.586875,34.710974],[135.5867126,34.7110897],[135.58663,34.711136],[135.586347,34.711323],[135.586107,34.711482],[135.585948,34.711625],[135.585746,34.711774],[135.58571,34.711894],[135.585753,34.712043],[135.585877,34.712267],[135.586,34.712619],[135.58639,34.713227],[135.5866293,34.7139176],[135.5867545,34.7141174],[135.5867176,34.7146481],[135.5867039,34.7148641],[135.5867194,34.7150534],[135.586814,34.715306],[135.5868202,34.7157142],[135.5868621,34.7158527],[135.5869709,34.7160749],[135.5870796,34.7162275],[135.5871292,34.7163615],[135.5871216,34.7166024],[135.5870883,34.7168499],[135.5870011,34.7168488],[135.5870525,34.7171846],[135.5869921,34.7171937],[135.5871161,34.7181564],[135.5869816,34.7181734],[135.5870827,34.718587],[135.587045,34.7200718],[135.5870338,34.720512],[135.5862211,34.7219149],[135.5852939,34.7218326],[135.5849946,34.7218232],[135.5847745,34.7218481],[135.5845983,34.7219363],[135.5840418,34.72232],[135.583938,34.7224851],[135.5837838,34.7225351],[135.5836171,34.7225873],[135.5834657,34.7227464],[135.5832594,34.7227661],[135.5831638,34.7227724],[135.5831922,34.7228713],[135.5830197,34.7231769],[135.5828915,34.7231989],[135.5828309,34.7229009],[135.5825688,34.7229009],[135.5825637,34.7231182],[135.5825594,34.7233548],[135.5823924,34.7233502],[135.582397,34.722711],[135.5823989,34.7222541],[135.5824068,34.7218512],[135.5823125,34.7218321],[135.5823053,34.7217385],[135.5822674,34.721404],[135.5822159,34.7210118],[135.5833433,34.7209889],[135.5834932,34.7208587],[135.5834693,34.7204408],[135.5833918,34.7200707],[135.5825978,34.7201406],[135.5825992,34.7200122],[135.5829538,34.7199837],[135.5829283,34.7196712],[135.5825294,34.7197106],[135.5825343,34.72015],[135.5824951,34.720235],[135.5822862,34.720222],[135.5822958,34.7200132],[135.5824109,34.7200158],[135.5824143,34.7198954],[135.5822974,34.7198937],[135.582312,34.7191012],[135.5820473,34.7190945],[135.58205,34.7184315],[135.582254,34.7184445],[135.5822656,34.7189476],[135.5823923,34.7191018],[135.5824536,34.7191025],[135.5824473,34.7194206],[135.5833212,34.7193749],[135.5833029,34.7192402],[135.5827694,34.7192372],[135.5826905,34.7190145],[135.5825323,34.7184495],[135.5828433,34.7182773],[135.5831669,34.718211],[135.583306,34.7182805],[135.583518,34.7187308],[135.5836778,34.7186749],[135.583538,34.7183706],[135.5830938,34.7181458],[135.5829709,34.7179037],[135.5826927,34.7174582],[135.5829155,34.717304],[135.5828644,34.717123],[135.5824762,34.7171568],[135.5824737,34.7169531],[135.5822362,34.7169743],[135.582241,34.7170538],[135.5818913,34.7170813],[135.5814839,34.7171572],[135.580948,34.717257],[135.580696,34.717275],[135.575052,34.717406],[135.5776234,34.7127633],[135.574817,34.712948],[135.5746951,34.7120712],[135.574542,34.710968],[135.574546,34.710546],[135.574424,34.709711],[135.574431,34.709353],[135.574294,34.708929],[135.5720166,34.7087864],[135.570493,34.7088],[135.570182,34.70889],[135.569901,34.708902],[135.56999,34.71026],[135.569477,34.710308],[135.5694918,34.7105945],[135.569521,34.711161],[135.569441,34.711262],[135.569015,34.711399],[135.568936,34.711525],[135.568929,34.711799],[135.569037,34.712079],[135.569254,34.712378],[135.569412,34.712515],[135.569391,34.712634],[135.569152,34.713425],[135.568978,34.713962],[135.568815,34.71478],[135.568678,34.715275],[135.568235,34.716395],[135.568194,34.716497],[135.5677165,34.7173253],[135.5676754,34.7174223],[135.5676206,34.7175476],[135.5675817,34.7175015],[135.5675361,34.7174736],[135.5672647,34.7173103],[135.5671319,34.7172525],[135.566804,34.717331],[135.566732,34.717317],[135.566603,34.717291],[135.5664513,34.7172612],[135.566272,34.717226],[135.566161,34.717204],[135.566114,34.717194],[135.565871,34.717212],[135.565748,34.717222],[135.565428,34.717245],[135.564873,34.717267],[135.564781,34.71727],[135.564682,34.717274],[135.564623,34.717276],[135.564506,34.71728],[135.564452,34.717282],[135.564345,34.717285],[135.564272,34.717288],[135.564104,34.717301],[135.564064,34.717304],[135.563861,34.717319],[135.562677,34.7175635],[135.5627269,34.7173293],[135.5627268,34.7170269],[135.5632982,34.7160695],[135.5632063,34.7154564],[135.563215,34.7152831],[135.5632143,34.7151223],[135.562736,34.7150766],[135.5619246,34.715095],[135.5617132,34.7150899],[135.5615468,34.7150786],[135.5610901,34.7150909],[135.5607302,34.7151013],[135.5604567,34.7151099],[135.5604465,34.7147846],[135.5604424,34.7146834],[135.5604107,34.7132631],[135.5603846,34.7126302],[135.5603648,34.7117888],[135.5603433,34.7111999],[135.5603269,34.7107215],[135.5602676,34.7089903],[135.5602363,34.7080556],[135.5602137,34.7073815],[135.5601932,34.7067401],[135.5601759,34.7061993],[135.5601482,34.7052342],[135.5601378,34.7046896],[135.56009,34.7042843],[135.5600598,34.7033625],[135.5600258,34.70236],[135.56002,34.701944],[135.5599931,34.7011613],[135.5599516,34.7001226],[135.5599424,34.6999278],[135.5599322,34.6996986],[135.5598695,34.6988315],[135.5597839,34.697296],[135.5597041,34.6959408],[135.5595226,34.6930077],[135.5594617,34.6919728],[135.5594341,34.6917796],[135.5593707,34.6913291],[135.5593435,34.6912451],[135.5592918,34.6907603],[135.559296,34.6907598],[135.5592593,34.6906241],[135.5590563,34.688622],[135.5591224,34.6886107],[135.5591195,34.6885801],[135.5590314,34.6876333],[135.5590319,34.6876153],[135.5605835,34.6873943],[135.561279,34.6872817],[135.5634406,34.6870247],[135.5637068,34.6869993],[135.5638707,34.6870011],[135.5640508,34.6870231],[135.564202,34.6870852],[135.5643609,34.6871819],[135.564513,34.687285],[135.564574,34.687341],[135.5646337,34.6873776],[135.5647937,34.6875175],[135.5649791,34.6876544],[135.5650132,34.6876755],[135.5650815,34.6877048],[135.5651946,34.6877344],[135.5653197,34.68775],[135.5653857,34.6877492],[135.565638,34.687752],[135.5668428,34.6877394],[135.567517,34.687729],[135.568275,34.687726],[135.568832,34.687723],[135.569468,34.687705],[135.5696668,34.6876532],[135.569908,34.687705],[135.5702919,34.6877836],[135.5702907,34.6878942],[135.5702871,34.6882004],[135.5703474,34.6882273],[135.5704856,34.6882104],[135.5706109,34.688195],[135.5707324,34.6881801],[135.5709321,34.6881556],[135.5710069,34.6881464],[135.5712735,34.6881137],[135.5713995,34.6880637],[135.5715766,34.6880189],[135.57186,34.687922],[135.572687,34.687807],[135.572949,34.68777],[135.573167,34.68774],[135.5732986,34.6877191],[135.5736659,34.6876737],[135.5736631,34.6877849],[135.5735684,34.6879497],[135.5731202,34.6879968],[135.5731269,34.6881825],[135.57282,34.6883728],[135.572781,34.6883998],[135.572739,34.6884288],[135.5726621,34.6884782],[135.5725952,34.6885448],[135.572651,34.6885441],[135.5727698,34.6885377],[135.5730964,34.6885283]]]}},{"type":"Feature","properties":{"name":"城東区","name:en":"Joto Ward"},"geometry":{"type":"Polygon","coordinates":[[[135.5420774,34.7128889],[135.5417787,34.7125764],[135.5416528,34.7124382],[135.5414819,34.7122518],[135.5410772,34.7118228],[135.5409916,34.711728],[135.5406017,34.7113037],[135.5404615,34.7111519],[135.5403877,34.7110711],[135.5402903,34.7109592],[135.5401578,34.7108223],[135.539994,34.7106445],[135.5397657,34.710404],[135.5394626,34.7100772],[135.5392077,34.7098411],[135.5390677,34.7097007],[135.53864,34.7093227],[135.5383108,34.709013],[135.537926,34.7086641],[135.5377581,34.7085202],[135.5376944,34.7084534],[135.5376234,34.708404],[135.5372221,34.7083994],[135.5359324,34.7084625],[135.5359804,34.7083587],[135.5360401,34.7080631],[135.5361344,34.7079643],[135.5361461,34.7073814],[135.5361106,34.7070091],[135.5360475,34.7065113],[135.536041,34.7063192],[135.5360546,34.7061441],[135.5360815,34.7060435],[135.5364662,34.7057754],[135.5364909,34.7057378],[135.536499,34.7057015],[135.5365141,34.7056792],[135.5365194,34.7055569],[135.5364945,34.7050027],[135.5364977,34.7049271],[135.5365084,34.7048043],[135.53648,34.7046167],[135.536443,34.7044324],[135.5363967,34.7042824],[135.5363713,34.7040338],[135.5364045,34.7039027],[135.5364271,34.7038478],[135.5364946,34.7037286],[135.5365268,34.7036648],[135.5365718,34.7035891],[135.5366287,34.7034885],[135.5366517,34.7034447],[135.5367091,34.7033358],[135.5367884,34.7032089],[135.5368564,34.7030469],[135.5369015,34.7028256],[135.5369414,34.7025799],[135.5369397,34.7025059],[135.536932,34.7024745],[135.5369268,34.7023954],[135.5369026,34.7022083],[135.5368841,34.7020375],[135.5368378,34.7016462],[135.5367867,34.7012087],[135.5367442,34.7009052],[135.5367088,34.7007115],[135.5365529,34.7001259],[135.5365237,34.6999836],[135.5364922,34.6998732],[135.5363987,34.6995119],[135.536367,34.6993835],[135.5363083,34.6991288],[135.536282,34.6990197],[135.53615,34.6984787],[135.5360709,34.69818],[135.5357323,34.6971986],[135.5356934,34.6970637],[135.5356764,34.6970078],[135.5356588,34.6969762],[135.5348866,34.6969664],[135.5346575,34.6969565],[135.5344479,34.6969464],[135.5343019,34.6969269],[135.5341235,34.6968926],[135.5343774,34.6963027],[135.5345389,34.6959221],[135.5345721,34.695852],[135.5346205,34.6957227],[135.5347659,34.6953865],[135.534676,34.6953569],[135.5347362,34.6952028],[135.5348372,34.6949518],[135.5349487,34.6946839],[135.5350715,34.6943802],[135.5351855,34.6941367],[135.5352571,34.6939517],[135.5353491,34.6936716],[135.5354618,34.6933148],[135.5354785,34.6931732],[135.5355045,34.6928868],[135.5355055,34.6925892],[135.5354926,34.6924442],[135.5354761,34.6923129],[135.5354497,34.6921618],[135.5354125,34.6919858],[135.5353617,34.691792],[135.5352922,34.6915365],[135.5352339,34.6913124],[135.5349041,34.6901349],[135.5348453,34.6899173],[135.5347982,34.6897507],[135.5347523,34.6895668],[135.5346162,34.6890295],[135.5345691,34.6888294],[135.5344991,34.6882656],[135.5344907,34.6881031],[135.5344293,34.6875306],[135.5343556,34.6867073],[135.5342523,34.6855922],[135.5340726,34.6834116],[135.5340577,34.6832443],[135.5340058,34.6826586],[135.5339846,34.6824439],[135.5339615,34.6821766],[135.5339544,34.6820794],[135.5339468,34.6820147],[135.5339356,34.6818906],[135.5339343,34.6818025],[135.5339368,34.6815588],[135.5350983,34.6815367],[135.5355163,34.6815313],[135.5356206,34.6815293],[135.535681,34.6815283],[135.5360003,34.6815246],[135.5361166,34.6815211],[135.5364907,34.6815162],[135.536575,34.6815141],[135.5366365,34.6815131],[135.537504,34.6815003],[135.5376269,34.6814974],[135.5378864,34.681492],[135.5380873,34.681492],[135.5381979,34.6814906],[135.5383035,34.6814876],[135.5383535,34.6814891],[135.5384009,34.6814891],[135.5385789,34.6814837],[135.5392955,34.6814748],[135.5393731,34.6814805],[135.5396208,34.6814705],[135.5396932,34.681466],[135.5398855,34.6814482],[135.5399804,34.6814411],[135.5401034,34.6814274],[135.5404593,34.6813763],[135.5404368,34.6814379],[135.54041,34.6814996],[135.5402142,34.6818679],[135.5401876,34.6819244],[135.5401337,34.6820759],[135.5401174,34.6821752],[135.5401184,34.6825411],[135.5401212,34.6832316],[135.5401246,34.6836697],[135.5403383,34.6834622],[135.5404374,34.6833663],[135.5405402,34.6832659],[135.5405796,34.6832255],[135.5406692,34.6831364],[135.5409033,34.6829133],[135.5410745,34.6827481],[135.5414941,34.6823406],[135.5415331,34.6823045],[135.5415702,34.6822882],[135.5416386,34.6822798],[135.5447155,34.6818828],[135.5449058,34.6818533],[135.545341,34.6817893],[135.5458833,34.681712],[135.5461209,34.6816857],[135.546337,34.6816774],[135.546465,34.6816616],[135.5474052,34.6815141],[135.5478591,34.6814506],[135.5478987,34.6814478],[135.5492994,34.6812772],[135.549598,34.6812553],[135.5499864,34.6812562],[135.5500399,34.6812479],[135.5502084,34.6812056],[135.5504432,34.681181],[135.5504899,34.6811769],[135.5505199,34.6811726],[135.5508417,34.6810736],[135.5511624,34.6809711],[135.5519739,34.6808687],[135.552259,34.6808516],[135.5527248,34.6808348],[135.5529095,34.6808255],[135.5531007,34.680815],[135.5535823,34.680768],[135.5537508,34.6807455],[135.5538515,34.6807292],[135.5541095,34.6807142],[135.5541469,34.6807107],[135.5542052,34.6806988],[135.5542616,34.6806795],[135.5549456,34.6804225],[135.5551977,34.6803171],[135.5557724,34.6800978],[135.5558029,34.6800809],[135.5561843,34.6798612],[135.5564605,34.6797224],[135.556791,34.6796289],[135.5575124,34.6794242],[135.5576737,34.6793775],[135.5579551,34.6792884],[135.5580237,34.6792868],[135.5581113,34.6792924],[135.5585577,34.6791676],[135.5587217,34.6790572],[135.5601559,34.6788388],[135.5606362,34.678751],[135.5633097,34.6783996],[135.5633243,34.678546],[135.5633256,34.6788224],[135.5633583,34.6794616],[135.5633674,34.679815],[135.5634004,34.6800643],[135.5634277,34.6802316],[135.5634819,34.6804485],[135.5635258,34.6806359],[135.5635687,34.6807845],[135.5636367,34.6810229],[135.5637377,34.6814191],[135.5637974,34.6816713],[135.5638115,34.6817947],[135.5637735,34.6819344],[135.5637278,34.6820123],[135.5636695,34.6820725],[135.5636332,34.6821481],[135.5636427,34.6822352],[135.5638123,34.6824594],[135.5640594,34.6826654],[135.5642583,34.6828944],[135.5643742,34.6830094],[135.5645087,34.6831582],[135.5645347,34.6833031],[135.5645167,34.6834581],[135.564504,34.6835122],[135.5644747,34.6835872],[135.5644014,34.6836988],[135.5644868,34.683735],[135.5644023,34.6839163],[135.5643976,34.6839226],[135.5643516,34.6840046],[135.5642895,34.6841098],[135.5641429,34.6843528],[135.56411,34.6843909],[135.5640971,34.6844591],[135.5640719,34.6845069],[135.5641,34.6846654],[135.5642078,34.6848233],[135.5643878,34.6851206],[135.564377,34.6853238],[135.5645569,34.6853293],[135.5645539,34.6854852],[135.564545,34.6856157],[135.5644975,34.6857059],[135.5645163,34.6858009],[135.5645427,34.6858443],[135.5645636,34.6858826],[135.564626,34.685936],[135.564645,34.685966],[135.5648991,34.6863144],[135.5644774,34.6865288],[135.5649693,34.6871242],[135.5650708,34.6872067],[135.5652728,34.6871639],[135.5652916,34.6872515],[135.5657718,34.6872052],[135.5658334,34.6872956],[135.5671665,34.6874125],[135.5671746,34.6874566],[135.5669278,34.6874743],[135.5653426,34.6873375],[135.5653855,34.6874478],[135.5664723,34.6875653],[135.5668428,34.6877394],[135.565638,34.687752],[135.5653857,34.6877492],[135.5653197,34.68775],[135.5651946,34.6877344],[135.5650815,34.6877048],[135.5650132,34.6876755],[135.5649791,34.6876544],[135.5647937,34.6875175],[135.5646337,34.6873776],[135.564574,34.687341],[135.564513,34.687285],[135.5643609,34.6871819],[135.564202,34.6870852],[135.5640508,34.6870231],[135.5638707,34.6870011],[135.5637068,34.6869993],[135.5634406,34.6870247],[135.561279,34.6872817],[135.5605835,34.6873943],[135.5590319,34.6876153],[135.5590314,34.6876333],[135.5591195,34.6885801],[135.5591224,34.6886107],[135.5590563,34.688622],[135.5592593,34.6906241],[135.559296,34.6907598],[135.5592918,34.6907603],[135.5593435,34.6912451],[135.5593707,34.6913291],[135.5594341,34.6917796],[135.5594617,34.6919728],[135.5595226,34.6930077],[135.5597041,34.6959408],[135.5597839,34.697296],[135.5598695,34.6988315],[135.5599322,34.6996986],[135.5599424,34.6999278],[135.5599516,34.7001226],[135.5599931,34.7011613],[135.56002,34.701944],[135.5600258,34.70236],[135.5600598,34.7033625],[135.56009,34.7042843],[135.5601378,34.7046896],[135.5601482,34.7052342],[135.5601759,34.7061993],[135.5601932,34.7067401],[135.5602137,34.7073815],[135.5602363,34.7080556],[135.5602676,34.7089903],[135.5603269,34.7107215],[135.5603433,34.7111999],[135.5603648,34.7117888],[135.5603846,34.7126302],[135.5604107,34.7132631],[135.5604424,34.7146834],[135.5604465,34.7147846],[135.5604567,34.7151099],[135.5604427,34.715112],[135.5597802,34.7151353],[135.5584364,34.7151644],[135.5576687,34.7151798],[135.5567224,34.7152048],[135.5559712,34.7152187],[135.5551814,34.7152331],[135.5545046,34.7152524],[135.5544522,34.7152548],[135.5543908,34.7152569],[135.5543308,34.7152589],[135.5540353,34.7152725],[135.5532828,34.7152907],[135.553005,34.7152965],[135.5525316,34.7153064],[135.5517792,34.7153263],[135.5508506,34.7153448],[135.5501705,34.7153564],[135.5500799,34.7153579],[135.5493202,34.7153719],[135.5489004,34.7153802],[135.5487544,34.7153852],[135.5481705,34.7154063],[135.5474203,34.7154216],[135.5468468,34.7154365],[135.5467693,34.7154362],[135.5465504,34.7153826],[135.5462209,34.7152897],[135.545095,34.714845],[135.5445711,34.7146268],[135.5444212,34.7145571],[135.5440868,34.7144035],[135.5437608,34.7142382],[135.5434625,34.7140491],[135.5430195,34.7137485],[135.5426903,34.7134953],[135.5425215,34.7133385],[135.5424752,34.7132916],[135.5423589,34.7131815],[135.5422014,34.7130194],[135.5420774,34.7128889]]]}},{"type":"Feature","properties":{"name":"東成区","name:en":"Higashinari Ward"},"geometry":{"type":"Polygon","coordinates":[[[135.5311841,34.6682541],[135.5311519,34.6681614],[135.5310975,34.6679793],[135.5309496,34.6674895],[135.5309144,34.6673755],[135.5308818,34.6672805],[135.5308579,34.6671911],[135.5307932,34.6668298],[135.5305985,34.6662531],[135.5305683,34.6661666],[135.5305284,34.6660482],[135.5304984,34.665956],[135.5303301,34.6654363],[135.5313052,34.6654357],[135.5314401,34.6654357],[135.5315045,34.6654372],[135.5315847,34.6654379],[135.5321626,34.6654513],[135.53224,34.6654533],[135.532287,34.6654545],[135.5326507,34.6654658],[135.5327601,34.6654694],[135.5328263,34.6654712],[135.5330374,34.6654796],[135.5331183,34.6654825],[135.5340453,34.6655165],[135.5342153,34.6655189],[135.5343466,34.6655245],[135.534753,34.6655351],[135.5352373,34.6655487],[135.535399,34.6655535],[135.535819,34.6655664],[135.5359604,34.6655732],[135.5364955,34.6655845],[135.5366179,34.6655866],[135.5377222,34.6656201],[135.5377829,34.6656231],[135.5378807,34.6656231],[135.538303,34.6656313],[135.5387482,34.6656238],[135.5390035,34.6656208],[135.5390831,34.6656204],[135.5391704,34.665615],[135.5392909,34.6656119],[135.5393835,34.6656056],[135.5394591,34.6656022],[135.5395292,34.6655968],[135.5397235,34.665585],[135.5398809,34.6655757],[135.540334,34.6655437],[135.5404633,34.6655354],[135.5406096,34.6655255],[135.5408745,34.6655039],[135.5411051,34.6654852],[135.5412519,34.6654734],[135.54137,34.665464],[135.5414848,34.6654557],[135.541555,34.6654512],[135.5415683,34.6654888],[135.5423331,34.6654306],[135.5424769,34.6654197],[135.5426199,34.6654093],[135.5430202,34.6653804],[135.5430959,34.6653749],[135.5431601,34.6653703],[135.54408,34.6653038],[135.54412,34.6653009],[135.544156,34.6652983],[135.544717,34.6652577],[135.5447611,34.6652545],[135.5447961,34.665252],[135.5452932,34.665216],[135.5454344,34.6652058],[135.5454774,34.6652027],[135.5455195,34.6651997],[135.5459429,34.6651691],[135.5461929,34.665151],[135.5462311,34.6651482],[135.5462846,34.6651444],[135.5462987,34.6651433],[135.5467673,34.6651094],[135.5469945,34.665093],[135.5472446,34.6650749],[135.5472578,34.665074],[135.5483617,34.6649942],[135.549111,34.6649272],[135.5501341,34.6648625],[135.5501354,34.6648193],[135.5508498,34.6647671],[135.550955,34.6647597],[135.551016,34.6647555],[135.551108,34.664749],[135.551251,34.6647389],[135.5513291,34.6647334],[135.5514611,34.6647241],[135.5515221,34.6647199],[135.5518944,34.6646937],[135.5520675,34.6646815],[135.5523917,34.6646587],[135.552731,34.6646348],[135.5529032,34.6646227],[135.5529776,34.6646175],[135.5530582,34.6646118],[135.5531407,34.664606],[135.5535096,34.6645801],[135.5547134,34.6644881],[135.5556314,34.6644266],[135.5563144,34.6643809],[135.5565111,34.664367],[135.556586,34.6643606],[135.5567812,34.6643492],[135.5571005,34.6643275],[135.5571043,34.6643959],[135.5571187,34.6645347],[135.557152,34.6648345],[135.5571758,34.6650629],[135.5571857,34.6651421],[135.5572089,34.6653051],[135.5572309,34.6654679],[135.5572547,34.6657261],[135.5572672,34.6658624],[135.5573184,34.6663773],[135.5573351,34.6666047],[135.5573437,34.6666786],[135.5573781,34.6669456],[135.5574292,34.6673157],[135.5574853,34.6678756],[135.5575277,34.6682549],[135.5585228,34.6682375],[135.558501,34.6679859],[135.5588336,34.6679548],[135.5588199,34.6678202],[135.5590183,34.6678042],[135.5590451,34.6680504],[135.5591222,34.6680497],[135.5591224,34.6680648],[135.559261,34.6680667],[135.5592563,34.6681936],[135.559459,34.6681906],[135.5595978,34.6681821],[135.5599342,34.6681388],[135.5611995,34.6681206],[135.5614827,34.6681339],[135.5617574,34.6681361],[135.5619287,34.6681368],[135.5620162,34.6681376],[135.5620168,34.6682331],[135.562012,34.6683242],[135.5620178,34.6685347],[135.5620188,34.6686121],[135.5620301,34.6686865],[135.5620456,34.6688283],[135.5620382,34.6689225],[135.5619944,34.6690173],[135.5619554,34.6690941],[135.5619198,34.6691755],[135.5618908,34.6692232],[135.5618869,34.6692652],[135.561858,34.6694872],[135.5618611,34.6695321],[135.5618967,34.669714],[135.5619168,34.6698805],[135.561923,34.6705043],[135.5619365,34.670636],[135.5620199,34.6710724],[135.5620381,34.6714092],[135.5620944,34.6720526],[135.5620984,34.6721092],[135.5621057,34.6722758],[135.5621194,34.6725316],[135.5621292,34.6725809],[135.5621672,34.6727794],[135.5622086,34.6729396],[135.5622267,34.6730048],[135.5622687,34.6731356],[135.5622835,34.6731819],[135.562325,34.6733115],[135.5623341,34.6733948],[135.5623381,34.6734695],[135.5623481,34.6735305],[135.5623585,34.6736249],[135.562374,34.6737461],[135.5623857,34.6738585],[135.5623883,34.6739521],[135.5623918,34.6741193],[135.5624035,34.6743561],[135.5624369,34.674519],[135.5625231,34.6748126],[135.5625623,34.6749451],[135.5627225,34.6750176],[135.5628295,34.6750942],[135.5628429,34.6752081],[135.5628917,34.6752078],[135.5629,34.6753806],[135.5629855,34.6756546],[135.5630873,34.6756555],[135.5631899,34.6758749],[135.5633372,34.6758476],[135.5633429,34.6760492],[135.5631038,34.6760955],[135.5632222,34.6763371],[135.5632098,34.6763978],[135.5631794,34.6764561],[135.56309,34.6765211],[135.562997,34.6765918],[135.5629695,34.6766619],[135.5629707,34.6769458],[135.5629828,34.6769895],[135.5631553,34.6771297],[135.563198,34.6771969],[135.5632362,34.6774184],[135.5632977,34.6778885],[135.5633141,34.6781426],[135.5633097,34.6783996],[135.5606362,34.678751],[135.5601559,34.6788388],[135.5587217,34.6790572],[135.5585577,34.6791676],[135.5581113,34.6792924],[135.5580237,34.6792868],[135.5579551,34.6792884],[135.5576737,34.6793775],[135.5575124,34.6794242],[135.556791,34.6796289],[135.5564605,34.6797224],[135.5561843,34.6798612],[135.5558029,34.6800809],[135.5557724,34.6800978],[135.5551977,34.6803171],[135.5549456,34.6804225],[135.5542616,34.6806795],[135.5542052,34.6806988],[135.5541469,34.6807107],[135.5541095,34.6807142],[135.5538515,34.6807292],[135.5537508,34.6807455],[135.5535823,34.680768],[135.5531007,34.680815],[135.5529095,34.6808255],[135.5527248,34.6808348],[135.552259,34.6808516],[135.5519739,34.6808687],[135.5511624,34.6809711],[135.5508417,34.6810736],[135.5505199,34.6811726],[135.5504899,34.6811769],[135.5504432,34.681181],[135.5502084,34.6812056],[135.5500399,34.6812479],[135.5499864,34.6812562],[135.549598,34.6812553],[135.5492994,34.6812772],[135.5478987,34.6814478],[135.5478591,34.6814506],[135.5474052,34.6815141],[135.546465,34.6816616],[135.546337,34.6816774],[135.5461209,34.6816857],[135.5458833,34.681712],[135.545341,34.6817893],[135.5449058,34.6818533],[135.5447155,34.6818828],[135.5416386,34.6822798],[135.5415702,34.6822882],[135.5415331,34.6823045],[135.5414941,34.6823406],[135.5410745,34.6827481],[135.5409033,34.6829133],[135.5406692,34.6831364],[135.5405796,34.6832255],[135.5405402,34.6832659],[135.5404374,34.6833663],[135.5403383,34.6834622],[135.5401246,34.6836697],[135.5401212,34.6832316],[135.5401184,34.6825411],[135.5401174,34.6821752],[135.5401337,34.6820759],[135.5401876,34.6819244],[135.5402142,34.6818679],[135.54041,34.6814996],[135.5404368,34.6814379],[135.5404593,34.6813763],[135.5401034,34.6814274],[135.5399804,34.6814411],[135.5398855,34.6814482],[135.5396932,34.681466],[135.5396208,34.6814705],[135.5393731,34.6814805],[135.5392955,34.6814748],[135.5385789,34.6814837],[135.5384009,34.6814891],[135.5383535,34.6814891],[135.5383035,34.6814876],[135.5381979,34.6814906],[135.5380873,34.681492],[135.5378864,34.681492],[135.5376269,34.6814974],[135.537504,34.6815003],[135.5366365,34.6815131],[135.536575,34.6815141],[135.5364907,34.6815162],[135.5361166,34.6815211],[135.5360003,34.6815246],[135.535681,34.6815283],[135.5356206,34.6815293],[135.5355163,34.6815313],[135.5350983,34.6815367],[135.5339368,34.6815588],[135.5339412,34.6814609],[135.5339497,34.6812749],[135.5340124,34.6812718],[135.5340589,34.6809499],[135.5340993,34.6809257],[135.5341447,34.6805927],[135.534226,34.6796474],[135.5341634,34.6795972],[135.5342132,34.6791992],[135.534256,34.6789243],[135.5342586,34.6787032],[135.5342805,34.6785025],[135.534258,34.6783804],[135.5342566,34.6781367],[135.5342555,34.6780016],[135.5342308,34.67794],[135.5342044,34.6777803],[135.5341784,34.6776633],[135.5341504,34.6775423],[135.5340682,34.677195],[135.5339505,34.6768476],[135.5338773,34.6766094],[135.5335609,34.6755972],[135.5332472,34.6744729],[135.5332159,34.6743759],[135.5331695,34.6742144],[135.5330865,34.6737726],[135.5331114,34.6737364],[135.5330256,34.6732806],[135.5329917,34.6732459],[135.5329376,34.6730125],[135.5329058,34.6728382],[135.5328718,34.672692],[135.5328024,34.6726971],[135.5327521,34.6724684],[135.5327182,34.6723363],[135.5326688,34.6721594],[135.5325895,34.6719502],[135.5325512,34.6718504],[135.5324873,34.6717246],[135.5324267,34.6716005],[135.5323828,34.6715197],[135.5323388,34.6714414],[135.5322846,34.6713456],[135.5322208,34.6712194],[135.5321636,34.6711108],[135.5321174,34.6710198],[135.5320588,34.6708825],[135.5320262,34.6707964],[135.5319919,34.6706992],[135.5319644,34.6706313],[135.5319395,34.6705663],[135.5319,34.6704621],[135.53187,34.670386],[135.5318365,34.6702769],[135.5317668,34.6700815],[135.5316726,34.6697721],[135.5316403,34.6696619],[135.531603,34.6695234],[135.5315445,34.6693419],[135.5315072,34.6692316],[135.531464,34.6691136],[135.5313568,34.6687874],[135.5312263,34.6683819],[135.5311841,34.6682541]]]}},{"type":"Feature","properties":{"name":"生野区","name:en":"Ikuno Ward"},"geometry":{"type":"Polygon","coordinates":[[[135.5540655,34.6426957],[135.5540582,34.6428737],[135.5540481,34.6431159],[135.5540469,34.6431449],[135.5540458,34.6431729],[135.5540026,34.6442127],[135.5544593,34.644233],[135.5544964,34.6442344],[135.5545314,34.6442357],[135.5550955,34.6442571],[135.5558186,34.6442846],[135.5563297,34.644304],[135.5569478,34.6443275],[135.5569016,34.6443257],[135.5570258,34.6443305],[135.5570897,34.6433078],[135.5576813,34.6433277],[135.55878,34.6433648],[135.5608113,34.6434333],[135.5608849,34.6434358],[135.5609591,34.6434383],[135.5609463,34.6436616],[135.5609371,34.6438195],[135.5609205,34.6441408],[135.5609094,34.644293],[135.5609034,34.644398],[135.5608795,34.6449133],[135.5608541,34.6454088],[135.560842,34.6455593],[135.5608368,34.6456771],[135.5608127,34.6460943],[135.5607918,34.6465062],[135.560747,34.6475066],[135.5607277,34.647874],[135.5607164,34.6481055],[135.5606614,34.6490486],[135.5606131,34.649853],[135.5605981,34.6501468],[135.5607611,34.6501366],[135.5608245,34.6501325],[135.561024,34.6501168],[135.5617447,34.6500722],[135.5617922,34.6506126],[135.5618382,34.6511214],[135.5618717,34.6514334],[135.5618878,34.6516058],[135.5617613,34.6516164],[135.5617524,34.6520341],[135.5617464,34.6522737],[135.5617356,34.6525922],[135.5617209,34.6529709],[135.5614478,34.6529805],[135.5610659,34.6529987],[135.5605713,34.6530211],[135.5601253,34.6530463],[135.559458,34.6530766],[135.5594614,34.653139],[135.5594757,34.6533331],[135.5594525,34.6536851],[135.5594274,34.6539952],[135.5594217,34.6543084],[135.5592387,34.6543082],[135.5592286,34.6549327],[135.5585978,34.6549266],[135.5583476,34.6549255],[135.5583487,34.6552094],[135.5583876,34.6552092],[135.5583867,34.6554591],[135.5584666,34.6554579],[135.5584662,34.6556981],[135.5583387,34.6556962],[135.5583401,34.6559925],[135.5588257,34.655993],[135.5592153,34.655989],[135.5595598,34.6559864],[135.5599745,34.6559831],[135.5599735,34.655751],[135.5601748,34.6557454],[135.5603606,34.6557417],[135.5604377,34.6557413],[135.5610017,34.6557288],[135.5609594,34.6557892],[135.5609262,34.6558574],[135.5612479,34.6558274],[135.5614659,34.655812],[135.5616382,34.6557996],[135.5616964,34.6557989],[135.5617918,34.6557986],[135.5620615,34.6557932],[135.5621748,34.6557885],[135.5629769,34.6557761],[135.5629748,34.6559232],[135.5629758,34.6559941],[135.5629737,34.6560578],[135.562974,34.6561014],[135.5629764,34.6561696],[135.5629781,34.6562412],[135.5629802,34.6563458],[135.5629804,34.6564243],[135.5629799,34.6565557],[135.5632739,34.6565569],[135.5632974,34.6565564],[135.5639925,34.6565524],[135.5640003,34.657527],[135.5640026,34.6576501],[135.5640044,34.657746],[135.5640085,34.6578871],[135.5640083,34.6581984],[135.5640174,34.6584945],[135.5632629,34.658446],[135.5630884,34.6584409],[135.5628703,34.6584461],[135.5625714,34.6584531],[135.5620906,34.6584645],[135.5619967,34.6584667],[135.5616357,34.6584752],[135.5616354,34.6591661],[135.5616052,34.6594003],[135.5615794,34.6594853],[135.5615527,34.6596745],[135.5614672,34.6600688],[135.5615332,34.6600708],[135.5614855,34.6603411],[135.5612721,34.6607254],[135.5611742,34.660895],[135.5610705,34.6611089],[135.5610469,34.6611721],[135.561047,34.6612241],[135.5610814,34.6612726],[135.5613016,34.6614715],[135.5613133,34.6615383],[135.5613867,34.6621801],[135.5613077,34.6622035],[135.5612003,34.6625862],[135.5611238,34.6628343],[135.5607848,34.6628376],[135.5605065,34.6628441],[135.5600411,34.662867],[135.5590366,34.6629195],[135.5591171,34.6633614],[135.5585871,34.6634223],[135.5585491,34.6634266],[135.5585033,34.6634319],[135.557826,34.6635096],[135.5577787,34.663515],[135.5577026,34.6635238],[135.5570973,34.6635085],[135.5570992,34.6639909],[135.5570999,34.6641799],[135.5571,34.6642029],[135.5571005,34.6643275],[135.5567812,34.6643492],[135.556586,34.6643606],[135.5565111,34.664367],[135.5563144,34.6643809],[135.5556314,34.6644266],[135.5547134,34.6644881],[135.5535096,34.6645801],[135.5531407,34.664606],[135.5530582,34.6646118],[135.5529776,34.6646175],[135.5529032,34.6646227],[135.552731,34.6646348],[135.5523917,34.6646587],[135.5520675,34.6646815],[135.5518944,34.6646937],[135.5515221,34.6647199],[135.5514611,34.6647241],[135.5513291,34.6647334],[135.551251,34.6647389],[135.551108,34.664749],[135.551016,34.6647555],[135.550955,34.6647597],[135.5508498,34.6647671],[135.5501354,34.6648193],[135.5501341,34.6648625],[135.549111,34.6649272],[135.5483617,34.6649942],[135.5472578,34.665074],[135.5472446,34.6650749],[135.5469945,34.665093],[135.5467673,34.6651094],[135.5462987,34.6651433],[135.5462846,34.6651444],[135.5462311,34.6651482],[135.5461929,34.665151],[135.5459429,34.6651691],[135.5455195,34.6651997],[135.5454774,34.6652027],[135.5454344,34.6652058],[135.5452932,34.665216],[135.5447961,34.665252],[135.5447611,34.6652545],[135.544717,34.6652577],[135.544156,34.6652983],[135.54412,34.6653009],[135.54408,34.6653038],[135.5431601,34.6653703],[135.5430959,34.6653749],[135.5430202,34.6653804],[135.5426199,34.6654093],[135.5424769,34.6654197],[135.5423331,34.6654306],[135.5415683,34.6654888],[135.541555,34.6654512],[135.5414848,34.6654557],[135.54137,34.665464],[135.5412519,34.6654734],[135.5411051,34.6654852],[135.5408745,34.6655039],[135.5406096,34.6655255],[135.5404633,34.6655354],[135.540334,34.6655437],[135.5398809,34.6655757],[135.5397235,34.665585],[135.5395292,34.6655968],[135.5394591,34.6656022],[135.5393835,34.6656056],[135.5392909,34.6656119],[135.5391704,34.665615],[135.5390831,34.6656204],[135.5390035,34.6656208],[135.5387482,34.6656238],[135.538303,34.6656313],[135.5378807,34.6656231],[135.5377829,34.6656231],[135.5377222,34.6656201],[135.5366179,34.6655866],[135.5364955,34.6655845],[135.5359604,34.6655732],[135.535819,34.6655664],[135.535399,34.6655535],[135.5352373,34.6655487],[135.534753,34.6655351],[135.5343466,34.6655245],[135.5342153,34.6655189],[135.5340453,34.6655165],[135.5331183,34.6654825],[135.5330374,34.6654796],[135.5328263,34.6654712],[135.5327601,34.6654694],[135.5326507,34.6654658],[135.532287,34.6654545],[135.53224,34.6654533],[135.5321626,34.6654513],[135.5315847,34.6654379],[135.5315045,34.6654372],[135.5314401,34.6654357],[135.5313052,34.6654357],[135.5303301,34.6654363],[135.5302105,34.6651],[135.530045,34.6646346],[135.5302392,34.6646126],[135.5301347,34.6642944],[135.5301137,34.6642307],[135.5300048,34.6638993],[135.5297905,34.6638965],[135.529223,34.6621657],[135.5288296,34.6609836],[135.528831,34.6609249],[135.5283541,34.6594063],[135.5278464,34.6577554],[135.5277381,34.6576781],[135.5270919,34.6556814],[135.5267471,34.6546238],[135.5267364,34.654527],[135.5263018,34.6531393],[135.526005,34.6522493],[135.5253392,34.6501164],[135.5250596,34.6495697],[135.5246444,34.6489858],[135.5243377,34.6486365],[135.5241726,34.6484765],[135.5262669,34.6466646],[135.5263379,34.6466036],[135.5264249,34.6465286],[135.5265489,34.6464236],[135.527532,34.645677],[135.5275821,34.6456389],[135.527643,34.6455927],[135.5283164,34.6450813],[135.5287055,34.644787],[135.5288107,34.6447072],[135.5289781,34.6445936],[135.5294752,34.6442029],[135.5295435,34.6441522],[135.5303593,34.6435464],[135.5305103,34.6434343],[135.5305441,34.6434091],[135.5305705,34.6433895],[135.5314557,34.6427323],[135.5314999,34.6426994],[135.5315223,34.6426828],[135.5318839,34.6424143],[135.5319453,34.6423687],[135.5320033,34.6423256],[135.5324668,34.6419815],[135.532624,34.6418522],[135.5328351,34.6416655],[135.5330441,34.641467],[135.5333882,34.6410602],[135.5335855,34.6407742],[135.5338535,34.6404476],[135.5340766,34.6401755],[135.5340975,34.6401501],[135.5341865,34.6400417],[135.5342456,34.6399696],[135.5342769,34.6399314],[135.5342984,34.6399052],[135.5344113,34.6397675],[135.5345423,34.6397036],[135.5347278,34.6396376],[135.5349694,34.639551],[135.5351092,34.6395002],[135.5351615,34.6397095],[135.5352011,34.6398625],[135.5353519,34.6404674],[135.5353719,34.6405511],[135.5354246,34.640598],[135.5355787,34.6407084],[135.5357709,34.6408307],[135.5359924,34.6409734],[135.5362504,34.641139],[135.5364148,34.6412135],[135.5365721,34.6413139],[135.536775,34.6414477],[135.537024,34.6416029],[135.5371811,34.6416663],[135.537371,34.641658],[135.537925,34.6415852],[135.5388137,34.6414813],[135.5389181,34.6414707],[135.5390238,34.6415178],[135.5398344,34.6414292],[135.5416255,34.6412237],[135.5445873,34.6408636],[135.5447461,34.6408065],[135.5448835,34.6407319],[135.5449191,34.640677],[135.5449803,34.6405825],[135.5450214,34.6404649],[135.5450036,34.6402447],[135.5448934,34.6399301],[135.5448692,34.6398146],[135.5448354,34.6394969],[135.5448636,34.6392965],[135.5449916,34.6388772],[135.5451345,34.6385263],[135.5451685,34.6384589],[135.5452101,34.638336],[135.5452485,34.6382815],[135.5452844,34.6382373],[135.545313,34.6381839],[135.545343,34.638122],[135.5453953,34.6380627],[135.5454953,34.6379712],[135.5456301,34.6378689],[135.5457706,34.6377682],[135.5461807,34.6374674],[135.5464782,34.6372556],[135.5467292,34.6370833],[135.5468737,34.6369728],[135.5470267,34.6368581],[135.5471079,34.6368012],[135.5472915,34.6366921],[135.5474733,34.6365817],[135.5475554,34.6365342],[135.5476351,34.6364888],[135.548674,34.635923],[135.548727,34.635897],[135.5490217,34.6357185],[135.5491536,34.635617],[135.5493985,34.6353411],[135.5495011,34.6352372],[135.5496795,34.6350389],[135.5500566,34.6346196],[135.5504336,34.6342933],[135.5506159,34.6341625],[135.550786,34.6340612],[135.5510417,34.6338973],[135.5513222,34.6337585],[135.5519301,34.6334231],[135.552231,34.6333026],[135.5524495,34.6332415],[135.5526724,34.6332224],[135.5535515,34.6332802],[135.5536776,34.6332596],[135.5537622,34.6332298],[135.5538347,34.6331852],[135.5540424,34.6332011],[135.554147,34.633223],[135.5542127,34.6334612],[135.5541756,34.63362],[135.5541777,34.6339162],[135.5541611,34.6341301],[135.5541519,34.6342788],[135.5541399,34.6343811],[135.5541321,34.6344573],[135.5541223,34.6345854],[135.5540989,34.6348231],[135.5536013,34.6348071],[135.5533637,34.6347955],[135.5532617,34.6347906],[135.5531991,34.6347873],[135.5530941,34.6347816],[135.552953,34.6347734],[135.5529506,34.6348038],[135.5528969,34.63526],[135.5528674,34.635336],[135.5528458,34.6355809],[135.5528267,34.6358064],[135.5523296,34.6357697],[135.5523228,34.6359651],[135.5523204,34.636091],[135.5523178,34.6362872],[135.5523235,34.636369],[135.5523491,34.6368448],[135.5526881,34.6368557],[135.5529748,34.6368658],[135.5530346,34.6368694],[135.5530018,34.6377123],[135.5529904,34.6377411],[135.5529635,34.6384107],[135.5538048,34.6384334],[135.5538548,34.6384341],[135.5538311,34.6389494],[135.5538276,34.6390262],[135.5538206,34.6391859],[135.5537884,34.6398423],[135.5537722,34.6401006],[135.5537557,34.6401952],[135.5537165,34.6409919],[135.5537027,34.6412146],[135.5536913,34.641422],[135.5541176,34.6414408],[135.5540959,34.6419631],[135.5540889,34.6421315],[135.5540791,34.6423681],[135.5540791,34.6423677],[135.5540688,34.6426167],[135.5540655,34.6426957]]]}},{"type":"Feature","properties":{"name":"平野区","name:en":"Hirano Ward"},"geometry":{"type":"Polygon","coordinates":[[[135.5435625,34.598325],[135.54359,34.597843],[135.5436,34.597736],[135.543603,34.597654],[135.543617,34.597261],[135.543621,34.597134],[135.543621,34.597097],[135.543613,34.596766],[135.543602,34.596268],[135.543598,34.59608],[135.543597,34.596051],[135.543595,34.595966],[135.543592,34.595804],[135.54359,34.595724],[135.543586,34.595563],[135.543585,34.595504],[135.543584,34.595429],[135.543582,34.595351],[135.543578,34.595195],[135.544344,34.595175],[135.544413,34.595173],[135.544697,34.595166],[135.544877,34.595171],[135.5450055,34.5952234],[135.5450661,34.595224],[135.545317,34.595273],[135.545743,34.595326],[135.546891,34.595356],[135.54698,34.595341],[135.547164,34.59531],[135.547244,34.595297],[135.547489,34.595255],[135.547516,34.595187],[135.547554,34.595088],[135.547662,34.595046],[135.547966,34.595016],[135.548492,34.59504],[135.5486299,34.5950451],[135.548619,34.5952361],[135.5486791,34.5953296],[135.54886,34.595406],[135.5491879,34.5954544],[135.54921,34.5955716],[135.5493077,34.5957588],[135.5493076,34.5959348],[135.5498949,34.5959315],[135.5498273,34.5957328],[135.5498175,34.59535],[135.5498241,34.5951719],[135.5498278,34.5951064],[135.5498314,34.594914],[135.5499157,34.594881],[135.5499947,34.5948673],[135.5501388,34.5948594],[135.5502239,34.594856],[135.5503466,34.5948579],[135.550567,34.5948794],[135.5509149,34.5948893],[135.5515517,34.5948792],[135.5518471,34.5948972],[135.5522413,34.5949422],[135.5524343,34.5949328],[135.5528159,34.5949053],[135.5534605,34.5948451],[135.5543009,34.5948388],[135.5548939,34.5948276],[135.5550182,34.594796],[135.5554242,34.5947883],[135.5554373,34.5949864],[135.555795,34.594933],[135.556105,34.594981],[135.55635,34.594999],[135.556964,34.595011],[135.557294,34.595014],[135.557404,34.595016],[135.557542,34.595017],[135.557745,34.595019],[135.55785,34.595021],[135.557924,34.595021],[135.558082,34.595023],[135.5591,34.595034],[135.559805,34.595069],[135.559871,34.595072],[135.56081,34.595118],[135.560954,34.595108],[135.561224,34.595091],[135.561972,34.595041],[135.562164,34.595023],[135.562231,34.595017],[135.562426,34.594981],[135.562602,34.594917],[135.562736,34.594867],[135.563909,34.594581],[135.564223,34.594504],[135.564225,34.594523],[135.564244,34.594737],[135.564258,34.594898],[135.564349,34.595921],[135.56436,34.596049],[135.564396,34.596132],[135.564483,34.59615],[135.565432,34.595966],[135.566043,34.595848],[135.566056,34.595846],[135.56716,34.595536],[135.567154,34.595389],[135.567146,34.59519],[135.567167,34.594959],[135.567196,34.594653],[135.567239,34.59445],[135.56734,34.594223],[135.567451,34.593954],[135.567463,34.593925],[135.567542,34.59374],[135.567544,34.593711],[135.567557,34.593531],[135.567557,34.593512],[135.567557,34.593481],[135.567557,34.593329],[135.567607,34.593245],[135.567644,34.593177],[135.567677,34.593116],[135.567706,34.593063],[135.567743,34.592994],[135.567792,34.592903],[135.567817,34.592857],[135.567824,34.592819],[135.567849,34.59269],[135.567859,34.592636],[135.567874,34.592559],[135.567874,34.592118],[135.567896,34.591962],[135.568041,34.591808],[135.568293,34.591596],[135.568428,34.591483],[135.568517,34.591408],[135.568551,34.591379],[135.56856,34.591372],[135.568767,34.591137],[135.568778,34.591125],[135.568812,34.591086],[135.568813,34.591085],[135.568865,34.591029],[135.568923,34.590967],[135.569144,34.590728],[135.569317,34.590531],[135.569419,34.590316],[135.569462,34.590096],[135.569441,34.58994],[135.569419,34.589767],[135.569289,34.589577],[135.569274,34.589404],[135.569308,34.588206],[135.569318,34.587871],[135.569224,34.587489],[135.569193,34.587377],[135.569174,34.58731],[135.569109,34.587071],[135.569383,34.587],[135.570133,34.586934],[135.570259,34.58693],[135.570404,34.586924],[135.570511,34.58692],[135.570731,34.586911],[135.570905,34.586905],[135.570941,34.586909],[135.571057,34.586922],[135.5711,34.587197],[135.571179,34.587399],[135.571187,34.587549],[135.571196,34.587609],[135.57123,34.587817],[135.571223,34.588121],[135.571208,34.588569],[135.571121,34.588765],[135.571035,34.588956],[135.570984,34.589213],[135.570992,34.589762],[135.570912,34.590054],[135.570905,34.590203],[135.570991,34.590327],[135.571049,34.590412],[135.571028,34.590639],[135.571026,34.590664],[135.571003,34.590898],[135.570963,34.591331],[135.570955,34.591468],[135.570919,34.59213],[135.571167,34.592151],[135.57157,34.592185],[135.571901,34.592213],[135.571903,34.592224],[135.57194,34.592377],[135.57198,34.592547],[135.570948,34.592863],[135.570962,34.592889],[135.571055,34.593064],[135.571078,34.593108],[135.571158,34.593138],[135.571771,34.592994],[135.571886,34.593001],[135.571922,34.593048],[135.571829,34.593347],[135.571766,34.593629],[135.571706,34.593901],[135.571706,34.593939],[135.571706,34.593973],[135.571771,34.594032],[135.571872,34.594044],[135.573526,34.593736],[135.574109,34.593627],[135.57473,34.593503],[135.575004,34.593448],[135.575124,34.593415],[135.575125,34.593414],[135.575256,34.593378],[135.575492,34.593312],[135.575572,34.593291],[135.575857,34.593211],[135.575884,34.593204],[135.576454,34.593138],[135.57649,34.593132],[135.5773273,34.5929286],[135.5773514,34.5929787],[135.5774603,34.5933122],[135.577549,34.5935666],[135.5775968,34.5937084],[135.5777148,34.593773],[135.5777161,34.5938612],[135.5788177,34.5935986],[135.5788267,34.593858],[135.5791237,34.5939263],[135.5793146,34.5939202],[135.5794921,34.5938912],[135.5796965,34.5938901],[135.5797932,34.5939173],[135.5799095,34.5939107],[135.5799528,34.5939914],[135.579976,34.5943846],[135.5800076,34.5944626],[135.580011,34.5945107],[135.5800183,34.5946196],[135.5800255,34.5947631],[135.5800312,34.5949112],[135.580046,34.5951592],[135.5800625,34.5954189],[135.5800574,34.5956483],[135.5800449,34.5959231],[135.5800454,34.5960544],[135.5800455,34.5963053],[135.5800457,34.5964318],[135.5800517,34.5965781],[135.580054,34.5967375],[135.5800519,34.5975285],[135.5792357,34.597492],[135.5788739,34.5977004],[135.5783892,34.5978402],[135.5783847,34.597902],[135.5786944,34.5979246],[135.5789212,34.5977482],[135.5800438,34.5978142],[135.580039,34.5979998],[135.5800123,34.5984417],[135.5799762,34.5990915],[135.5799338,34.599854],[135.579875,34.5998513],[135.5798269,34.6005849],[135.5798186,34.6007383],[135.5810447,34.6008078],[135.581161,34.6008125],[135.5811372,34.6012602],[135.5811195,34.6015189],[135.5810605,34.6021957],[135.5812526,34.6022105],[135.581381,34.602704],[135.581556,34.602706],[135.581893,34.602709],[135.582412,34.602733],[135.582817,34.602751],[135.583252,34.602794],[135.583661,34.602835],[135.583639,34.603682],[135.584923,34.603694],[135.584967,34.603694],[135.585191,34.604016],[135.585559,34.603974],[135.585739,34.603962],[135.5859161,34.6039636],[135.58605,34.603968],[135.586013,34.604767],[135.587134,34.604742],[135.587236,34.60474],[135.587319,34.604738],[135.587332,34.605327],[135.587334,34.60543],[135.587305,34.606599],[135.587295,34.606803],[135.587283,34.607052],[135.587264,34.607171],[135.587262,34.607183],[135.587125,34.607297],[135.58698,34.607517],[135.58685,34.607768],[135.586829,34.607892],[135.586821,34.607935],[135.586832,34.607981],[135.586872,34.60815],[135.586915,34.608252],[135.58698,34.608406],[135.586995,34.608561],[135.586995,34.608829],[135.58693,34.60914],[135.586569,34.609068],[135.585963,34.609038],[135.585848,34.609044],[135.585093,34.609083],[135.585082,34.609084],[135.584808,34.609098],[135.584644,34.609144],[135.584632,34.609147],[135.584469,34.609193],[135.584339,34.609349],[135.584187,34.609557],[135.58395,34.609814],[135.583719,34.609969],[135.583546,34.610124],[135.583394,34.61029],[135.583374,34.610311],[135.583214,34.610487],[135.582947,34.610766],[135.582917,34.610798],[135.582802,34.611019],[135.582723,34.611376],[135.582682,34.611693],[135.582679,34.611716],[135.582628,34.611944],[135.582622,34.611973],[135.58242,34.612033],[135.582322,34.612029],[135.582268,34.612027],[135.582001,34.612003],[135.581748,34.611997],[135.581517,34.611991],[135.58062,34.611981],[135.580395,34.611979],[135.580093,34.611976],[135.579822,34.611973],[135.579497,34.611973],[135.57946,34.611973],[135.579357,34.611972],[135.579207,34.611971],[135.579105,34.611971],[135.578836,34.611969],[135.577935,34.611964],[135.577667,34.611962],[135.577565,34.611962],[135.577456,34.611961],[135.577356,34.611961],[135.577034,34.611959],[135.576887,34.611958],[135.576683,34.611957],[135.57641,34.611956],[135.576318,34.611955],[135.576286,34.611955],[135.57625,34.612629],[135.576308,34.612981],[135.576329,34.613226],[135.576264,34.613536],[135.5763373,34.6138146],[135.5775959,34.6138255],[135.5777181,34.6138102],[135.577709,34.6138651],[135.5775914,34.6140595],[135.5775773,34.6147279],[135.5774895,34.614725],[135.5770793,34.6149603],[135.5770119,34.6146232],[135.5767812,34.6146219],[135.5763839,34.6147827],[135.5761451,34.6147758],[135.5757962,34.6147616],[135.5755168,34.6147791],[135.5749581,34.6147638],[135.5746495,34.614765],[135.5746574,34.6149225],[135.5746738,34.6152389],[135.5746792,34.6154949],[135.5743049,34.6157478],[135.5743074,34.6159033],[135.5743275,34.6163986],[135.5739463,34.6165416],[135.5738436,34.6166738],[135.5736903,34.6169053],[135.5735938,34.617087],[135.5737113,34.6173762],[135.5736203,34.6174862],[135.5735288,34.6173793],[135.573446,34.6171911],[135.5733915,34.6170724],[135.5734707,34.6169224],[135.5735936,34.6167896],[135.5736276,34.6162837],[135.5737652,34.6160436],[135.5738858,34.6158566],[135.5739801,34.6157641],[135.5741599,34.6155342],[135.5743615,34.6153836],[135.5744509,34.6152893],[135.5744502,34.6151316],[135.5744337,34.6148608],[135.574425,34.6146695],[135.574424,34.6145417],[135.5744109,34.6143941],[135.5744071,34.614309],[135.574392,34.6141291],[135.5743525,34.6137822],[135.5739737,34.6137878],[135.573734,34.6137844],[135.5733373,34.6137717],[135.5729981,34.6137608],[135.5727676,34.6137538],[135.572519,34.613756],[135.5707795,34.6137717],[135.570432,34.6137756],[135.5701363,34.6137873],[135.5699283,34.613772],[135.5693926,34.6137735],[135.5691633,34.6137803],[135.5691181,34.6146989],[135.5689655,34.6147194],[135.568952,34.6148466],[135.568009,34.614848],[135.568009,34.615719],[135.567854,34.615726],[135.566956,34.615766],[135.566097,34.616261],[135.565959,34.616271],[135.565765,34.616285],[135.565563,34.616309],[135.565159,34.616613],[135.565051,34.616649],[135.564921,34.616661],[135.5646951,34.6166442],[135.564517,34.616631],[135.564272,34.616597],[135.564257,34.616595],[135.563774,34.616464],[135.56342,34.616721],[135.563218,34.616816],[135.563074,34.616846],[135.562359,34.616947],[135.562204,34.616966],[135.5618608,34.6170025],[135.5618851,34.6171985],[135.5619629,34.61719],[135.5619635,34.6175417],[135.5618852,34.617546],[135.5619133,34.6176945],[135.5618882,34.6181775],[135.5618669,34.6187395],[135.5618619,34.6191085],[135.5618622,34.6197234],[135.5619632,34.620614],[135.5619979,34.6207932],[135.5620228,34.6210028],[135.5620275,34.62121],[135.562036,34.6216096],[135.562201,34.621612],[135.562237,34.622124],[135.562253,34.622686],[135.562255,34.622754],[135.562258,34.622858],[135.562763,34.622471],[135.562941,34.6223],[135.562985,34.622257],[135.563411,34.621848],[135.563427,34.621832],[135.563492,34.621756],[135.56355,34.621689],[135.5636,34.62154],[135.5636,34.621248],[135.563781,34.621278],[135.564156,34.621391],[135.564466,34.621266],[135.564704,34.621218],[135.5649,34.621255],[135.564941,34.621263],[135.565051,34.621284],[135.565102,34.621297],[135.565267,34.621343],[135.565376,34.621373],[135.565545,34.62137],[135.565678,34.621367],[135.565884,34.621335],[135.565909,34.621331],[135.56609,34.62126],[135.566303,34.62116],[135.566458,34.62106],[135.5665972,34.6209698],[135.56664,34.620942],[135.567058,34.62088],[135.567331,34.620806],[135.568286,34.620412],[135.5683054,34.620404],[135.568962,34.620133],[135.569192,34.620156],[135.569359,34.620061],[135.569683,34.619936],[135.570022,34.619822],[135.570181,34.619769],[135.570441,34.619727],[135.570809,34.619614],[135.571668,34.619256],[135.572266,34.619083],[135.572591,34.618963],[135.572795,34.618923],[135.572981,34.618886],[135.573128,34.618801],[135.573197,34.618761],[135.573616,34.618564],[135.573941,34.618451],[135.574245,34.618398],[135.574339,34.618382],[135.574366,34.618377],[135.574439,34.618364],[135.5746,34.618337],[135.574852,34.618293],[135.574871,34.61829],[135.574996,34.618268],[135.575182,34.618236],[135.575193,34.618982],[135.575194,34.619019],[135.575194,34.619052],[135.575196,34.619178],[135.57501,34.619226],[135.574915,34.61925],[135.574922,34.619646],[135.574932,34.620179],[135.574936,34.620413],[135.574946,34.620412],[135.575124,34.620401],[135.575622,34.620407],[135.575618,34.620711],[135.575615,34.620992],[135.575553,34.621797],[135.575551,34.621824],[135.575526,34.622156],[135.575516,34.622289],[135.575485,34.622697],[135.575483,34.622855],[135.575479,34.623371],[135.575477,34.623586],[135.575546,34.624179],[135.575553,34.624242],[135.575564,34.624338],[135.575595,34.624424],[135.5756204,34.6244962],[135.575759,34.62489],[135.575838,34.625114],[135.575968,34.625483],[135.576489,34.626298],[135.576573,34.626429],[135.576632,34.626521],[135.57661,34.626568],[135.576583,34.626622],[135.576504,34.626789],[135.576329,34.627153],[135.576241,34.627309],[135.576086,34.627586],[135.575954,34.627821],[135.575946,34.628263],[135.575917,34.629146],[135.57591,34.62939],[135.576004,34.630142],[135.576007,34.630196],[135.576016,34.630354],[135.576026,34.630535],[135.5746725,34.6305429],[135.5745909,34.6312898],[135.574559,34.6319854],[135.5745571,34.6321858],[135.5745419,34.6330993],[135.5745032,34.6339608],[135.5743955,34.6339563],[135.5742435,34.6339523],[135.573471,34.6339305],[135.5720864,34.6338756],[135.5716378,34.6338641],[135.5716348,34.6340708],[135.5716223,34.6343375],[135.5716156,34.6344297],[135.5714975,34.6344246],[135.5698026,34.6343515],[135.5692609,34.6343281],[135.5691634,34.6343264],[135.5687293,34.6343148],[135.5686705,34.6343146],[135.5686504,34.6348112],[135.5686494,34.6348732],[135.5686456,34.6349882],[135.5686229,34.6353867],[135.5685999,34.6358467],[135.5685248,34.6372113],[135.5685136,34.6374057],[135.5685081,34.6374685],[135.5685017,34.6375852],[135.568471,34.638288],[135.5676268,34.6382572],[135.5674602,34.6382518],[135.5673104,34.6382468],[135.5672384,34.6382451],[135.5670961,34.638239],[135.5667561,34.6382296],[135.5661339,34.6382063],[135.5657628,34.6382005],[135.565644,34.6381978],[135.5656395,34.638384],[135.5656138,34.6389024],[135.5656038,34.6391054],[135.5655947,34.6394542],[135.5655645,34.6400959],[135.5655515,34.6403505],[135.5655367,34.6406375],[135.5654989,34.6409656],[135.564919,34.640946],[135.564323,34.640929],[135.5634741,34.6408889],[135.5634682,34.6409988],[135.5630162,34.6409642],[135.5624113,34.6409466],[135.5620533,34.6409776],[135.5618344,34.6409357],[135.5610995,34.6409051],[135.5610163,34.642204],[135.5610116,34.6423018],[135.5610043,34.6424537],[135.5610016,34.6426029],[135.5609929,34.642757],[135.5609762,34.6431179],[135.5609675,34.6432569],[135.5609649,34.6433399],[135.5609591,34.6434383],[135.5608849,34.6434358],[135.5608113,34.6434333],[135.55878,34.6433648],[135.5576813,34.6433277],[135.5570897,34.6433078],[135.5570258,34.6443305],[135.5569016,34.6443257],[135.5569478,34.6443275],[135.5563297,34.644304],[135.5558186,34.6442846],[135.5550955,34.6442571],[135.5545314,34.6442357],[135.5544964,34.6442344],[135.5544593,34.644233],[135.5540026,34.6442127],[135.5540458,34.6431729],[135.5540469,34.6431449],[135.5540481,34.6431159],[135.5540582,34.6428737],[135.5540655,34.6426957],[135.5540688,34.6426167],[135.5540791,34.6423677],[135.5540791,34.6423681],[135.5540889,34.6421315],[135.5540959,34.6419631],[135.5541176,34.6414408],[135.5536913,34.641422],[135.5537027,34.6412146],[135.5537165,34.6409919],[135.5537557,34.6401952],[135.5537722,34.6401006],[135.5537884,34.6398423],[135.5538206,34.6391859],[135.5538276,34.6390262],[135.5538311,34.6389494],[135.5538548,34.6384341],[135.5538048,34.6384334],[135.5529635,34.6384107],[135.5529904,34.6377411],[135.5530018,34.6377123],[135.5530346,34.6368694],[135.5529748,34.6368658],[135.5526881,34.6368557],[135.5523491,34.6368448],[135.5523235,34.636369],[135.5523178,34.6362872],[135.5523204,34.636091],[135.5523228,34.6359651],[135.5523296,34.6357697],[135.5528267,34.6358064],[135.5528458,34.6355809],[135.5528674,34.635336],[135.5528969,34.63526],[135.5529506,34.6348038],[135.552953,34.6347734],[135.5530941,34.6347816],[135.5531991,34.6347873],[135.5532617,34.6347906],[135.5533637,34.6347955],[135.5536013,34.6348071],[135.5540989,34.6348231],[135.5541223,34.6345854],[135.5541321,34.6344573],[135.5541399,34.6343811],[135.5541519,34.6342788],[135.5541611,34.6341301],[135.5541777,34.6339162],[135.5541756,34.63362],[135.5542127,34.6334612],[135.554147,34.633223],[135.5540424,34.6332011],[135.5538347,34.6331852],[135.5537622,34.6332298],[135.5536776,34.6332596],[135.5535515,34.6332802],[135.5526724,34.6332224],[135.5524495,34.6332415],[135.552231,34.6333026],[135.5519301,34.6334231],[135.5513222,34.6337585],[135.5510417,34.6338973],[135.550786,34.6340612],[135.5506159,34.6341625],[135.5504336,34.6342933],[135.5500566,34.6346196],[135.5496795,34.6350389],[135.5495011,34.6352372],[135.5493985,34.6353411],[135.5491536,34.635617],[135.5490217,34.6357185],[135.548727,34.635897],[135.548674,34.635923],[135.5476351,34.6364888],[135.5475107,34.6363644],[135.5467013,34.6355588],[135.5460399,34.6348838],[135.5453207,34.6341499],[135.5448005,34.6336284],[135.5444495,34.6332667],[135.5440357,34.6328972],[135.5436808,34.6325324],[135.5436265,34.6324762],[135.5436203,34.6324497],[135.5436179,34.6321983],[135.5436142,34.6318155],[135.5436056,34.6314879],[135.5435923,34.6309859],[135.5435844,34.63063],[135.5435793,34.6303517],[135.5435667,34.6298075],[135.5435726,34.6295434],[135.5435838,34.6291677],[135.5435864,34.6287637],[135.54359,34.6281026],[135.5435868,34.6277201],[135.5435874,34.627248],[135.5435925,34.6266802],[135.5435936,34.6260717],[135.5435956,34.6255552],[135.5435952,34.6252718],[135.543554,34.625272],[135.542571,34.625266],[135.542469,34.625266],[135.542407,34.625266],[135.542306,34.625265],[135.542082,34.625264],[135.541569,34.62526],[135.541461,34.62526],[135.540745,34.625255],[135.540739,34.625255],[135.540734,34.624953],[135.540732,34.624802],[135.540734,34.624657],[135.540736,34.624495],[135.540743,34.624075],[135.540745,34.623976],[135.54075,34.623624],[135.540752,34.623539],[135.540756,34.62325],[135.540761,34.622979],[135.540761,34.622971],[135.540761,34.622935],[135.540761,34.622059],[135.540761,34.621831],[135.540761,34.621829],[135.540761,34.621823],[135.540761,34.621778],[135.540761,34.621608],[135.540761,34.621411],[135.540761,34.62108],[135.540764,34.620917],[135.540775,34.620367],[135.540788,34.619666],[135.5407908,34.6195302],[135.540794,34.619379],[135.540796,34.619303],[135.540797,34.619231],[135.540796,34.619047],[135.540795,34.618767],[135.540795,34.618654],[135.540794,34.618608],[135.540793,34.618189],[135.540793,34.618153],[135.540792,34.617995],[135.54079,34.617364],[135.54079,34.617079],[135.54079,34.616904],[135.54079,34.616845],[135.54079,34.616655],[135.54079,34.616573],[135.54079,34.616355],[135.54079,34.61614],[135.54079,34.616058],[135.54079,34.615503],[135.540811,34.615115],[135.540869,34.61493],[135.541028,34.614501],[135.541033,34.61447],[135.541071,34.614238],[135.541064,34.614017],[135.541013,34.613648],[135.54097,34.613182],[135.540963,34.61292],[135.540958,34.612794],[135.540953,34.612656],[135.54092,34.611781],[135.540917,34.611574],[135.540916,34.611457],[135.540911,34.611062],[135.54091,34.610928],[135.540908,34.610754],[135.540898,34.609956],[135.540882,34.60968],[135.540869,34.609454],[135.542752,34.609425],[135.542824,34.609424],[135.543056,34.609422],[135.543131,34.609422],[135.543287,34.609421],[135.543478,34.60942],[135.543633,34.609419],[135.543634,34.60932],[135.543635,34.609235],[135.543643,34.608491],[135.543644,34.608361],[135.543645,34.608283],[135.543646,34.608242],[135.543646,34.608153],[135.543647,34.608069],[135.543647,34.608059],[135.543646,34.607984],[135.543629,34.607384],[135.543606,34.606561],[135.543597,34.606216],[135.543602,34.605992],[135.543609,34.605716],[135.543629,34.60487],[135.54364,34.604367],[135.543638,34.603761],[135.543635,34.603037],[135.543635,34.602862],[135.543633,34.602512],[135.543633,34.602092],[135.543633,34.601762],[135.543633,34.601675],[135.543633,34.601435],[135.543633,34.601204],[135.543633,34.600657],[135.543633,34.600651],[135.543632,34.600609],[135.543628,34.600496],[135.543625,34.600417],[135.543621,34.600318],[135.543619,34.600265],[135.543616,34.600175],[135.543597,34.599641],[135.543597,34.599636],[135.543463,34.599424],[135.543465,34.599298],[135.54347,34.599031],[135.543477,34.598986],[135.543499,34.59884],[135.543504,34.598789],[135.5435625,34.598325]]]}},{"type":"Feature","properties":{"name":"都島区","name:en":"Miyakojima Ward"},"geometry":{"type":"Polygon","coordinates":[[[135.5225765,34.7327263],[135.521312,34.732188],[135.5209031,34.7319058],[135.520455,34.731604],[135.520357,34.731538],[135.520091,34.731359],[135.519895,34.731228],[135.519722,34.731103],[135.519194,34.730596],[135.518992,34.730411],[135.518515,34.729826],[135.518183,34.729242],[135.518053,34.728937],[135.5178157,34.7282919],[135.517546,34.727554],[135.516978,34.725885],[135.516527,34.724559],[135.516073,34.723283],[135.516011,34.723129],[135.5157947,34.7226004],[135.51568,34.722309],[135.515618,34.722156],[135.515508,34.721942],[135.515491,34.721907],[135.51531,34.721553],[135.514894,34.720739],[135.514807,34.720569],[135.5154344,34.7203651],[135.515777,34.720257],[135.516096,34.720157],[135.516254,34.720108],[135.516271,34.720102],[135.51668,34.719974],[135.516687,34.719972],[135.516853,34.71992],[135.516934,34.719895],[135.517818,34.71964],[135.517944,34.719577],[135.518428,34.719336],[135.519106,34.718887],[135.519716,34.718284],[135.5200876,34.7177624],[135.520146,34.717682],[135.520535,34.717138],[135.520776,34.716751],[135.520904,34.71644],[135.5209807,34.7162547],[135.520996,34.716215],[135.521171,34.715789],[135.521178,34.715751],[135.521392,34.714986],[135.521479,34.714672],[135.521492,34.714577],[135.521556,34.714114],[135.52158,34.7138204],[135.521563,34.713111],[135.521556,34.713026],[135.52151,34.712667],[135.5215027,34.7125883],[135.521469,34.712296],[135.5214251,34.7121652],[135.521275,34.711699],[135.521123,34.711461],[135.5210595,34.7113675],[135.520967,34.711249],[135.520752,34.710974],[135.520116,34.71033],[135.5199898,34.7101782],[135.519289,34.709439],[135.519263,34.70941],[135.518809,34.70893],[135.518542,34.708544],[135.5184928,34.7084723],[135.51821,34.708064],[135.518181,34.708022],[135.518009,34.707774],[135.5179117,34.7075669],[135.517826,34.707388],[135.517755,34.707237],[135.517735,34.706667],[135.517735,34.706357],[135.517822,34.705881],[135.517882,34.705649],[135.518085,34.705037],[135.518149,34.704913],[135.5185467,34.7041375],[135.518621,34.703996],[135.5192289,34.7031362],[135.519272,34.703078],[135.519552,34.702695],[135.519841,34.702301],[135.520303,34.701775],[135.520644,34.701372],[135.5209684,34.7009957],[135.521651,34.700176],[135.521741,34.700024],[135.521756,34.699998],[135.521977,34.699625],[135.522239,34.69911],[135.522487,34.698606],[135.522607,34.698363],[135.5228138,34.697505],[135.522855,34.697328],[135.522888,34.6971],[135.522908,34.696954],[135.522929,34.696808],[135.522953,34.696344],[135.522953,34.696222],[135.522921,34.695965],[135.52288,34.695639],[135.522846,34.695364],[135.522631,34.694667],[135.522411,34.694257],[135.522328,34.694104],[135.522309,34.694069],[135.522027,34.693626],[135.521824,34.69338],[135.521644,34.693164],[135.521068,34.692577],[135.521013,34.692535],[135.520632,34.692239],[135.520082,34.691929],[135.520123,34.691909],[135.520184,34.691879],[135.5209572,34.6915013],[135.521255,34.691356],[135.521602,34.691244],[135.521654,34.691228],[135.522199,34.691052],[135.5223721,34.6910752],[135.5226363,34.691111],[135.522763,34.691129],[135.523399,34.691279],[135.524197,34.691501],[135.524802,34.691674],[135.524825,34.691681],[135.5254771,34.6918665],[135.525704,34.691933],[135.526308,34.692166],[135.52656,34.692277],[135.526784,34.692376],[135.526957,34.692452],[135.527635,34.692752],[135.52832,34.693106],[135.5286053,34.6932536],[135.528894,34.693403],[135.529123,34.693522],[135.529855,34.693843],[135.529992,34.693903],[135.531256,34.694392],[135.531371,34.694427],[135.531848,34.694571],[135.531903,34.694588],[135.5322304,34.6946441],[135.5334133,34.6949878],[135.53425,34.6952291],[135.5346052,34.6953386],[135.534676,34.6953569],[135.5347659,34.6953865],[135.5346205,34.6957227],[135.5345721,34.695852],[135.5345389,34.6959221],[135.5343774,34.6963027],[135.5341235,34.6968926],[135.5343019,34.6969269],[135.5344479,34.6969464],[135.5346575,34.6969565],[135.5348866,34.6969664],[135.5356588,34.6969762],[135.5356764,34.6970078],[135.5356934,34.6970637],[135.5357323,34.6971986],[135.5360709,34.69818],[135.53615,34.6984787],[135.536282,34.6990197],[135.5363083,34.6991288],[135.536367,34.6993835],[135.5363987,34.6995119],[135.5364922,34.6998732],[135.5365237,34.6999836],[135.5365529,34.7001259],[135.5367088,34.7007115],[135.5367442,34.7009052],[135.5367867,34.7012087],[135.5368378,34.7016462],[135.5368841,34.7020375],[135.5369026,34.7022083],[135.5369268,34.7023954],[135.536932,34.7024745],[135.5369397,34.7025059],[135.5369414,34.7025799],[135.5369015,34.7028256],[135.5368564,34.7030469],[135.5367884,34.7032089],[135.5367091,34.7033358],[135.5366517,34.7034447],[135.5366287,34.7034885],[135.5365718,34.7035891],[135.5365268,34.7036648],[135.5364946,34.7037286],[135.5364271,34.7038478],[135.5364045,34.7039027],[135.5363713,34.7040338],[135.5363967,34.7042824],[135.536443,34.7044324],[135.53648,34.7046167],[135.5365084,34.7048043],[135.5364977,34.7049271],[135.5364945,34.7050027],[135.5365194,34.7055569],[135.5365141,34.7056792],[135.536499,34.7057015],[135.5364909,34.7057378],[135.5364662,34.7057754],[135.5360815,34.7060435],[135.5360546,34.7061441],[135.536041,34.7063192],[135.5360475,34.7065113],[135.5361106,34.7070091],[135.5361461,34.7073814],[135.5361344,34.7079643],[135.5360401,34.7080631],[135.5359804,34.7083587],[135.5359324,34.7084625],[135.5372221,34.7083994],[135.5376234,34.708404],[135.5376944,34.7084534],[135.5377581,34.7085202],[135.537926,34.7086641],[135.5383108,34.709013],[135.53864,34.7093227],[135.5390677,34.7097007],[135.5392077,34.7098411],[135.5394626,34.7100772],[135.5397657,34.710404],[135.539994,34.7106445],[135.5401578,34.7108223],[135.5402903,34.7109592],[135.5403877,34.7110711],[135.5404615,34.7111519],[135.5406017,34.7113037],[135.5405447,34.7113717],[135.5404394,34.7114957],[135.5403164,34.7116504],[135.5401817,34.7118298],[135.5400353,34.7120142],[135.5398919,34.7121918],[135.5397832,34.7123202],[135.5396937,34.7124328],[135.539641,34.712507],[135.5395775,34.7125815],[135.5394807,34.7126974],[135.5393124,34.7129094],[135.5391156,34.713161],[135.5389682,34.7133446],[135.5387851,34.7135727],[135.5386994,34.7136851],[135.5386158,34.7137999],[135.5384737,34.7139722],[135.5383438,34.7141377],[135.5383065,34.714183],[135.5382694,34.7142306],[135.5382258,34.714285],[135.5381859,34.7143315],[135.5381471,34.7143786],[135.5380284,34.7145306],[135.5379244,34.7146517],[135.5378667,34.7147181],[135.5377742,34.7148307],[135.5376234,34.7150077],[135.5374855,34.7151724],[135.5374051,34.7152663],[135.5372318,34.7154633],[135.5371564,34.7155549],[135.5370745,34.7156542],[135.5369784,34.7157655],[135.5366995,34.7160743],[135.536518,34.7162789],[135.5364597,34.7163436],[135.5363311,34.7164987],[135.5358269,34.7171433],[135.5357367,34.7172621],[135.5356542,34.7173627],[135.5354324,34.7176451],[135.5352386,34.7178849],[135.5351087,34.7180334],[135.534921,34.7182636],[135.5348679,34.7183282],[135.5347905,34.7184163],[135.5346618,34.7185745],[135.5346009,34.7186407],[135.5345275,34.7187316],[135.5344494,34.7188209],[135.5343779,34.7189011],[135.5343392,34.7189412],[135.5342584,34.7190343],[135.5342219,34.7190816],[135.5341482,34.7191739],[135.5340587,34.719283],[135.5339866,34.719369],[135.5335886,34.719864],[135.5335492,34.7199121],[135.5335018,34.7199776],[135.5332749,34.7202337],[135.5332139,34.7203249],[135.5330277,34.72055],[135.5329406,34.7206644],[135.5328847,34.7207398],[135.5328124,34.720829],[135.532634,34.721054],[135.5325385,34.7211662],[135.5324911,34.7212228],[135.5322621,34.7214871],[135.5321466,34.7216184],[135.5320822,34.7216929],[135.5319347,34.7218692],[135.5318812,34.7219318],[135.5318326,34.7219928],[135.5317733,34.7220636],[135.5315434,34.7223256],[135.5314435,34.7224449],[135.5313603,34.7225555],[135.5312889,34.7226606],[135.5310855,34.7229545],[135.530993,34.7231101],[135.5308124,34.7234435],[135.5306978,34.7236584],[135.530639,34.7237621],[135.5305401,34.7239358],[135.5304981,34.7240045],[135.530437,34.7241192],[135.5303131,34.7243611],[135.5302754,34.7244433],[135.5302184,34.724552],[135.5301419,34.7246903],[135.530086,34.7247901],[135.5300028,34.7249304],[135.5299179,34.7250835],[135.5297213,34.7254232],[135.5295845,34.7256849],[135.5295059,34.7258371],[135.5294387,34.7259621],[135.5293826,34.7260739],[135.5292205,34.7263941],[135.5291557,34.7265646],[135.5290962,34.7266824],[135.5290338,34.7268103],[135.5289749,34.7269266],[135.5289078,34.7270653],[135.5287312,34.7273927],[135.5284735,34.7278631],[135.5283986,34.7280105],[135.5283295,34.7281319],[135.5282403,34.7282967],[135.5281236,34.728514],[135.5280264,34.7286927],[135.5279623,34.7288272],[135.5276593,34.7293567],[135.5275518,34.7295488],[135.5274439,34.7297539],[135.5274198,34.7298103],[135.5273693,34.7299118],[135.5271893,34.7302365],[135.5270932,34.7304349],[135.5270237,34.7305649],[135.5269238,34.7307689],[135.5267622,34.7310602],[135.5263404,34.7318626],[135.5260471,34.7324253],[135.5259662,34.7325811],[135.525537,34.7333682],[135.5254355,34.7333581],[135.525311,34.733342],[135.525016,34.733304],[135.52474,34.73326],[135.524258,34.733184],[135.52314,34.732898],[135.5225765,34.7327263]]]}},{"type":"Feature","properties":{"name":"中央区","name:en":"Chūō Ward"},"geometry":{"type":"Polygon","coordinates":[[[135.5098425,34.6625508],[135.5108675,34.662424],[135.5110484,34.664674],[135.5112351,34.6646504],[135.5113272,34.6662907],[135.5113452,34.6666106],[135.5125967,34.6665753],[135.5133968,34.6665476],[135.5143792,34.6665088],[135.5149757,34.6664887],[135.515346,34.6664763],[135.5156936,34.6664323],[135.5164751,34.6663335],[135.516591,34.6663188],[135.517539,34.6661988],[135.5180338,34.6661362],[135.5184825,34.6660794],[135.5192318,34.6659846],[135.5194057,34.6668873],[135.5198459,34.6691717],[135.5203162,34.6716125],[135.5204758,34.6731146],[135.5206007,34.6742826],[135.5206131,34.6743894],[135.5207014,34.6751503],[135.5207634,34.6755158],[135.5207995,34.6758037],[135.5215179,34.6757851],[135.5224242,34.6757245],[135.5226926,34.6756808],[135.5235078,34.6755305],[135.5235971,34.67552],[135.5236514,34.6755061],[135.523695,34.6754904],[135.5243784,34.6753855],[135.5253609,34.6752232],[135.5260864,34.675092],[135.5261707,34.6750768],[135.5262408,34.6750614],[135.5272974,34.6748857],[135.5273559,34.6748843],[135.5274257,34.6748717],[135.5284818,34.6746849],[135.5291569,34.6746436],[135.5296307,34.6746302],[135.5303061,34.674594],[135.531616,34.6745331],[135.5322225,34.6745089],[135.5324751,34.6744922],[135.53277,34.6744844],[135.5331061,34.6744773],[135.5332472,34.6744729],[135.5335609,34.6755972],[135.5338773,34.6766094],[135.5339505,34.6768476],[135.5340682,34.677195],[135.5341504,34.6775423],[135.5341784,34.6776633],[135.5342044,34.6777803],[135.5342308,34.67794],[135.5342555,34.6780016],[135.5342566,34.6781367],[135.534258,34.6783804],[135.5342805,34.6785025],[135.5342586,34.6787032],[135.534256,34.6789243],[135.5342132,34.6791992],[135.5341634,34.6795972],[135.534226,34.6796474],[135.5341447,34.6805927],[135.5340993,34.6809257],[135.5340589,34.6809499],[135.5340124,34.6812718],[135.5339497,34.6812749],[135.5339412,34.6814609],[135.5339368,34.6815588],[135.5339343,34.6818025],[135.5339356,34.6818906],[135.5339468,34.6820147],[135.5339544,34.6820794],[135.5339615,34.6821766],[135.5339846,34.6824439],[135.5340058,34.6826586],[135.5340577,34.6832443],[135.5340726,34.6834116],[135.5342523,34.6855922],[135.5343556,34.6867073],[135.5344293,34.6875306],[135.5344907,34.6881031],[135.5344991,34.6882656],[135.5345691,34.6888294],[135.5346162,34.6890295],[135.5347523,34.6895668],[135.5347982,34.6897507],[135.5348453,34.6899173],[135.5349041,34.6901349],[135.5352339,34.6913124],[135.5352922,34.6915365],[135.5353617,34.691792],[135.5354125,34.6919858],[135.5354497,34.6921618],[135.5354761,34.6923129],[135.5354926,34.6924442],[135.5355055,34.6925892],[135.5355045,34.6928868],[135.5354785,34.6931732],[135.5354618,34.6933148],[135.5353491,34.6936716],[135.5352571,34.6939517],[135.5351855,34.6941367],[135.5350715,34.6943802],[135.5349487,34.6946839],[135.5348372,34.6949518],[135.5347362,34.6952028],[135.534676,34.6953569],[135.5346052,34.6953386],[135.53425,34.6952291],[135.5334133,34.6949878],[135.5322304,34.6946441],[135.531903,34.694588],[135.531848,34.694571],[135.531371,34.694427],[135.531256,34.694392],[135.529992,34.693903],[135.529855,34.693843],[135.529123,34.693522],[135.528894,34.693403],[135.5286053,34.6932536],[135.52832,34.693106],[135.527635,34.692752],[135.526957,34.692452],[135.526784,34.692376],[135.52656,34.692277],[135.526308,34.692166],[135.525704,34.691933],[135.5254771,34.6918665],[135.524825,34.691681],[135.524802,34.691674],[135.524197,34.691501],[135.523399,34.691279],[135.522763,34.691129],[135.5226363,34.691111],[135.5223721,34.6910752],[135.522199,34.691052],[135.521654,34.691228],[135.521602,34.691244],[135.521255,34.691356],[135.5209572,34.6915013],[135.520184,34.691879],[135.520123,34.691909],[135.520082,34.691929],[135.51988,34.69183],[135.519576,34.691681],[135.518356,34.691277],[135.5174933,34.6911826],[135.5173837,34.6911706],[135.517096,34.691139],[135.515679,34.691157],[135.5151679,34.6911634],[135.514957,34.691166],[135.51464,34.6911478],[135.513503,34.691087],[135.512598,34.691043],[135.511736,34.690975],[135.511427,34.690951],[135.510545,34.690888],[135.510502,34.690885],[135.510492,34.690889],[135.509724,34.691199],[135.509503,34.691289],[135.509346,34.69136],[135.508913,34.691554],[135.507767,34.691986],[135.507534,34.692065],[135.507132,34.692201],[135.507035,34.692227],[135.5068618,34.6922757],[135.505979,34.692511],[135.505852,34.692545],[135.504854,34.692628],[135.5037665,34.6927074],[135.503613,34.692716],[135.502754,34.692812],[135.50239,34.692858],[135.50136,34.692989],[135.501023,34.693029],[135.5008894,34.6930462],[135.500622,34.693077],[135.499007,34.693028],[135.498625,34.693],[135.498607,34.692999],[135.498189,34.692966],[135.497774,34.692908],[135.497471,34.692866],[135.497449,34.692667],[135.497431,34.692499],[135.4974402,34.6923846],[135.4974974,34.691505],[135.4975783,34.6907418],[135.4977611,34.6891508],[135.4977731,34.688953],[135.4977894,34.6887165],[135.4978264,34.6881482],[135.497951,34.6871756],[135.4979724,34.6869494],[135.4979786,34.6866284],[135.4979687,34.6860985],[135.49799,34.6857377],[135.4979945,34.6854395],[135.4979959,34.6852856],[135.4980026,34.6837688],[135.4980132,34.6832803],[135.4980102,34.6831443],[135.4980062,34.6829783],[135.4980022,34.6827836],[135.4980163,34.6822235],[135.4980036,34.6819843],[135.4979952,34.6816751],[135.4978631,34.6813737],[135.4976773,34.6805426],[135.4976225,34.6798366],[135.4976014,34.6792159],[135.4975821,34.6787748],[135.4975444,34.6780254],[135.4974932,34.6772644],[135.4974641,34.6767054],[135.4973948,34.6754904],[135.4973658,34.6750028],[135.4972075,34.6734634],[135.4971718,34.6730324],[135.4971628,34.6729594],[135.4971129,34.6724598],[135.4970709,34.6720103],[135.4969315,34.6708041],[135.4968417,34.670254],[135.4967804,34.6699131],[135.4967349,34.6694623],[135.496743,34.669316],[135.496741,34.669257],[135.496738,34.669188],[135.496733,34.669009],[135.496732,34.668974],[135.496815,34.668974],[135.496891,34.668974],[135.496998,34.668974],[135.497081,34.668974],[135.497104,34.668974],[135.497191,34.668926],[135.497236,34.668827],[135.497278,34.668732],[135.497352,34.668638],[135.49775,34.668134],[135.4978006,34.6680706],[135.498024,34.667787],[135.498356,34.667525],[135.498464,34.667328],[135.498468,34.667301],[135.498476,34.667248],[135.498481,34.667213],[135.498489,34.66716],[135.498496,34.667112],[135.4985117,34.6670153],[135.498521,34.666949],[135.498529,34.666892],[135.498724,34.666606],[135.499157,34.665938],[135.499867,34.664918],[135.4999312,34.6648072],[135.499973,34.664766],[135.500059,34.664642],[135.500084,34.664606],[135.500478,34.664041],[135.501026,34.663278],[135.501401,34.663427],[135.501501,34.663416],[135.50161,34.663403],[135.501784,34.663415],[135.5020512,34.6634897],[135.502331,34.663516],[135.502401,34.663529],[135.502743,34.663592],[135.502835,34.6636085],[135.502866,34.663615],[135.502885,34.6636166],[135.503104,34.663308],[135.50327,34.6632385],[135.5051799,34.6631596],[135.5056166,34.663122],[135.5061236,34.6630345],[135.5080265,34.662787],[135.5098425,34.6625508]]]}},{"type":"Feature","properties":{"name":"大正区","name:en":"Taisho Ward"},"geometry":{"type":"Polygon","coordinates":[[[135.480537,34.668137],[135.480402,34.668057],[135.480265,34.667974],[135.4802154,34.6679676],[135.4796011,34.6678049],[135.479462,34.667767],[135.479337,34.667732],[135.479103,34.66767],[135.478815,34.667622],[135.478287,34.667515],[135.47816,34.66749],[135.477272,34.667287],[135.476862,34.667217],[135.47647,34.667163],[135.476089,34.667111],[135.475821,34.667049],[135.475814,34.667047],[135.4756509,34.6670083],[135.475367,34.666944],[135.474882,34.666862],[135.4745228,34.6667979],[135.4743648,34.666954],[135.4737193,34.6667704],[135.47323,34.666611],[135.472916,34.666492],[135.472362,34.666241],[135.472202,34.666139],[135.472171,34.666123],[135.471798,34.665921],[135.471738,34.665888],[135.471636,34.665814],[135.471568,34.665765],[135.47144,34.665677],[135.4710042,34.6653585],[135.470734,34.665161],[135.470206,34.664761],[135.470084,34.66465],[135.469666,34.6643144],[135.468935,34.663695],[135.468637,34.663444],[135.4684095,34.6632478],[135.468267,34.663131],[135.468201,34.66308],[135.468131,34.663025],[135.467795,34.662734],[135.46728,34.662272],[135.467078,34.662091],[135.466908,34.661913],[135.466897,34.661902],[135.466887,34.661893],[135.466647,34.661681],[135.466411,34.661437],[135.466407,34.661434],[135.4663186,34.661317],[135.465992,34.661],[135.465976,34.660982],[135.465902,34.660902],[135.465663,34.660642],[135.465173,34.660096],[135.465024,34.659902],[135.4646482,34.659431],[135.4638252,34.6584007],[135.463089,34.657422],[135.463019,34.657289],[135.463015,34.657281],[135.462842,34.657062],[135.462441,34.656552],[135.462341,34.656426],[135.462254,34.656311],[135.462091,34.656096],[135.461685,34.65555],[135.461483,34.655299],[135.461275,34.655021],[135.460564,34.654003],[135.460223,34.653514],[135.460115,34.653366],[135.459618,34.652682],[135.459234,34.65218],[135.459149,34.652039],[135.458706,34.651419],[135.458566,34.651224],[135.458332,34.650893],[135.458086,34.650545],[135.457348,34.649492],[135.457102,34.649158],[135.456407,34.648193],[135.456365,34.648146],[135.456258,34.648026],[135.456091,34.647934],[135.455992,34.64788],[135.455602,34.647726],[135.455517,34.647711],[135.455405,34.647691],[135.45479,34.647435],[135.454572,34.647378],[135.453905,34.647127],[135.453719,34.647074],[135.453106,34.646877],[135.453031,34.646854],[135.452858,34.646784],[135.452824,34.64677],[135.452312,34.646607],[135.451947,34.646466],[135.451339,34.646263],[135.4511,34.646166],[135.45069,34.646018],[135.450466,34.645937],[135.450279,34.645871],[135.449933,34.645744],[135.44945,34.645567],[135.448806,34.645338],[135.448571,34.64525],[135.447932,34.644999],[135.446874,34.644603],[135.44624,34.644369],[135.444749,34.643834],[135.4436159,34.6433592],[135.4422671,34.6425486],[135.4436404,34.6367404],[135.4451531,34.6295546],[135.4454911,34.6287249],[135.4457433,34.6280936],[135.4465263,34.6274756],[135.4479126,34.6266995],[135.4487815,34.6263529],[135.449432,34.626105],[135.449657,34.626022],[135.449852,34.625954],[135.45009,34.625858],[135.450442,34.625716],[135.450661,34.625648],[135.451326,34.625444],[135.451525,34.625376],[135.452066,34.625223],[135.452406,34.625127],[135.452845,34.625014],[135.452921,34.624993],[135.453071,34.624951],[135.453277,34.624906],[135.453695,34.62481],[135.453928,34.624753],[135.454126,34.624709],[135.454134,34.624708],[135.454566,34.624668],[135.454881,34.624657],[135.455221,34.624636],[135.455549,34.624617],[135.455769,34.624617],[135.455934,34.624612],[135.455961,34.624611],[135.456032,34.624618],[135.456804,34.624691],[135.457457,34.624758],[135.457737,34.624787],[135.458333,34.624875],[135.458693,34.624929],[135.459619,34.625099],[135.460736,34.625291],[135.461988,34.625545],[135.462051,34.625558],[135.462385,34.625626],[135.462749,34.625699],[135.463137,34.625778],[135.463256,34.625802],[135.463782,34.625899],[135.464112,34.62596],[135.465432,34.626249],[135.466502,34.626465],[135.467496,34.626646],[135.468082,34.626781],[135.468871,34.626964],[135.469481,34.627128],[135.469538,34.627136],[135.46968,34.627156],[135.470106,34.627297],[135.470605,34.627462],[135.471208,34.627701],[135.471264,34.627723],[135.471483,34.627819],[135.471572,34.627864],[135.471707,34.627933],[135.471884,34.628023],[135.472261,34.628244],[135.472436,34.628372],[135.472672,34.628546],[135.472748,34.628602],[135.473022,34.628845],[135.473111,34.628928],[135.4734341,34.6292327],[135.473683,34.629459],[135.473804,34.629571],[135.474042,34.629786],[135.47415,34.629882],[135.474438,34.63016],[135.474609,34.630347],[135.474746,34.630483],[135.475123,34.630982],[135.475247,34.631146],[135.475589,34.631667],[135.475764,34.631917],[135.475854,34.632093],[135.4760619,34.6324983],[135.47608,34.632534],[135.476221,34.632795],[135.476567,34.63343],[135.476743,34.633739],[135.476796,34.633832],[135.476838,34.633918],[135.476961,34.634172],[135.477002,34.63426],[135.477063,34.634388],[135.477139,34.634541],[135.477386,34.635107],[135.4776636,34.6357999],[135.47778,34.636077],[135.477958,34.636587],[135.4780435,34.6368337],[135.478237,34.637394],[135.478291,34.63755],[135.478476,34.638128],[135.478524,34.638321],[135.478594,34.638611],[135.478654,34.638859],[135.478774,34.639432],[135.478932,34.640338],[135.4790042,34.6411895],[135.479052,34.641721],[135.4790953,34.6425689],[135.479112,34.643186],[135.479125,34.6436255],[135.479131,34.643711],[135.479105,34.644603],[135.479087,34.645197],[135.479086,34.645252],[135.479038,34.645802],[135.479038,34.645966],[135.479005,34.646345],[135.47899,34.646516],[135.47898,34.646626],[135.4789559,34.6469166],[135.478911,34.647354],[135.47889,34.647542],[135.4788278,34.6478989],[135.478781,34.648176],[135.478774,34.648352],[135.478772,34.648387],[135.478754,34.648982],[135.47875,34.64914],[135.478777,34.649661],[135.4787826,34.6497201],[135.478804,34.649916],[135.4788888,34.6501355],[135.479076,34.650591],[135.479099,34.650642],[135.479295,34.651089],[135.4794255,34.6514228],[135.47961,34.651854],[135.47972,34.652127],[135.479931,34.652638],[135.480039,34.652897],[135.480244,34.653413],[135.480347,34.653651],[135.480607,34.654167],[135.4807857,34.6545278],[135.480854,34.654593],[135.481039,34.654915],[135.481079,34.655018],[135.481098,34.655068],[135.481201,34.655261],[135.48121,34.655278],[135.48129,34.655431],[135.481365,34.655762],[135.481595,34.656779],[135.481615,34.656949],[135.481739,34.657561],[135.481745,34.657714],[135.4818021,34.6580723],[135.48192,34.658723],[135.481975,34.65912],[135.481987,34.659214],[135.481994,34.659261],[135.482009,34.659381],[135.482044,34.659947],[135.482042,34.660241],[135.482041,34.660701],[135.48204,34.660741],[135.48202,34.660933],[135.481992,34.661489],[135.481985,34.661732],[135.481961,34.662622],[135.481941,34.663087],[135.4818947,34.663377],[135.4818603,34.6635918],[135.481837,34.663789],[135.481817,34.663971],[135.481812,34.663994],[135.48167,34.664555],[135.481556,34.664944],[135.481485,34.665189],[135.481332,34.665726],[135.481293,34.665864],[135.481073,34.666617],[135.4807342,34.6675786],[135.480537,34.668137]]]}},{"type":"Feature","properties":{"name":"浪速区","name:en":"Naniwa Ward"},"geometry":{"type":"Polygon","coordinates":[[[135.485359,34.6572682],[135.4853656,34.6571772],[135.4853366,34.6568824],[135.4852599,34.6565763],[135.4852889,34.6562476],[135.4853082,34.6559589],[135.4853174,34.6557823],[135.4853263,34.6556249],[135.485327,34.6555679],[135.4853472,34.655376],[135.4853586,34.6552514],[135.4853652,34.6551712],[135.4853682,34.6550945],[135.4853739,34.6550236],[135.4853793,34.6549621],[135.4853864,34.6548843],[135.4853912,34.6548006],[135.4853993,34.6547045],[135.4854037,34.6546183],[135.4854578,34.6540361],[135.48546,34.6539897],[135.4854632,34.6539347],[135.4854671,34.6538309],[135.4854741,34.6537294],[135.4854799,34.6536636],[135.4855,34.6534383],[135.4855047,34.6533803],[135.4855567,34.6525777],[135.4855825,34.6522577],[135.4855913,34.6519973],[135.4864486,34.6523384],[135.4871819,34.6527378],[135.4874396,34.6528853],[135.4875983,34.6530351],[135.4880806,34.6539082],[135.4882815,34.6539416],[135.4896862,34.6539476],[135.4904145,34.653874],[135.4918489,34.6535375],[135.4926526,34.6531228],[135.4927909,34.6529772],[135.4936627,34.6524855],[135.49402,34.6521921],[135.4948446,34.6517452],[135.4959413,34.6512493],[135.4967016,34.6509709],[135.4975892,34.6508563],[135.5000572,34.6502502],[135.5003687,34.6501703],[135.5033032,34.6494392],[135.5036754,34.6493465],[135.5056985,34.6488685],[135.5065118,34.6486764],[135.5072408,34.6507971],[135.5076695,34.652044],[135.5080238,34.653133],[135.5082132,34.6539033],[135.50969,34.6537507],[135.5097157,34.6538155],[135.5097788,34.6540192],[135.509963,34.6550011],[135.5100453,34.6554756],[135.510491,34.6578376],[135.5104989,34.6579065],[135.5106809,34.6595013],[135.5107229,34.6601589],[135.5107292,34.6602583],[135.5107946,34.6612824],[135.5108062,34.6614632],[135.5108675,34.662424],[135.5098425,34.6625508],[135.5080265,34.662787],[135.5061236,34.6630345],[135.5056166,34.663122],[135.5051799,34.6631596],[135.50327,34.6632385],[135.503104,34.663308],[135.502885,34.6636166],[135.502866,34.663615],[135.502835,34.6636085],[135.502743,34.663592],[135.502401,34.663529],[135.502331,34.663516],[135.5020512,34.6634897],[135.501784,34.663415],[135.50161,34.663403],[135.501501,34.663416],[135.501401,34.663427],[135.501026,34.663278],[135.500478,34.664041],[135.500084,34.664606],[135.500059,34.664642],[135.499973,34.664766],[135.4999312,34.6648072],[135.499867,34.664918],[135.499157,34.665938],[135.498724,34.666606],[135.498529,34.666892],[135.498521,34.666949],[135.4985117,34.6670153],[135.498496,34.667112],[135.498489,34.66716],[135.498481,34.667213],[135.498476,34.667248],[135.498468,34.667301],[135.498464,34.667328],[135.498356,34.667525],[135.498024,34.667787],[135.4978006,34.6680706],[135.49775,34.668134],[135.497352,34.668638],[135.497278,34.668732],[135.497236,34.668827],[135.497191,34.668926],[135.497104,34.668974],[135.497081,34.668974],[135.496998,34.668974],[135.496891,34.668974],[135.496815,34.668974],[135.496732,34.668974],[135.496513,34.668987],[135.496474,34.66899],[135.495986,34.669019],[135.494973,34.669146],[135.4947613,34.6691689],[135.493474,34.66931],[135.493004,34.669379],[135.492876,34.669397],[135.492732,34.66941],[135.492332,34.669446],[135.492129,34.669463],[135.4900658,34.6696498],[135.488509,34.669789],[135.488264,34.669819],[135.487429,34.669923],[135.48703,34.669974],[135.486841,34.669997],[135.486637,34.670014],[135.4865511,34.670013],[135.486482,34.67001],[135.486301,34.669986],[135.486169,34.669952],[135.486057,34.669923],[135.484736,34.669683],[135.48351,34.66945],[135.482951,34.669357],[135.482555,34.669284],[135.481951,34.669172],[135.481795,34.669114],[135.481738,34.669093],[135.481392,34.6689],[135.481082,34.668727],[135.481031,34.668646],[135.480931,34.668489],[135.480537,34.668137],[135.4807342,34.6675786],[135.481073,34.666617],[135.481293,34.665864],[135.481332,34.665726],[135.481485,34.665189],[135.481556,34.664944],[135.48167,34.664555],[135.481812,34.663994],[135.481817,34.663971],[135.481837,34.663789],[135.4818603,34.6635918],[135.4818947,34.663377],[135.481941,34.663087],[135.481961,34.662622],[135.481985,34.661732],[135.481992,34.661489],[135.48202,34.660933],[135.48204,34.660741],[135.482041,34.660701],[135.482042,34.660241],[135.482044,34.659947],[135.482009,34.659381],[135.481994,34.659261],[135.481987,34.659214],[135.481975,34.65912],[135.48192,34.658723],[135.4818021,34.6580723],[135.481745,34.657714],[135.481739,34.657561],[135.481615,34.656949],[135.481595,34.656779],[135.481365,34.655762],[135.48129,34.655431],[135.48121,34.655278],[135.481201,34.655261],[135.481098,34.655068],[135.481079,34.655018],[135.481117,34.65504],[135.481754,34.655396],[135.481967,34.655516],[135.482245,34.655672],[135.482428,34.655775],[135.482706,34.655931],[135.483652,34.65645],[135.483831,34.656536],[135.483981,34.656609],[135.484013,34.656621],[135.484099,34.656655],[135.484444,34.656788],[135.484551,34.65683],[135.484828,34.656937],[135.4849835,34.6570448],[135.4853449,34.6574635],[135.485359,34.6572682]]]}},{"type":"Feature","properties":{"name":"天王寺区","name:en":"Tennōji Ward"},"geometry":{"type":"Polygon","coordinates":[[[135.529223,34.6621657],[135.5297905,34.6638965],[135.5300048,34.6638993],[135.5301137,34.6642307],[135.5301347,34.6642944],[135.5302392,34.6646126],[135.530045,34.6646346],[135.5302105,34.6651],[135.5303301,34.6654363],[135.5304984,34.665956],[135.5305284,34.6660482],[135.5305683,34.6661666],[135.5305985,34.6662531],[135.5307932,34.6668298],[135.5308579,34.6671911],[135.5308818,34.6672805],[135.5309144,34.6673755],[135.5309496,34.6674895],[135.5310975,34.6679793],[135.5311519,34.6681614],[135.5311841,34.6682541],[135.5312263,34.6683819],[135.5313568,34.6687874],[135.531464,34.6691136],[135.5315072,34.6692316],[135.5315445,34.6693419],[135.531603,34.6695234],[135.5316403,34.6696619],[135.5316726,34.6697721],[135.5317668,34.6700815],[135.5318365,34.6702769],[135.53187,34.670386],[135.5319,34.6704621],[135.5319395,34.6705663],[135.5319644,34.6706313],[135.5319919,34.6706992],[135.5320262,34.6707964],[135.5320588,34.6708825],[135.5321174,34.6710198],[135.5321636,34.6711108],[135.5322208,34.6712194],[135.5322846,34.6713456],[135.5323388,34.6714414],[135.5323828,34.6715197],[135.5324267,34.6716005],[135.5324873,34.6717246],[135.5325512,34.6718504],[135.5325895,34.6719502],[135.5326688,34.6721594],[135.5327182,34.6723363],[135.5327521,34.6724684],[135.5328024,34.6726971],[135.5328718,34.672692],[135.5329058,34.6728382],[135.5329376,34.6730125],[135.5329917,34.6732459],[135.5330256,34.6732806],[135.5331114,34.6737364],[135.5330865,34.6737726],[135.5331695,34.6742144],[135.5332159,34.6743759],[135.5332472,34.6744729],[135.5331061,34.6744773],[135.53277,34.6744844],[135.5324751,34.6744922],[135.5322225,34.6745089],[135.531616,34.6745331],[135.5303061,34.674594],[135.5296307,34.6746302],[135.5291569,34.6746436],[135.5284818,34.6746849],[135.5274257,34.6748717],[135.5273559,34.6748843],[135.5272974,34.6748857],[135.5262408,34.6750614],[135.5261707,34.6750768],[135.5260864,34.675092],[135.5253609,34.6752232],[135.5243784,34.6753855],[135.523695,34.6754904],[135.5236514,34.6755061],[135.5235971,34.67552],[135.5235078,34.6755305],[135.5226926,34.6756808],[135.5224242,34.6757245],[135.5215179,34.6757851],[135.5207995,34.6758037],[135.5207634,34.6755158],[135.5207014,34.6751503],[135.5206131,34.6743894],[135.5206007,34.6742826],[135.5204758,34.6731146],[135.5203162,34.6716125],[135.5198459,34.6691717],[135.5194057,34.6668873],[135.5192318,34.6659846],[135.5184825,34.6660794],[135.5180338,34.6661362],[135.517539,34.6661988],[135.516591,34.6663188],[135.5164751,34.6663335],[135.5156936,34.6664323],[135.515346,34.6664763],[135.5149757,34.6664887],[135.5143792,34.6665088],[135.5133968,34.6665476],[135.5125967,34.6665753],[135.5113452,34.6666106],[135.5113272,34.6662907],[135.5112351,34.6646504],[135.5110484,34.664674],[135.5108675,34.662424],[135.5108062,34.6614632],[135.5107946,34.6612824],[135.5107292,34.6602583],[135.5107229,34.6601589],[135.5106809,34.6595013],[135.5104989,34.6579065],[135.510491,34.6578376],[135.5100453,34.6554756],[135.509963,34.6550011],[135.5097788,34.6540192],[135.5097157,34.6538155],[135.50969,34.6537507],[135.5082132,34.6539033],[135.5080238,34.653133],[135.5076695,34.652044],[135.5072408,34.6507971],[135.5065118,34.6486764],[135.5084497,34.6482183],[135.5084948,34.6480232],[135.5087613,34.6479963],[135.5118714,34.6472653],[135.512721,34.6470656],[135.5131269,34.6469913],[135.5134843,34.6469292],[135.5158019,34.6463195],[135.5191102,34.6455835],[135.5192673,34.6458237],[135.5193644,34.6459146],[135.5201679,34.6459807],[135.5206199,34.6460647],[135.5207154,34.6459876],[135.5211858,34.646135],[135.521534,34.6462989],[135.5218638,34.6464917],[135.5222153,34.6467203],[135.5226892,34.6470898],[135.5229436,34.6472615],[135.5236132,34.6478868],[135.524142,34.6483973],[135.5241188,34.6484184],[135.5241726,34.6484765],[135.5243377,34.6486365],[135.5246444,34.6489858],[135.5250596,34.6495697],[135.5253392,34.6501164],[135.526005,34.6522493],[135.5263018,34.6531393],[135.5267364,34.654527],[135.5267471,34.6546238],[135.5270919,34.6556814],[135.5277381,34.6576781],[135.5278464,34.6577554],[135.5283541,34.6594063],[135.528831,34.6609249],[135.5288296,34.6609836],[135.529223,34.6621657]]]}},{"type":"Feature","properties":{"name":"阿倍野区","name:en":"Abeno Ward"},"geometry":{"type":"Polygon","coordinates":[[[135.507246,34.644361],[135.5070318,34.6441955],[135.5069558,34.6438172],[135.5069049,34.6434636],[135.5064072,34.6426807],[135.5062493,34.6420972],[135.5062138,34.6420063],[135.5061506,34.6418444],[135.5056806,34.6409516],[135.5055091,34.6405212],[135.5052507,34.6400554],[135.5050501,34.6397492],[135.5049907,34.6395867],[135.504891,34.6394287],[135.504863,34.6393767],[135.5043633,34.6383614],[135.5043393,34.6383164],[135.5043203,34.6382824],[135.5042189,34.6380642],[135.5041819,34.6380253],[135.5039905,34.6381159],[135.5039258,34.6380043],[135.5038465,34.6378676],[135.5038201,34.6378662],[135.5035386,34.6372716],[135.5034864,34.637277],[135.5032036,34.6366479],[135.5030846,34.6363943],[135.5030766,34.6363603],[135.503069,34.6363294],[135.5030489,34.636317],[135.5029129,34.6362598],[135.5026344,34.6359034],[135.5024243,34.6354706],[135.5023833,34.635469],[135.5023774,34.6354404],[135.5023616,34.635398],[135.5023521,34.635251],[135.5023707,34.6351096],[135.5024332,34.6350504],[135.5023739,34.6347913],[135.5020225,34.6347609],[135.501888,34.6344268],[135.5016708,34.6339498],[135.5013803,34.6332564],[135.5011483,34.6326228],[135.5009781,34.6326804],[135.5009297,34.6325292],[135.5008792,34.6325297],[135.5008142,34.6323864],[135.5007565,34.6322117],[135.5007288,34.6321506],[135.5006807,34.6320605],[135.5004899,34.6317227],[135.5003996,34.6311777],[135.5004373,34.6311328],[135.5004378,34.6310846],[135.5003705,34.6308905],[135.5003709,34.6306066],[135.5002771,34.6302945],[135.5002316,34.6301455],[135.5000617,34.6303364],[135.4997295,34.6303679],[135.4994414,34.629977],[135.4993243,34.6298511],[135.499279,34.6297614],[135.4990931,34.6294849],[135.4990107,34.6293316],[135.4987776,34.6289987],[135.4984927,34.6286353],[135.4983658,34.6285884],[135.498217,34.6284618],[135.4980989,34.6281722],[135.4981602,34.6279614],[135.4982026,34.627829],[135.4980393,34.6276814],[135.4978823,34.6277744],[135.497837,34.6277509],[135.4978168,34.6277221],[135.4977898,34.6276861],[135.4975947,34.6273995],[135.4976477,34.6273621],[135.4974912,34.6272422],[135.4973079,34.6272004],[135.4972362,34.6271717],[135.497226,34.6271434],[135.4971389,34.6269035],[135.4969904,34.6266847],[135.4968319,34.6264742],[135.4966934,34.6265222],[135.4964635,34.626152],[135.4963687,34.62586],[135.4963578,34.6257768],[135.4963501,34.6257326],[135.4962444,34.6254187],[135.4962058,34.625263],[135.4962079,34.625178],[135.4961704,34.6250135],[135.4961893,34.624926],[135.4960644,34.6249181],[135.4959093,34.6244123],[135.4957634,34.6237808],[135.4956758,34.623301],[135.4956636,34.6232394],[135.4959284,34.623343],[135.4962211,34.6233967],[135.4963998,34.6235826],[135.496642,34.6237756],[135.4968635,34.6239133],[135.4969311,34.6239723],[135.4972352,34.6242074],[135.4973094,34.6241372],[135.4973798,34.6240928],[135.4974875,34.6241542],[135.4976579,34.6242565],[135.4977899,34.6243511],[135.4982964,34.624775],[135.4983259,34.6247601],[135.4984026,34.6244153],[135.4988168,34.6245688],[135.4991171,34.6246664],[135.4992747,34.6246802],[135.499465,34.6246765],[135.4996177,34.6246626],[135.4997876,34.6246238],[135.5002164,34.624483],[135.5002684,34.624467],[135.5003234,34.62445],[135.5027841,34.6236852],[135.5029032,34.6236482],[135.5029123,34.6236453],[135.5030127,34.6236141],[135.5040211,34.6233007],[135.5044652,34.6231627],[135.5048069,34.6230525],[135.5049147,34.6230177],[135.5062781,34.6225779],[135.5071507,34.6223014],[135.5072044,34.6222914],[135.5074459,34.6222653],[135.5074654,34.6222637],[135.5075663,34.6222553],[135.5086071,34.6221689],[135.5087,34.6221612],[135.5087492,34.6221571],[135.5087114,34.6218397],[135.5086978,34.6216736],[135.5086868,34.6215986],[135.5086698,34.6214766],[135.5086421,34.6213209],[135.5085942,34.6211149],[135.5084826,34.6204028],[135.5084013,34.619926],[135.5083648,34.6197702],[135.508387,34.6196109],[135.5084767,34.6193391],[135.5085096,34.6192921],[135.5083398,34.6190155],[135.5083023,34.6185676],[135.5082912,34.6182248],[135.5081662,34.6180079],[135.5084593,34.6178847],[135.5082917,34.6175653],[135.5082652,34.6173206],[135.5082552,34.6171778],[135.5083092,34.6170883],[135.5085288,34.6169499],[135.5085929,34.6168607],[135.5091106,34.616863],[135.5094272,34.6168112],[135.5096599,34.6167753],[135.5098614,34.6167488],[135.51005,34.6167355],[135.5104158,34.6167194],[135.5104628,34.6167164],[135.5106039,34.6167015],[135.5110868,34.6166644],[135.512092,34.6165869],[135.5129704,34.6164968],[135.5132017,34.6164781],[135.5132979,34.6164697],[135.5134009,34.6164617],[135.5138455,34.6164495],[135.5139115,34.6164445],[135.515566,34.6163004],[135.5158273,34.6162568],[135.5159431,34.6162564],[135.5164487,34.6170284],[135.5171946,34.6183331],[135.5174744,34.6188513],[135.5187094,34.6212475],[135.5187413,34.6213092],[135.5189186,34.6212938],[135.5194712,34.6224099],[135.5195332,34.6225299],[135.519659,34.6230463],[135.5200209,34.6237952],[135.5200399,34.6238312],[135.5200719,34.6238942],[135.5202921,34.6243424],[135.5203151,34.6243884],[135.5203361,34.6244274],[135.5204454,34.6248337],[135.5206062,34.6252844],[135.5206382,34.6253563],[135.5207577,34.6256252],[135.5207907,34.625694],[135.5210118,34.6261808],[135.5213253,34.6268008],[135.5213373,34.6268298],[135.5213543,34.6268698],[135.5214883,34.6271908],[135.5220914,34.6285902],[135.5223475,34.6291364],[135.5223605,34.6291664],[135.5225045,34.6294884],[135.5225485,34.6295874],[135.5225615,34.6296164],[135.5225745,34.6296454],[135.5227947,34.6301361],[135.5228117,34.6301721],[135.5228287,34.6302111],[135.5229976,34.6306337],[135.5230376,34.6307377],[135.5230905,34.6308441],[135.5232133,34.6312089],[135.5232193,34.6312249],[135.5232983,34.6314309],[135.5233173,34.6314809],[135.5233533,34.6315759],[135.5233693,34.6316179],[135.5233843,34.6316559],[135.523452,34.6318696],[135.523496,34.6319846],[135.5234861,34.6320927],[135.523528,34.6322338],[135.5235599,34.6324876],[135.5235777,34.6327798],[135.5235917,34.6328668],[135.5236117,34.6329998],[135.5236157,34.6330288],[135.5236015,34.63345],[135.5236025,34.63348],[135.5236065,34.633585],[135.5236075,34.633619],[135.5236095,34.633665],[135.5236291,34.6344499],[135.5236351,34.6348509],[135.5236361,34.6349505],[135.5236397,34.6352161],[135.5236407,34.6352481],[135.5236417,34.6352951],[135.5236527,34.6360211],[135.5236697,34.6368287],[135.5236821,34.6372883],[135.5236841,34.6373463],[135.5236958,34.6379314],[135.5239334,34.6378709],[135.5250687,34.6375768],[135.5251097,34.6375668],[135.5251447,34.6375588],[135.5256705,34.6374334],[135.5256985,34.6375084],[135.5259669,34.6380192],[135.5260159,34.6381202],[135.5260509,34.6381922],[135.5261969,34.6384976],[135.5263835,34.6388866],[135.5264521,34.6389977],[135.5267348,34.6395496],[135.5267568,34.6395956],[135.5268253,34.6397837],[135.5269923,34.6401177],[135.5270103,34.6401527],[135.5270303,34.6401927],[135.5272798,34.6407039],[135.5274453,34.641094],[135.5274623,34.641127],[135.5275829,34.6414707],[135.5275986,34.6416173],[135.5277287,34.6418662],[135.527842,34.6418996],[135.5278952,34.6419998],[135.5278572,34.6420174],[135.5279751,34.6422169],[135.5281388,34.6425294],[135.5283603,34.6429391],[135.5284203,34.6430551],[135.5284383,34.6430891],[135.5284533,34.6431191],[135.5286699,34.643671],[135.5289433,34.6442556],[135.5289647,34.6442886],[135.5289194,34.6445543],[135.5289781,34.6445936],[135.5288107,34.6447072],[135.5287055,34.644787],[135.5283164,34.6450813],[135.527643,34.6455927],[135.5275821,34.6456389],[135.527532,34.645677],[135.5265489,34.6464236],[135.5264249,34.6465286],[135.5263379,34.6466036],[135.5262669,34.6466646],[135.5241726,34.6484765],[135.5241188,34.6484184],[135.524142,34.6483973],[135.5236132,34.6478868],[135.5229436,34.6472615],[135.5226892,34.6470898],[135.5222153,34.6467203],[135.5218638,34.6464917],[135.521534,34.6462989],[135.5211858,34.646135],[135.5207154,34.6459876],[135.5206199,34.6460647],[135.5201679,34.6459807],[135.5193644,34.6459146],[135.5192673,34.6458237],[135.5191102,34.6455835],[135.5158019,34.6463195],[135.5134843,34.6469292],[135.5131269,34.6469913],[135.512721,34.6470656],[135.5118714,34.6472653],[135.5087613,34.6479963],[135.5084948,34.6480232],[135.508485,34.6477324],[135.5086258,34.6476926],[135.5081975,34.6464878],[135.5079525,34.6457359],[135.5078653,34.6457509],[135.5077229,34.6453619],[135.507544,34.644961],[135.5074645,34.6447743],[135.507246,34.644361]]]}},{"type":"Feature","properties":{"name":"西成区","name:en":"Nishinari Ward"},"geometry":{"type":"Polygon","coordinates":[[[135.5065118,34.6486764],[135.5056985,34.6488685],[135.5036754,34.6493465],[135.5033032,34.6494392],[135.5003687,34.6501703],[135.5000572,34.6502502],[135.4975892,34.6508563],[135.4967016,34.6509709],[135.4959413,34.6512493],[135.4948446,34.6517452],[135.49402,34.6521921],[135.4936627,34.6524855],[135.4927909,34.6529772],[135.4926526,34.6531228],[135.4918489,34.6535375],[135.4904145,34.653874],[135.4896862,34.6539476],[135.4882815,34.6539416],[135.4880806,34.6539082],[135.4875983,34.6530351],[135.4874396,34.6528853],[135.4871819,34.6527378],[135.4864486,34.6523384],[135.4855913,34.6519973],[135.4855825,34.6522577],[135.4855567,34.6525777],[135.4855047,34.6533803],[135.4855,34.6534383],[135.4854799,34.6536636],[135.4854741,34.6537294],[135.4854671,34.6538309],[135.4854632,34.6539347],[135.48546,34.6539897],[135.4854578,34.6540361],[135.4854037,34.6546183],[135.4853993,34.6547045],[135.4853912,34.6548006],[135.4853864,34.6548843],[135.4853793,34.6549621],[135.4853739,34.6550236],[135.4853682,34.6550945],[135.4853652,34.6551712],[135.4853586,34.6552514],[135.4853472,34.655376],[135.485327,34.6555679],[135.4853263,34.6556249],[135.4853174,34.6557823],[135.4853082,34.6559589],[135.4852889,34.6562476],[135.4852599,34.6565763],[135.4853366,34.6568824],[135.4853656,34.6571772],[135.485359,34.6572682],[135.4853449,34.6574635],[135.4849835,34.6570448],[135.484828,34.656937],[135.484551,34.65683],[135.484444,34.656788],[135.484099,34.656655],[135.484013,34.656621],[135.483981,34.656609],[135.483831,34.656536],[135.483652,34.65645],[135.482706,34.655931],[135.482428,34.655775],[135.482245,34.655672],[135.481967,34.655516],[135.481754,34.655396],[135.481117,34.65504],[135.481079,34.655018],[135.481039,34.654915],[135.480854,34.654593],[135.4807857,34.6545278],[135.480607,34.654167],[135.480347,34.653651],[135.480244,34.653413],[135.480039,34.652897],[135.479931,34.652638],[135.47972,34.652127],[135.47961,34.651854],[135.4794255,34.6514228],[135.479295,34.651089],[135.479099,34.650642],[135.479076,34.650591],[135.4788888,34.6501355],[135.478804,34.649916],[135.4787826,34.6497201],[135.478777,34.649661],[135.47875,34.64914],[135.478754,34.648982],[135.478772,34.648387],[135.478774,34.648352],[135.478781,34.648176],[135.4788278,34.6478989],[135.47889,34.647542],[135.478911,34.647354],[135.4789559,34.6469166],[135.47898,34.646626],[135.47899,34.646516],[135.479005,34.646345],[135.479038,34.645966],[135.479038,34.645802],[135.479086,34.645252],[135.479087,34.645197],[135.479105,34.644603],[135.479131,34.643711],[135.479125,34.6436255],[135.479112,34.643186],[135.4790953,34.6425689],[135.479052,34.641721],[135.4790042,34.6411895],[135.478932,34.640338],[135.478774,34.639432],[135.478654,34.638859],[135.478594,34.638611],[135.478524,34.638321],[135.478476,34.638128],[135.478291,34.63755],[135.478237,34.637394],[135.4780435,34.6368337],[135.477958,34.636587],[135.47778,34.636077],[135.4776636,34.6357999],[135.477386,34.635107],[135.477139,34.634541],[135.477063,34.634388],[135.477002,34.63426],[135.476961,34.634172],[135.476838,34.633918],[135.476796,34.633832],[135.476743,34.633739],[135.476567,34.63343],[135.476221,34.632795],[135.47608,34.632534],[135.4760619,34.6324983],[135.475854,34.632093],[135.475764,34.631917],[135.475589,34.631667],[135.475247,34.631146],[135.475123,34.630982],[135.474746,34.630483],[135.474609,34.630347],[135.474438,34.63016],[135.47415,34.629882],[135.474042,34.629786],[135.473804,34.629571],[135.473683,34.629459],[135.4734341,34.6292327],[135.4744811,34.6285865],[135.4749738,34.6282825],[135.475342,34.628019],[135.4764011,34.6272383],[135.4791766,34.6258878],[135.4793153,34.6258166],[135.4802094,34.6253572],[135.481698,34.6245798],[135.4817429,34.624541],[135.4817862,34.624452],[135.4824299,34.6218275],[135.4824303,34.6218265],[135.4824535,34.621768],[135.4824586,34.621769],[135.4866486,34.6225404],[135.4880729,34.6228134],[135.4898907,34.6231516],[135.4901403,34.6231191],[135.4902958,34.6231286],[135.490389,34.6232602],[135.4910381,34.6233279],[135.4915904,34.6233302],[135.4920807,34.6233133],[135.492895,34.6232769],[135.4929901,34.6232623],[135.494108,34.6231746],[135.494478,34.6231377],[135.4948955,34.6231063],[135.4956275,34.6230775],[135.4956636,34.6232394],[135.4956758,34.623301],[135.4957634,34.6237808],[135.4959093,34.6244123],[135.4960644,34.6249181],[135.4961893,34.624926],[135.4961704,34.6250135],[135.4962079,34.625178],[135.4962058,34.625263],[135.4962444,34.6254187],[135.4963501,34.6257326],[135.4963578,34.6257768],[135.4963687,34.62586],[135.4964635,34.626152],[135.4966934,34.6265222],[135.4968319,34.6264742],[135.4969904,34.6266847],[135.4971389,34.6269035],[135.497226,34.6271434],[135.4972362,34.6271717],[135.4973079,34.6272004],[135.4974912,34.6272422],[135.4976477,34.6273621],[135.4975947,34.6273995],[135.4977898,34.6276861],[135.4978168,34.6277221],[135.497837,34.6277509],[135.4978823,34.6277744],[135.4980393,34.6276814],[135.4982026,34.627829],[135.4981602,34.6279614],[135.4980989,34.6281722],[135.498217,34.6284618],[135.4983658,34.6285884],[135.4984927,34.6286353],[135.4987776,34.6289987],[135.4990107,34.6293316],[135.4990931,34.6294849],[135.499279,34.6297614],[135.4993243,34.6298511],[135.4994414,34.629977],[135.4997295,34.6303679],[135.5000617,34.6303364],[135.5002316,34.6301455],[135.5002771,34.6302945],[135.5003709,34.6306066],[135.5003705,34.6308905],[135.5004378,34.6310846],[135.5004373,34.6311328],[135.5003996,34.6311777],[135.5004899,34.6317227],[135.5006807,34.6320605],[135.5007288,34.6321506],[135.5007565,34.6322117],[135.5008142,34.6323864],[135.5008792,34.6325297],[135.5009297,34.6325292],[135.5009781,34.6326804],[135.5011483,34.6326228],[135.5013803,34.6332564],[135.5016708,34.6339498],[135.501888,34.6344268],[135.5020225,34.6347609],[135.5023739,34.6347913],[135.5024332,34.6350504],[135.5023707,34.6351096],[135.5023521,34.635251],[135.5023616,34.635398],[135.5023774,34.6354404],[135.5023833,34.635469],[135.5024243,34.6354706],[135.5026344,34.6359034],[135.5029129,34.6362598],[135.5030489,34.636317],[135.503069,34.6363294],[135.5030766,34.6363603],[135.5030846,34.6363943],[135.5032036,34.6366479],[135.5034864,34.637277],[135.5035386,34.6372716],[135.5038201,34.6378662],[135.5038465,34.6378676],[135.5039258,34.6380043],[135.5039905,34.6381159],[135.5041819,34.6380253],[135.5042189,34.6380642],[135.5043203,34.6382824],[135.5043393,34.6383164],[135.5043633,34.6383614],[135.504863,34.6393767],[135.504891,34.6394287],[135.5049907,34.6395867],[135.5050501,34.6397492],[135.5052507,34.6400554],[135.5055091,34.6405212],[135.5056806,34.6409516],[135.5061506,34.6418444],[135.5062138,34.6420063],[135.5062493,34.6420972],[135.5064072,34.6426807],[135.5069049,34.6434636],[135.5069558,34.6438172],[135.5070318,34.6441955],[135.507246,34.644361],[135.5074645,34.6447743],[135.507544,34.644961],[135.5077229,34.6453619],[135.5078653,34.6457509],[135.5079525,34.6457359],[135.5081975,34.6464878],[135.5086258,34.6476926],[135.508485,34.6477324],[135.5084948,34.6480232],[135.5084497,34.6482183],[135.5065118,34.6486764]]]}},{"type":"Feature","properties":{"name":"東住吉区","name:en":"Higashisumiyoshi Ward"},"geometry":{"type":"Polygon","coordinates":[[[135.5476351,34.6364888],[135.5475554,34.6365342],[135.5474733,34.6365817],[135.5472915,34.6366921],[135.5471079,34.6368012],[135.5470267,34.6368581],[135.5468737,34.6369728],[135.5467292,34.6370833],[135.5464782,34.6372556],[135.5461807,34.6374674],[135.5457706,34.6377682],[135.5456301,34.6378689],[135.5454953,34.6379712],[135.5453953,34.6380627],[135.545343,34.638122],[135.545313,34.6381839],[135.5452844,34.6382373],[135.5452485,34.6382815],[135.5452101,34.638336],[135.5451685,34.6384589],[135.5451345,34.6385263],[135.5449916,34.6388772],[135.5448636,34.6392965],[135.5448354,34.6394969],[135.5448692,34.6398146],[135.5448934,34.6399301],[135.5450036,34.6402447],[135.5450214,34.6404649],[135.5449803,34.6405825],[135.5449191,34.640677],[135.5448835,34.6407319],[135.5447461,34.6408065],[135.5445873,34.6408636],[135.5416255,34.6412237],[135.5398344,34.6414292],[135.5390238,34.6415178],[135.5389181,34.6414707],[135.5388137,34.6414813],[135.537925,34.6415852],[135.537371,34.641658],[135.5371811,34.6416663],[135.537024,34.6416029],[135.536775,34.6414477],[135.5365721,34.6413139],[135.5364148,34.6412135],[135.5362504,34.641139],[135.5359924,34.6409734],[135.5357709,34.6408307],[135.5355787,34.6407084],[135.5354246,34.640598],[135.5353719,34.6405511],[135.5353519,34.6404674],[135.5352011,34.6398625],[135.5351615,34.6397095],[135.5351092,34.6395002],[135.5349694,34.639551],[135.5347278,34.6396376],[135.5345423,34.6397036],[135.5344113,34.6397675],[135.5342984,34.6399052],[135.5342769,34.6399314],[135.5342456,34.6399696],[135.5341865,34.6400417],[135.5340975,34.6401501],[135.5340766,34.6401755],[135.5338535,34.6404476],[135.5335855,34.6407742],[135.5333882,34.6410602],[135.5330441,34.641467],[135.5328351,34.6416655],[135.532624,34.6418522],[135.5324668,34.6419815],[135.5320033,34.6423256],[135.5319453,34.6423687],[135.5318839,34.6424143],[135.5315223,34.6426828],[135.5314999,34.6426994],[135.5314557,34.6427323],[135.5305705,34.6433895],[135.5305441,34.6434091],[135.5305103,34.6434343],[135.5303593,34.6435464],[135.5295435,34.6441522],[135.5294752,34.6442029],[135.5289781,34.6445936],[135.5289194,34.6445543],[135.5289647,34.6442886],[135.5289433,34.6442556],[135.5286699,34.643671],[135.5284533,34.6431191],[135.5284383,34.6430891],[135.5284203,34.6430551],[135.5283603,34.6429391],[135.5281388,34.6425294],[135.5279751,34.6422169],[135.5278572,34.6420174],[135.5278952,34.6419998],[135.527842,34.6418996],[135.5277287,34.6418662],[135.5275986,34.6416173],[135.5275829,34.6414707],[135.5274623,34.641127],[135.5274453,34.641094],[135.5272798,34.6407039],[135.5270303,34.6401927],[135.5270103,34.6401527],[135.5269923,34.6401177],[135.5268253,34.6397837],[135.5267568,34.6395956],[135.5267348,34.6395496],[135.5264521,34.6389977],[135.5263835,34.6388866],[135.5261969,34.6384976],[135.5260509,34.6381922],[135.5260159,34.6381202],[135.5259669,34.6380192],[135.5256985,34.6375084],[135.5256705,34.6374334],[135.5251447,34.6375588],[135.5251097,34.6375668],[135.5250687,34.6375768],[135.5239334,34.6378709],[135.5236958,34.6379314],[135.5236841,34.6373463],[135.5236821,34.6372883],[135.5236697,34.6368287],[135.5236527,34.6360211],[135.5236417,34.6352951],[135.5236407,34.6352481],[135.5236397,34.6352161],[135.5236361,34.6349505],[135.5236351,34.6348509],[135.5236291,34.6344499],[135.5236095,34.633665],[135.5236075,34.633619],[135.5236065,34.633585],[135.5236025,34.63348],[135.5236015,34.63345],[135.5236157,34.6330288],[135.5236117,34.6329998],[135.5235917,34.6328668],[135.5235777,34.6327798],[135.5235599,34.6324876],[135.523528,34.6322338],[135.5234861,34.6320927],[135.523496,34.6319846],[135.523452,34.6318696],[135.5233843,34.6316559],[135.5233693,34.6316179],[135.5233533,34.6315759],[135.5233173,34.6314809],[135.5232983,34.6314309],[135.5232193,34.6312249],[135.5232133,34.6312089],[135.5230905,34.6308441],[135.5230376,34.6307377],[135.5229976,34.6306337],[135.5228287,34.6302111],[135.5228117,34.6301721],[135.5227947,34.6301361],[135.5225745,34.6296454],[135.5225615,34.6296164],[135.5225485,34.6295874],[135.5225045,34.6294884],[135.5223605,34.6291664],[135.5223475,34.6291364],[135.5220914,34.6285902],[135.5214883,34.6271908],[135.5213543,34.6268698],[135.5213373,34.6268298],[135.5213253,34.6268008],[135.5210118,34.6261808],[135.5207907,34.625694],[135.5207577,34.6256252],[135.5206382,34.6253563],[135.5206062,34.6252844],[135.5204454,34.6248337],[135.5203361,34.6244274],[135.5203151,34.6243884],[135.5202921,34.6243424],[135.5200719,34.6238942],[135.5200399,34.6238312],[135.5200209,34.6237952],[135.519659,34.6230463],[135.5195332,34.6225299],[135.5194712,34.6224099],[135.5189186,34.6212938],[135.5187413,34.6213092],[135.5187094,34.6212475],[135.5174744,34.6188513],[135.5171946,34.6183331],[135.5164487,34.6170284],[135.5159431,34.6162564],[135.51573,34.6159227],[135.5157121,34.6158931],[135.5151816,34.6149772],[135.5151576,34.6149382],[135.514422,34.6137708],[135.514401,34.61326],[135.51439,34.613146],[135.514373,34.612976],[135.5143546,34.6127629],[135.514343,34.612678],[135.514245,34.611703],[135.514214,34.611393],[135.51405,34.610024],[135.514034,34.609894],[135.514015,34.609736],[135.51399,34.609526],[135.514207,34.609519],[135.514336,34.609514],[135.514349,34.609514],[135.514527,34.609511],[135.51469,34.609508],[135.5150089,34.6095017],[135.5153205,34.609497],[135.5172289,34.6094736],[135.5172612,34.6094727],[135.5175803,34.6094765],[135.519375,34.609493],[135.520418,34.609487],[135.5237423,34.6094679],[135.5237432,34.6092934],[135.5237424,34.6091344],[135.5237436,34.6085771],[135.5232431,34.6085575],[135.5232473,34.6083857],[135.5227135,34.6083941],[135.5227241,34.6082274],[135.5227088,34.6079572],[135.5227065,34.6077682],[135.5227597,34.6075465],[135.5227615,34.6073028],[135.5227277,34.6072492],[135.5227538,34.6069406],[135.5226592,34.6069271],[135.5226625,34.6067883],[135.522641,34.6066535],[135.522665,34.6060135],[135.5226779,34.6056629],[135.5226835,34.6054773],[135.52241,34.605432],[135.522427,34.604918],[135.522449,34.604244],[135.52273,34.604232],[135.522737,34.604113],[135.522741,34.604042],[135.522788,34.603202],[135.52279,34.60316],[135.522795,34.603069],[135.522796,34.603007],[135.522806,34.602354],[135.52281,34.602139],[135.522842,34.601376],[135.522846,34.60128],[135.522904,34.601017],[135.522929,34.600762],[135.52294,34.600647],[135.522944,34.599948],[135.522947,34.599461],[135.522945,34.599406],[135.522943,34.599345],[135.522925,34.59887],[135.522878,34.598471],[135.522873,34.598424],[135.522853,34.598256],[135.52281,34.598114],[135.522718,34.597813],[135.522706,34.597774],[135.522644,34.59757],[135.522594,34.597403],[135.522543,34.597134],[135.522539,34.597002],[135.522508,34.596107],[135.522507,34.59574],[135.522506,34.595345],[135.522504,34.595066],[135.522503,34.594672],[135.522503,34.594575],[135.523626,34.595099],[135.526368,34.5964],[135.526571,34.59608],[135.526626,34.595992],[135.5266345,34.5959786],[135.5267064,34.5958646],[135.5268412,34.5956512],[135.52696,34.595463],[135.5270443,34.5953438],[135.527134,34.595217],[135.527195,34.595132],[135.527205,34.595117],[135.52738,34.594971],[135.527419,34.594938],[135.527581,34.5948001],[135.527703,34.5947],[135.528086,34.594682],[135.528337,34.594638],[135.528879,34.594545],[135.5292621,34.5944665],[135.5295371,34.5944118],[135.5297044,34.5942949],[135.5299087,34.5931035],[135.5299282,34.59299],[135.5299436,34.5929003],[135.5299737,34.5927251],[135.5300944,34.5920212],[135.5301011,34.5917722],[135.5301208,34.5916519],[135.5301916,34.5912204],[135.5301969,34.5911878],[135.5302074,34.5911242],[135.5302429,34.5909076],[135.530522,34.5909171],[135.5304761,34.5911533],[135.5304409,34.5915032],[135.5302891,34.5922786],[135.5301501,34.5931783],[135.5301049,34.5935511],[135.5300598,34.5939225],[135.5300458,34.5940379],[135.5302342,34.594456],[135.5303561,34.5947265],[135.530387,34.594795],[135.53077,34.594849],[135.530762,34.595087],[135.530755,34.595529],[135.530946,34.5958536],[135.53095,34.595881],[135.531001,34.596099],[135.531008,34.596132],[135.531044,34.596229],[135.531087,34.596346],[135.531092,34.596347],[135.53117,34.596361],[135.53178,34.596471],[135.531755,34.596658],[135.5317467,34.5967181],[135.531715,34.596949],[135.531663,34.597277],[135.5316559,34.597321],[135.531587,34.59775],[135.531508,34.598251],[135.531499,34.598309],[135.532004,34.598404],[135.531987,34.59853],[135.531968,34.598679],[135.532232,34.598719],[135.532314,34.598732],[135.532732,34.598789],[135.532978,34.598822],[135.534688,34.598989],[135.534728,34.599099],[135.53476,34.599185],[135.535518,34.599227],[135.536463,34.599269],[135.536889,34.599293],[135.536939,34.599424],[135.53702,34.599426],[135.538347,34.599448],[135.538452,34.599402],[135.538507,34.599378],[135.538524,34.599371],[135.538592,34.599341],[135.539977,34.599365],[135.543463,34.599424],[135.543597,34.599636],[135.543597,34.599641],[135.543616,34.600175],[135.543619,34.600265],[135.543621,34.600318],[135.543625,34.600417],[135.543628,34.600496],[135.543632,34.600609],[135.543633,34.600651],[135.543633,34.600657],[135.543633,34.601204],[135.543633,34.601435],[135.543633,34.601675],[135.543633,34.601762],[135.543633,34.602092],[135.543633,34.602512],[135.543635,34.602862],[135.543635,34.603037],[135.543638,34.603761],[135.54364,34.604367],[135.543629,34.60487],[135.543609,34.605716],[135.543602,34.605992],[135.543597,34.606216],[135.543606,34.606561],[135.543629,34.607384],[135.543646,34.607984],[135.543647,34.608059],[135.543647,34.608069],[135.543646,34.608153],[135.543646,34.608242],[135.543645,34.608283],[135.543644,34.608361],[135.543643,34.608491],[135.543635,34.609235],[135.543634,34.60932],[135.543633,34.609419],[135.543478,34.60942],[135.543287,34.609421],[135.543131,34.609422],[135.543056,34.609422],[135.542824,34.609424],[135.542752,34.609425],[135.540869,34.609454],[135.540882,34.60968],[135.540898,34.609956],[135.540908,34.610754],[135.54091,34.610928],[135.540911,34.611062],[135.540916,34.611457],[135.540917,34.611574],[135.54092,34.611781],[135.540953,34.612656],[135.540958,34.612794],[135.540963,34.61292],[135.54097,34.613182],[135.541013,34.613648],[135.541064,34.614017],[135.541071,34.614238],[135.541033,34.61447],[135.541028,34.614501],[135.540869,34.61493],[135.540811,34.615115],[135.54079,34.615503],[135.54079,34.616058],[135.54079,34.61614],[135.54079,34.616355],[135.54079,34.616573],[135.54079,34.616655],[135.54079,34.616845],[135.54079,34.616904],[135.54079,34.617079],[135.54079,34.617364],[135.540792,34.617995],[135.540793,34.618153],[135.540793,34.618189],[135.540794,34.618608],[135.540795,34.618654],[135.540795,34.618767],[135.540796,34.619047],[135.540797,34.619231],[135.540796,34.619303],[135.540794,34.619379],[135.5407908,34.6195302],[135.540788,34.619666],[135.540775,34.620367],[135.540764,34.620917],[135.540761,34.62108],[135.540761,34.621411],[135.540761,34.621608],[135.540761,34.621778],[135.540761,34.621823],[135.540761,34.621829],[135.540761,34.621831],[135.540761,34.622059],[135.540761,34.622935],[135.540761,34.622971],[135.540761,34.622979],[135.540756,34.62325],[135.540752,34.623539],[135.54075,34.623624],[135.540745,34.623976],[135.540743,34.624075],[135.540736,34.624495],[135.540734,34.624657],[135.540732,34.624802],[135.540734,34.624953],[135.540739,34.625255],[135.540745,34.625255],[135.541461,34.62526],[135.541569,34.62526],[135.542082,34.625264],[135.542306,34.625265],[135.542407,34.625266],[135.542469,34.625266],[135.542571,34.625266],[135.543554,34.625272],[135.5435952,34.6252718],[135.5435956,34.6255552],[135.5435936,34.6260717],[135.5435925,34.6266802],[135.5435874,34.627248],[135.5435868,34.6277201],[135.54359,34.6281026],[135.5435864,34.6287637],[135.5435838,34.6291677],[135.5435726,34.6295434],[135.5435667,34.6298075],[135.5435793,34.6303517],[135.5435844,34.63063],[135.5435923,34.6309859],[135.5436056,34.6314879],[135.5436142,34.6318155],[135.5436179,34.6321983],[135.5436203,34.6324497],[135.5436265,34.6324762],[135.5436808,34.6325324],[135.5440357,34.6328972],[135.5444495,34.6332667],[135.5448005,34.6336284],[135.5453207,34.6341499],[135.5460399,34.6348838],[135.5467013,34.6355588],[135.5475107,34.6363644],[135.5476351,34.6364888]]]}},{"type":"Feature","properties":{"name":"住之江区","name:en":"Suminoe Ward"},"geometry":{"type":"Polygon","coordinates":[[[135.3882917,34.607689],[135.4208644,34.607795],[135.4236969,34.6079363],[135.4368289,34.6081483],[135.446539,34.608329],[135.447194,34.60813],[135.447794,34.607985],[135.448071,34.607918],[135.449607,34.607521],[135.450149,34.607381],[135.450769,34.607218],[135.4526,34.606735],[135.453567,34.606473],[135.454356,34.606261],[135.455086,34.606052],[135.456074,34.605759],[135.457621,34.6052989],[135.458082,34.605158],[135.45858,34.605022],[135.459087,34.604884],[135.459089,34.604883],[135.459092,34.604882],[135.459794,34.60465],[135.461086,34.6042603],[135.461612,34.604102],[135.46168,34.604079],[135.461783,34.604044],[135.462005,34.603969],[135.462745,34.603744],[135.463605,34.6035063],[135.463889,34.603421],[135.464096,34.603354],[135.464302,34.603304],[135.464763,34.603178],[135.465967,34.602846],[135.466169,34.602788],[135.466271,34.602751],[135.466355,34.602721],[135.466491,34.602689],[135.466492,34.602689],[135.466532,34.60268],[135.466844,34.602589],[135.467252,34.602472],[135.467464,34.602397],[135.468064,34.602239],[135.468396,34.602151],[135.468468,34.60213],[135.4688051,34.6020278],[135.469364,34.601853],[135.46938,34.601846],[135.469565,34.601766],[135.470049,34.601603],[135.470894,34.601288],[135.471168,34.601186],[135.471245,34.601157],[135.471317,34.60113],[135.471362,34.601107],[135.471612,34.60098],[135.471907,34.60083],[135.472463,34.600553],[135.473355,34.600124],[135.473829,34.599912],[135.474005,34.599824],[135.474202,34.599749],[135.4756619,34.5991502],[135.475992,34.599016],[135.476395,34.598871],[135.476478,34.59884],[135.477466,34.598471],[135.478156,34.5982],[135.478403,34.598117],[135.479766,34.597667],[135.480284,34.597501],[135.480397,34.597467],[135.481552,34.597122],[135.482231,34.59693],[135.482493,34.596892],[135.482645,34.596863],[135.483194,34.596733],[135.483379,34.596689],[135.483479,34.596666],[135.483699,34.596613],[135.483856,34.596576],[135.484718,34.596409],[135.4853503,34.596301],[135.486337,34.596126],[135.4870948,34.5959892],[135.4878227,34.5979623],[135.4881875,34.5987933],[135.4884536,34.5994905],[135.4886958,34.6002273],[135.4888753,34.6007398],[135.4891264,34.6018],[135.4894479,34.6030316],[135.4895781,34.6035039],[135.4898647,34.6046617],[135.4900529,34.605363],[135.4903271,34.6064667],[135.4906179,34.6076031],[135.4910196,34.6092448],[135.4912579,34.6101126],[135.490835,34.6101441],[135.4905794,34.6101906],[135.4904006,34.6102649],[135.4900848,34.6104137],[135.4897794,34.6105382],[135.4895888,34.6106977],[135.4899098,34.6120337],[135.4900932,34.612724],[135.4901787,34.6130523],[135.4903732,34.6136312],[135.490454,34.6138621],[135.4906093,34.6144112],[135.4907556,34.6149813],[135.4909599,34.615727],[135.4910294,34.6159973],[135.491195,34.6166866],[135.4914385,34.6175563],[135.4913078,34.6175782],[135.491304,34.617611],[135.491298,34.617681],[135.491509,34.6180912],[135.4916473,34.6183338],[135.4918429,34.6191373],[135.4924615,34.6215373],[135.4928681,34.6231386],[135.492895,34.6232769],[135.4920807,34.6233133],[135.4915904,34.6233302],[135.4910381,34.6233279],[135.490389,34.6232602],[135.4902958,34.6231286],[135.4901403,34.6231191],[135.4898907,34.6231516],[135.4880729,34.6228134],[135.4866486,34.6225404],[135.4824586,34.621769],[135.4824535,34.621768],[135.4824303,34.6218265],[135.4824299,34.6218275],[135.4817862,34.624452],[135.4817429,34.624541],[135.481698,34.6245798],[135.4802094,34.6253572],[135.4793153,34.6258166],[135.4791766,34.6258878],[135.4764011,34.6272383],[135.475342,34.628019],[135.4749738,34.6282825],[135.4744811,34.6285865],[135.4734341,34.6292327],[135.473111,34.628928],[135.473022,34.628845],[135.472748,34.628602],[135.472672,34.628546],[135.472436,34.628372],[135.472261,34.628244],[135.471884,34.628023],[135.471707,34.627933],[135.471572,34.627864],[135.471483,34.627819],[135.471264,34.627723],[135.471208,34.627701],[135.470605,34.627462],[135.470106,34.627297],[135.46968,34.627156],[135.469538,34.627136],[135.469481,34.627128],[135.468871,34.626964],[135.468082,34.626781],[135.467496,34.626646],[135.466502,34.626465],[135.465432,34.626249],[135.464112,34.62596],[135.463782,34.625899],[135.463256,34.625802],[135.463137,34.625778],[135.462749,34.625699],[135.462385,34.625626],[135.462051,34.625558],[135.461988,34.625545],[135.460736,34.625291],[135.459619,34.625099],[135.458693,34.624929],[135.458333,34.624875],[135.457737,34.624787],[135.457457,34.624758],[135.456804,34.624691],[135.456032,34.624618],[135.455961,34.624611],[135.455934,34.624612],[135.455769,34.624617],[135.455549,34.624617],[135.455221,34.624636],[135.454881,34.624657],[135.454566,34.624668],[135.454134,34.624708],[135.454126,34.624709],[135.453928,34.624753],[135.453695,34.62481],[135.453277,34.624906],[135.453071,34.624951],[135.452921,34.624993],[135.452845,34.625014],[135.452406,34.625127],[135.452066,34.625223],[135.451525,34.625376],[135.451326,34.625444],[135.450661,34.625648],[135.450442,34.625716],[135.45009,34.625858],[135.449852,34.625954],[135.449657,34.626022],[135.449432,34.626105],[135.4487815,34.6263529],[135.4479126,34.6266995],[135.4465263,34.6274756],[135.4457433,34.6280936],[135.4454911,34.6287249],[135.4451531,34.6295546],[135.4436404,34.6367404],[135.4422671,34.6425486],[135.4402071,34.6435549],[135.4351002,34.645691],[135.4264742,34.6478799],[135.4243714,34.6483918],[135.4222051,34.6489856],[135.4208953,34.6486389],[135.4092866,34.6445788],[135.399223,34.6411011],[135.3934938,34.6381175],[135.3885156,34.6341805],[135.3836876,34.6318146],[135.3791815,34.6286895],[135.3657705,34.6175475],[135.3464202,34.6055777],[135.3810529,34.6110525],[135.3882917,34.607689]]]}},{"type":"Feature","properties":{"name":"住吉区","name:en":"Sumiyoshi Ward"},"geometry":{"type":"Polygon","coordinates":[[[135.522503,34.594575],[135.522503,34.594672],[135.522504,34.595066],[135.522506,34.595345],[135.522507,34.59574],[135.522508,34.596107],[135.522539,34.597002],[135.522543,34.597134],[135.522594,34.597403],[135.522644,34.59757],[135.522706,34.597774],[135.522718,34.597813],[135.52281,34.598114],[135.522853,34.598256],[135.522873,34.598424],[135.522878,34.598471],[135.522925,34.59887],[135.522943,34.599345],[135.522945,34.599406],[135.522947,34.599461],[135.522944,34.599948],[135.52294,34.600647],[135.522929,34.600762],[135.522904,34.601017],[135.522846,34.60128],[135.522842,34.601376],[135.52281,34.602139],[135.522806,34.602354],[135.522796,34.603007],[135.522795,34.603069],[135.52279,34.60316],[135.522788,34.603202],[135.522741,34.604042],[135.522737,34.604113],[135.52273,34.604232],[135.522449,34.604244],[135.522427,34.604918],[135.52241,34.605432],[135.5226835,34.6054773],[135.5226779,34.6056629],[135.522665,34.6060135],[135.522641,34.6066535],[135.5226625,34.6067883],[135.5226592,34.6069271],[135.5227538,34.6069406],[135.5227277,34.6072492],[135.5227615,34.6073028],[135.5227597,34.6075465],[135.5227065,34.6077682],[135.5227088,34.6079572],[135.5227241,34.6082274],[135.5227135,34.6083941],[135.5232473,34.6083857],[135.5232431,34.6085575],[135.5237436,34.6085771],[135.5237424,34.6091344],[135.5237432,34.6092934],[135.5237423,34.6094679],[135.520418,34.609487],[135.519375,34.609493],[135.5175803,34.6094765],[135.5172612,34.6094727],[135.5172289,34.6094736],[135.5153205,34.609497],[135.5150089,34.6095017],[135.51469,34.609508],[135.514527,34.609511],[135.514349,34.609514],[135.514336,34.609514],[135.514207,34.609519],[135.51399,34.609526],[135.514015,34.609736],[135.514034,34.609894],[135.51405,34.610024],[135.514214,34.611393],[135.514245,34.611703],[135.514343,34.612678],[135.5143546,34.6127629],[135.514373,34.612976],[135.51439,34.613146],[135.514401,34.61326],[135.514422,34.6137708],[135.5151576,34.6149382],[135.5151816,34.6149772],[135.5157121,34.6158931],[135.51573,34.6159227],[135.5159431,34.6162564],[135.5158273,34.6162568],[135.515566,34.6163004],[135.5139115,34.6164445],[135.5138455,34.6164495],[135.5134009,34.6164617],[135.5132979,34.6164697],[135.5132017,34.6164781],[135.5129704,34.6164968],[135.512092,34.6165869],[135.5110868,34.6166644],[135.5106039,34.6167015],[135.5104628,34.6167164],[135.5104158,34.6167194],[135.51005,34.6167355],[135.5098614,34.6167488],[135.5096599,34.6167753],[135.5094272,34.6168112],[135.5091106,34.616863],[135.5085929,34.6168607],[135.5085288,34.6169499],[135.5083092,34.6170883],[135.5082552,34.6171778],[135.5082652,34.6173206],[135.5082917,34.6175653],[135.5084593,34.6178847],[135.5081662,34.6180079],[135.5082912,34.6182248],[135.5083023,34.6185676],[135.5083398,34.6190155],[135.5085096,34.6192921],[135.5084767,34.6193391],[135.508387,34.6196109],[135.5083648,34.6197702],[135.5084013,34.619926],[135.5084826,34.6204028],[135.5085942,34.6211149],[135.5086421,34.6213209],[135.5086698,34.6214766],[135.5086868,34.6215986],[135.5086978,34.6216736],[135.5087114,34.6218397],[135.5087492,34.6221571],[135.5087,34.6221612],[135.5086071,34.6221689],[135.5075663,34.6222553],[135.5074654,34.6222637],[135.5074459,34.6222653],[135.5072044,34.6222914],[135.5071507,34.6223014],[135.5062781,34.6225779],[135.5049147,34.6230177],[135.5048069,34.6230525],[135.5044652,34.6231627],[135.5040211,34.6233007],[135.5030127,34.6236141],[135.5029123,34.6236453],[135.5029032,34.6236482],[135.5027841,34.6236852],[135.5003234,34.62445],[135.5002684,34.624467],[135.5002164,34.624483],[135.4997876,34.6246238],[135.4996177,34.6246626],[135.499465,34.6246765],[135.4992747,34.6246802],[135.4991171,34.6246664],[135.4988168,34.6245688],[135.4984026,34.6244153],[135.4983259,34.6247601],[135.4982964,34.624775],[135.4977899,34.6243511],[135.4976579,34.6242565],[135.4974875,34.6241542],[135.4973798,34.6240928],[135.4973094,34.6241372],[135.4972352,34.6242074],[135.4969311,34.6239723],[135.4968635,34.6239133],[135.496642,34.6237756],[135.4963998,34.6235826],[135.4962211,34.6233967],[135.4959284,34.623343],[135.4956636,34.6232394],[135.4956275,34.6230775],[135.4948955,34.6231063],[135.494478,34.6231377],[135.494108,34.6231746],[135.4929901,34.6232623],[135.492895,34.6232769],[135.4928681,34.6231386],[135.4924615,34.6215373],[135.4918429,34.6191373],[135.4916473,34.6183338],[135.491509,34.6180912],[135.491298,34.617681],[135.491304,34.617611],[135.4913078,34.6175782],[135.4914385,34.6175563],[135.491195,34.6166866],[135.4910294,34.6159973],[135.4909599,34.615727],[135.4907556,34.6149813],[135.4906093,34.6144112],[135.490454,34.6138621],[135.4903732,34.6136312],[135.4901787,34.6130523],[135.4900932,34.612724],[135.4899098,34.6120337],[135.4895888,34.6106977],[135.4897794,34.6105382],[135.4900848,34.6104137],[135.4904006,34.6102649],[135.4905794,34.6101906],[135.490835,34.6101441],[135.4912579,34.6101126],[135.4910196,34.6092448],[135.4906179,34.6076031],[135.4903271,34.6064667],[135.4900529,34.605363],[135.4898647,34.6046617],[135.4895781,34.6035039],[135.4894479,34.6030316],[135.4891264,34.6018],[135.4888753,34.6007398],[135.4886958,34.6002273],[135.4884536,34.5994905],[135.4881875,34.5987933],[135.4878227,34.5979623],[135.4870948,34.5959892],[135.487206,34.595971],[135.488516,34.595739],[135.488768,34.595685],[135.48966,34.595535],[135.489931,34.595477],[135.490475,34.59536],[135.490937,34.59526],[135.491724,34.595081],[135.491904,34.59504],[135.492498,34.594927],[135.493356,34.594817],[135.493377,34.594815],[135.493665,34.594781],[135.493942,34.594744],[135.494311,34.594657],[135.49444,34.594627],[135.495251,34.594311],[135.495823,34.593994],[135.496141,34.593778],[135.49622,34.593719],[135.496336,34.593634],[135.496367,34.593611],[135.49669,34.593361],[135.497193,34.592921],[135.497273,34.592816],[135.497393,34.592659],[135.497471,34.592468],[135.497667,34.591991],[135.497733,34.591796],[135.497808,34.591574],[135.498085,34.590751],[135.498302,34.590029],[135.498504,34.589414],[135.498597,34.58917],[135.498771,34.588842],[135.499022,34.588486],[135.499348,34.588025],[135.499767,34.587559],[135.500091,34.587231],[135.500363,34.587041],[135.500373,34.587034],[135.500806,34.586766],[135.501051,34.586599],[135.501105,34.586551],[135.501227,34.58648],[135.501427,34.586397],[135.501617,34.586349],[135.501851,34.586289],[135.502226,34.586171],[135.502484,34.586166],[135.502564,34.586164],[135.502869,34.586159],[135.503333,34.586154],[135.504078,34.586233],[135.504447,34.586301],[135.505151,34.586431],[135.505876,34.586599],[135.506306,34.586758],[135.506667,34.586943],[135.507316,34.587402],[135.507814,34.587688],[135.508081,34.587802],[135.508839,34.588094],[135.509986,34.588571],[135.510802,34.588876],[135.511617,34.589203],[135.512043,34.589419],[135.512565,34.589683],[135.512678,34.58974],[135.513125,34.589991],[135.513803,34.590182],[135.514164,34.590307],[135.514784,34.590575],[135.514787,34.590576],[135.515088,34.590707],[135.515228,34.590776],[135.51612,34.59122],[135.516646,34.591506],[135.517577,34.592162],[135.518054,34.592502],[135.518416,34.592725],[135.51853,34.592794],[135.518854,34.592967],[135.519517,34.593249],[135.521187,34.59396],[135.52199,34.594335],[135.522503,34.594575]]]}}]}