{"type":"FeatureCollection","features":[{"type":"Feature","properties":{"name":"多摩川","name:en":"Tama River","kind":"river"},"geometry":{"type":"LineString","coordinates":[[139.0493379,35.7923072],[139.0504768,35.7931711],[139.050986,35.7935723],[139.0511564,35.793728],[139.0513762,35.7938291],[139.0513882,35.7938321],[139.0514352,35.7938321],[139.0515192,35.7938281],[139.0515892,35.7938211],[139.0516461,35.7937899],[139.0516882,35.793733],[139.0518614,35.7937037],[139.052542,35.793142],[139.0533938,35.7928542],[139.0534678,35.7927982],[139.0534858,35.7927532],[139.0534855,35.792651],[139.0534945,35.792349],[139.0534945,35.792194],[139.0535025,35.792058],[139.0535045,35.791815],[139.0534605,35.791481],[139.0534205,35.791104],[139.0533925,35.791002],[139.0533795,35.790959],[139.0533245,35.790876],[139.0532675,35.790828],[139.0531775,35.790765],[139.052999,35.790746],[139.052889,35.790591],[139.052837,35.790468],[139.052809,35.79039],[139.052799,35.790295],[139.052816,35.790107],[139.05285,35.789969],[139.052857,35.789897],[139.052858,35.789809],[139.052849,35.789753],[139.052811,35.789652],[139.0528172,35.7891754],[139.0530879,35.7890604],[139.0537577,35.7887371],[139.0542484,35.7884711],[139.0547483,35.7883153],[139.055109,35.7882442],[139.0555015,35.788251],[139.0557782,35.7883075],[139.0560475,35.788426],[139.0562041,35.788568],[139.05628,35.7888],[139.056459,35.789103],[139.056531,35.789375],[139.056578,35.789557],[139.056614,35.789713],[139.05662,35.789794],[139.056648,35.790098],[139.056654,35.790386],[139.056662,35.79059],[139.0566581,35.7908006],[139.0566991,35.7908746],[139.0567711,35.7909526],[139.0568441,35.7909926],[139.0569591,35.7910056],[139.0570441,35.7909856],[139.0571621,35.7909336],[139.0573914,35.7908811],[139.0575927,35.7908948],[139.0578077,35.7908618],[139.0580307,35.7908948],[139.0582757,35.7909558],[139.0584667,35.7910938],[139.0586425,35.7912234],[139.058816,35.791402],[139.058828,35.791528],[139.058919,35.792032],[139.05896,35.792119],[139.0590563,35.7923539],[139.0590952,35.7924815],[139.0593222,35.7926958],[139.0594548,35.7927876],[139.0598626,35.7928119],[139.0602249,35.7927346],[139.0605531,35.7926807],[139.0606831,35.7926327],[139.0607771,35.7925747],[139.0608691,35.7925027],[139.0610081,35.7923697],[139.0610884,35.7921822],[139.061174,35.791793],[139.061371,35.791397],[139.061479,35.791189],[139.061499,35.791146],[139.061742,35.7909039],[139.061849,35.7907939],[139.061924,35.7907469],[139.062026,35.7907259],[139.062187,35.7907109],[139.062397,35.7907299],[139.062798,35.7908049],[139.063049,35.7908729],[139.063151,35.7909179],[139.063305,35.7910209],[139.063382,35.7911339],[139.06343,35.7912439],[139.063468,35.791346],[139.063417,35.791491],[139.063335,35.791663],[139.063218,35.791843],[139.063104,35.792035],[139.063046,35.792187],[139.063021,35.792288],[139.063036,35.792349],[139.063057,35.792413],[139.0630937,35.792501],[139.0631932,35.7927776],[139.0633662,35.7929856],[139.0635392,35.7931406],[139.0638272,35.7933456],[139.0642942,35.7936256],[139.0643522,35.7936466],[139.0647933,35.7938213],[139.0649803,35.7938553],[139.0651383,35.7938583],[139.0652181,35.7938316],[139.0653113,35.7938003],[139.0654303,35.7936993],[139.0654993,35.7936013],[139.0655833,35.7934753],[139.0656393,35.7933603],[139.0657713,35.7929833],[139.065717,35.792511],[139.065804,35.792356],[139.065892,35.792242],[139.065974,35.79217],[139.066067,35.79214],[139.066174,35.792136],[139.066511,35.792225],[139.066632,35.792271],[139.066808,35.792354],[139.06696,35.792433],[139.067259,35.792649],[139.067502,35.792814],[139.067729,35.792914],[139.068038,35.792999],[139.0681119,35.7930222],[139.068194,35.793048],[139.068596,35.793175],[139.068837,35.793232],[139.068971,35.793257],[139.069153,35.793268],[139.069372,35.7933],[139.069649,35.793369],[139.069907,35.793417],[139.0701482,35.793489],[139.0704666,35.79354],[139.0708579,35.7935189],[139.0714829,35.7933899],[139.0718428,35.7932209],[139.0723162,35.7928489],[139.0729698,35.7926039],[139.0733981,35.79267],[139.0736366,35.792681],[139.0738345,35.7927627],[139.073958,35.7928344],[139.0741463,35.7930516],[139.0742805,35.7932982],[139.0744676,35.7939408],[139.0745508,35.7942837],[139.0746015,35.7945806],[139.0747482,35.7948678],[139.0748046,35.7949497],[139.0748737,35.7950499],[139.0749517,35.7951379],[139.0750387,35.7952049],[139.0751297,35.7952489],[139.0752457,35.7952869],[139.0754409,35.7952825],[139.0756158,35.7953274],[139.0757358,35.7953244],[139.0758768,35.7953474],[139.0761248,35.7954084],[139.0763028,35.7954794],[139.0764118,35.7955404],[139.0765298,35.7956074],[139.0767578,35.7957554],[139.0769188,35.7958364],[139.0769935,35.7959037],[139.0772545,35.7959887],[139.0775495,35.7961267],[139.0777255,35.7961987],[139.0780205,35.7962827],[139.0781535,35.7963427],[139.0782635,35.7964447],[139.0784808,35.7965464],[139.0785708,35.7966648],[139.0786034,35.7968579],[139.0785268,35.7970697],[139.0784261,35.797323],[139.0783891,35.7976174],[139.0783304,35.7977573],[139.078338,35.797948],[139.078345,35.798002],[139.0783984,35.7981591],[139.0783632,35.7985397],[139.0784678,35.7988052],[139.0785858,35.7991663],[139.0786259,35.7994435],[139.0786292,35.7996974],[139.0786497,35.7997956],[139.0786693,35.8000583],[139.0786364,35.8002875],[139.0785805,35.8004066],[139.0784809,35.800518],[139.0784268,35.8007126],[139.0784417,35.8008965],[139.0784654,35.8010178],[139.0784409,35.8011199],[139.0784771,35.8012034],[139.0786803,35.8013659],[139.0787794,35.8013702],[139.0789163,35.8014377],[139.0790905,35.8014794],[139.0791931,35.8015007],[139.0793357,35.8015282],[139.0800874,35.8014772],[139.080361,35.8014231],[139.0805973,35.8013426],[139.0808305,35.8013231],[139.0809671,35.8012712],[139.0813011,35.8011957],[139.08152,35.8011613],[139.0817438,35.800826],[139.0818776,35.8006932],[139.08203,35.800534],[139.0820993,35.8003658],[139.0822068,35.8002554],[139.0822988,35.8001222],[139.0823678,35.7999612],[139.0824121,35.7995959],[139.0825034,35.7990578],[139.0825447,35.7987493],[139.0825804,35.7986178],[139.0828297,35.7984481],[139.0829754,35.7984686],[139.0830225,35.7984638],[139.0833889,35.7984142],[139.0835929,35.7983556],[139.0837834,35.7982177],[139.084023,35.798209],[139.084401,35.798337],[139.084716,35.798513],[139.0849528,35.7987075],[139.0850999,35.7989071],[139.085366,35.7991986],[139.0854803,35.7995164],[139.0855401,35.7997889],[139.0854987,35.8000953],[139.0853501,35.8003339],[139.0849893,35.8007503],[139.084817,35.8012301],[139.0846452,35.8015223],[139.08465,35.80166],[139.0846705,35.8017971],[139.0847392,35.8019161],[139.085048,35.802016],[139.085229,35.802096],[139.085436,35.802196],[139.085653,35.802335],[139.085842,35.80249],[139.085982,35.802666],[139.086122,35.802813],[139.086289,35.802934],[139.086461,35.803008],[139.086659,35.803074],[139.086821,35.803089],[139.0869357,35.8031365],[139.0871867,35.8031022],[139.0873169,35.8030017],[139.0873591,35.802887],[139.0874574,35.8027238],[139.0875125,35.8026427],[139.0875879,35.8025928],[139.0876969,35.8025629],[139.087788,35.8025183],[139.0878922,35.8024541],[139.0881156,35.8023839],[139.0883144,35.8022577],[139.0886122,35.8019511],[139.0888402,35.8016942],[139.0891752,35.8013483],[139.0893747,35.8009812],[139.0895388,35.8006935],[139.0897661,35.8003918],[139.0900182,35.8000718],[139.0901173,35.7999622],[139.0902253,35.7998427],[139.0905299,35.7997196],[139.090681,35.7997364],[139.0908375,35.7998101],[139.0908719,35.7999646],[139.0909537,35.8003562],[139.0909746,35.8004832],[139.0909313,35.8007799],[139.0909959,35.8010259],[139.0909931,35.8011834],[139.0909479,35.8016163],[139.0910597,35.8019199],[139.0911739,35.8020541],[139.0913108,35.8022036],[139.0914117,35.8022997],[139.091526,35.8024335],[139.0915665,35.8025669],[139.091543,35.802911],[139.0914108,35.8032633],[139.0914505,35.8037399],[139.0916683,35.8040324],[139.0918713,35.8042938],[139.0920966,35.8044913],[139.092398,35.804619],[139.092723,35.804788],[139.093174,35.804928],[139.09335,35.804974],[139.09358,35.805034],[139.095285,35.805397],[139.095667,35.8055446],[139.0958145,35.8057647],[139.0959867,35.8060351],[139.0962303,35.8062056],[139.0963787,35.8063126],[139.09649,35.806365],[139.096671,35.8066426],[139.0967406,35.8067672],[139.0968506,35.8068186],[139.0970657,35.8070096],[139.0976721,35.8072137],[139.0978758,35.8073573],[139.0982314,35.8075784],[139.0985282,35.807701],[139.0989605,35.8078124],[139.0994955,35.8078191],[139.0997538,35.8077677],[139.1000364,35.8075507],[139.1001992,35.8074255],[139.1003268,35.8072707],[139.100488,35.8070502],[139.1007181,35.806779],[139.1007724,35.8064029],[139.1007664,35.8060838],[139.1008312,35.8059485],[139.1010295,35.805819],[139.1014261,35.8056494],[139.1015669,35.8054933],[139.1018578,35.80528],[139.1020156,35.8048799],[139.1022211,35.8045033],[139.1023336,35.8042195],[139.1026762,35.8039261],[139.1032047,35.8034791],[139.103537,35.802941],[139.103632,35.802799],[139.1037511,35.8027115],[139.1039683,35.8025295],[139.104103,35.8022901],[139.1044596,35.8020486],[139.1052402,35.8017214],[139.1057244,35.8016445],[139.1060335,35.8017277],[139.1062696,35.8018089],[139.106503,35.80187],[139.1067275,35.8019594],[139.106833,35.80204],[139.107058,35.802135],[139.107206,35.802214],[139.107528,35.802423],[139.107739,35.802583],[139.108092,35.802838],[139.108427,35.803113],[139.1086454,35.8032518],[139.108833,35.803418],[139.1090508,35.8035261],[139.1096243,35.803787],[139.1096675,35.8038135],[139.1097461,35.8038504],[139.110026,35.803989],[139.110202,35.804093],[139.1103457,35.8041732],[139.1104711,35.8041901],[139.1106066,35.804276],[139.110592,35.804569],[139.110693,35.80466],[139.110904,35.8049803],[139.1109738,35.8050397],[139.11132,35.8054366],[139.1113963,35.8055982],[139.1116748,35.8059227],[139.1117831,35.806035],[139.1118882,35.8061626],[139.1120283,35.8062876],[139.1121928,35.8066191],[139.1123432,35.8067597],[139.1124621,35.8068934],[139.1127734,35.8071389],[139.1130123,35.8073271],[139.1133606,35.8076834],[139.1135692,35.8078102],[139.1138343,35.8080479],[139.1140255,35.8081824],[139.1141839,35.8083816],[139.1142756,35.808536],[139.1144009,35.808827],[139.114454,35.8089985],[139.1145384,35.8091636],[139.1149179,35.8095187],[139.1151746,35.8098134],[139.1155037,35.8101002],[139.1158844,35.8106747],[139.1161187,35.810946],[139.1164227,35.81126],[139.116588,35.8115683],[139.1168126,35.8117957],[139.117082,35.8120168],[139.1173421,35.8121609],[139.1177229,35.8121564],[139.1180921,35.8120418],[139.1183878,35.8119157],[139.1186733,35.8118919],[139.1190253,35.8119557],[139.1200263,35.8120938],[139.1204459,35.8120782],[139.1215019,35.8118001],[139.1217828,35.8115736],[139.1220033,35.8112979],[139.1221494,35.8111346],[139.1223471,35.8109492],[139.1226075,35.8107959],[139.1229547,35.8106368],[139.1231738,35.8106398],[139.1234175,35.8106512],[139.1236706,35.8107565],[139.1238455,35.8109227],[139.1238239,35.811009],[139.1238676,35.8110771],[139.1238825,35.8111002],[139.1239002,35.8111276],[139.1240336,35.811223],[139.1240871,35.8113181],[139.1241183,35.8114143],[139.1241377,35.8114751],[139.1241718,35.8115202],[139.1242701,35.8115719],[139.1242806,35.8116429],[139.1243115,35.8117121],[139.1243573,35.8117626],[139.1243708,35.8118279],[139.1243989,35.8118871],[139.1244688,35.8119713],[139.1245198,35.8120563],[139.1245699,35.8121474],[139.1246082,35.812202],[139.1246791,35.8122345],[139.1247359,35.8123314],[139.1248043,35.812398],[139.1249364,35.812486],[139.1250097,35.8125796],[139.1251625,35.8126643],[139.1253337,35.8127991],[139.1254767,35.8128876],[139.1256156,35.812966],[139.1258441,35.8129973],[139.1260297,35.8130172],[139.1263098,35.8130253],[139.1266413,35.8130054],[139.1268344,35.8130162],[139.1271106,35.8130184],[139.127344,35.8130554],[139.1276068,35.8130924],[139.1279126,35.8131315],[139.1282264,35.8132359],[139.1284437,35.8133621],[139.1286019,35.813423],[139.1288755,35.8135121],[139.1292081,35.8135578],[139.1294281,35.8136361],[139.1295275,35.8137944],[139.1295675,35.813858],[139.1297424,35.81412],[139.1299425,35.8142321],[139.1301371,35.8143121],[139.130281,35.814336],[139.1305948,35.8144887],[139.1309184,35.8145972],[139.1309972,35.8146236],[139.1313673,35.8147128],[139.1316516,35.8146736],[139.1318716,35.8145866],[139.1320137,35.8144996],[139.1321264,35.814393],[139.132178,35.814302],[139.132243,35.814229],[139.1322656,35.81397],[139.1325544,35.8134836],[139.1328072,35.813082],[139.133034,35.8127576],[139.1330389,35.8125141],[139.1333101,35.8122222],[139.133361,35.812103],[139.133423,35.812058],[139.133481,35.812018],[139.133533,35.811989],[139.133581,35.811952],[139.133614,35.811923],[139.133645,35.81189],[139.133731,35.81179],[139.133787,35.811724],[139.133856,35.811604],[139.133928,35.811446],[139.133957,35.811411],[139.134001,35.811371],[139.134035,35.811345],[139.134073,35.811324],[139.134151,35.811283],[139.134237,35.811251],[139.134309,35.811231],[139.134387,35.811215],[139.1345341,35.8112385],[139.1347888,35.8113324],[139.1349374,35.8114665],[139.1350526,35.811609],[139.1351884,35.8117381],[139.1352801,35.8118581],[139.1354303,35.8119991],[139.1355575,35.8121465],[139.1356235,35.8123563],[139.135627,35.8124431],[139.1355892,35.8128492],[139.1355602,35.8131943],[139.135542,35.8134458],[139.1356569,35.8136702],[139.135776,35.8138573],[139.1359044,35.8140207],[139.1360306,35.81409],[139.1362273,35.8141119],[139.1366089,35.8141488],[139.1369871,35.8141016],[139.1372656,35.814103],[139.1375383,35.8141964],[139.1376686,35.8142798],[139.1380521,35.8145798],[139.1383555,35.8147529],[139.1384742,35.814835],[139.1386438,35.8149175],[139.1388768,35.8150431],[139.1390806,35.8151066],[139.1395306,35.8151698],[139.1399886,35.8151978],[139.1402972,35.8151776],[139.1405381,35.815122],[139.140626,35.815099],[139.140818,35.815076],[139.140969,35.81506],[139.141031,35.815054],[139.141103,35.815039],[139.1412993,35.815032],[139.1415034,35.8149788],[139.1417611,35.8149168],[139.1421428,35.8148341],[139.142601,35.8147116],[139.1427872,35.8146795],[139.143044,35.8146006],[139.143378,35.8145316],[139.143719,35.814348],[139.144036,35.814253],[139.144311,35.814164],[139.144553,35.814069],[139.144672,35.814016],[139.144997,35.813855],[139.145325,35.813672],[139.1455823,35.8134048],[139.1459379,35.8131698],[139.146197,35.813064],[139.146383,35.813022],[139.146508,35.813003],[139.146664,35.813008],[139.146988,35.813064],[139.147166,35.813128],[139.147466,35.813324],[139.147708,35.813558],[139.1480856,35.814022],[139.148294,35.814186],[139.1484882,35.814231],[139.1485884,35.8142285],[139.1486234,35.8142365],[139.1486434,35.8142405],[139.1486824,35.8142395],[139.1487214,35.8142345],[139.1487634,35.8142275],[139.1487894,35.8142215],[139.1488544,35.8142025],[139.1489134,35.8141795],[139.1490794,35.8140875],[139.1492364,35.8139985],[139.1492694,35.8139795],[139.1492964,35.8139705],[139.1493414,35.8139605],[139.149574,35.814044],[139.149786,35.814022],[139.150002,35.814008],[139.150366,35.81398],[139.150472,35.813977],[139.150694,35.81399],[139.150927,35.814011],[139.151119,35.814027],[139.151319,35.814055],[139.151624,35.814088],[139.151771,35.814119],[139.151879,35.814149],[139.15198,35.814186],[139.152135,35.814256],[139.152249,35.814305],[139.15231,35.814327],[139.1524364,35.8142972],[139.1528622,35.8143382],[139.1532177,35.8143502],[139.153623,35.814354],[139.1537617,35.8143351],[139.1541183,35.814292],[139.1543219,35.8142039],[139.1544729,35.8140072],[139.1545401,35.8137949],[139.154569,35.8135228],[139.1545532,35.8128195],[139.154661,35.8124733],[139.1549592,35.8120097],[139.1550739,35.8118496],[139.1551646,35.8117421],[139.1552683,35.8115866],[139.1553979,35.8114871],[139.1555551,35.8113486],[139.1557283,35.8112636],[139.1558814,35.8111486],[139.1560862,35.8110186],[139.1561992,35.8109026],[139.1563616,35.8107741],[139.1565792,35.8106106],[139.1566894,35.8105715],[139.1567616,35.8104521],[139.1569126,35.8103649],[139.1571452,35.8101369],[139.157375,35.8098748],[139.1575447,35.8097327],[139.1577783,35.8094509],[139.1580833,35.8092357],[139.1582744,35.8090641],[139.1586114,35.808872],[139.158908,35.808705],[139.159048,35.8086297],[139.1593187,35.8085635],[139.159533,35.8085406],[139.159892,35.8085565],[139.1602157,35.8086027],[139.1604975,35.8086409],[139.1608345,35.8087353],[139.1612251,35.8088056],[139.1615623,35.8088739],[139.161699,35.808907],[139.161845,35.808937],[139.162015,35.808994],[139.162238,35.809108],[139.162617,35.809362],[139.162727,35.809442],[139.162815,35.809517],[139.162846,35.80955],[139.162873,35.809596],[139.162896,35.809646],[139.162907,35.809683],[139.162913,35.809705],[139.162915,35.809761],[139.162913,35.809802],[139.1627243,35.8100835],[139.1625632,35.8103178],[139.1625019,35.8106747],[139.1625206,35.8109258],[139.1625459,35.8112159],[139.1624969,35.8114429],[139.1624289,35.8117466],[139.1623994,35.811796],[139.1623849,35.8120368],[139.1624696,35.8122162],[139.1627357,35.8123472],[139.1627823,35.8123539],[139.1633456,35.8124786],[139.1638278,35.8124957],[139.1645046,35.8124933],[139.1645821,35.8124661],[139.1650257,35.8123421],[139.168029,35.810468],[139.1682946,35.810026],[139.1684158,35.8098488],[139.168545,35.8095744],[139.1686581,35.8093077],[139.168841,35.809039],[139.168916,35.80875],[139.1689388,35.8083686],[139.1689849,35.8082038],[139.168955,35.8080614],[139.168953,35.8078374],[139.168909,35.8076294],[139.168811,35.8074044],[139.168792,35.8073014],[139.1688275,35.8071929],[139.1688345,35.8071349],[139.1688435,35.8070879],[139.1688555,35.8070499],[139.1688795,35.8070019],[139.1689105,35.8069499],[139.1689305,35.8069239],[139.1689825,35.8068839],[139.1690185,35.8068589],[139.1690495,35.8068459],[139.1691125,35.8068399],[139.1691705,35.8068399],[139.1692825,35.8068629],[139.1693145,35.8068719],[139.1693425,35.8068729],[139.1694145,35.8068719],[139.1694855,35.8068629],[139.1695235,35.8068519],[139.16984,35.806658],[139.170079,35.806539],[139.170126,35.806501],[139.170176,35.806455],[139.170212,35.806412],[139.170231,35.806389],[139.170296,35.806312],[139.1702938,35.8062218],[139.1703078,35.8060874],[139.1703739,35.805943],[139.170462,35.805858],[139.170494,35.805778],[139.17052,35.805722],[139.170566,35.805635],[139.170606,35.805572],[139.1707621,35.8054924],[139.1709155,35.8054464],[139.1711072,35.8053577],[139.1712636,35.8052947],[139.1714276,35.8052682],[139.1715987,35.8052945],[139.1717937,35.8053301],[139.1718797,35.8053686],[139.17197,35.8054934],[139.1720225,35.8056147],[139.1721463,35.8058172],[139.1722014,35.8058823],[139.1727587,35.8062661],[139.1729004,35.8063622],[139.1729505,35.8064541],[139.1730962,35.8065901],[139.1733386,35.806789],[139.1735356,35.8069021],[139.1737852,35.8069956],[139.1740297,35.8070798],[139.1743199,35.8071216],[139.1746498,35.8071203],[139.1750012,35.8071812],[139.1754121,35.8070311],[139.1757199,35.8069608],[139.1760724,35.80697],[139.1762073,35.8069668],[139.1763072,35.806907],[139.1764118,35.8067518],[139.1764846,35.8065891],[139.1765883,35.806454],[139.1766082,35.8063544],[139.176633,35.8062723],[139.1765614,35.8059906],[139.1766398,35.8058187],[139.1765933,35.8057025],[139.1765319,35.8053019],[139.1764738,35.8048978],[139.1762586,35.8045753],[139.176122,35.8043302],[139.1760188,35.8037642],[139.1759752,35.8030684],[139.1759844,35.802927],[139.1759238,35.8027801],[139.1759082,35.8026468],[139.1759213,35.8023325],[139.1759512,35.8019969],[139.1759298,35.8017588],[139.1761008,35.8016583],[139.1761388,35.8015078],[139.1761385,35.8013208],[139.176075,35.8010623],[139.1760999,35.8006555],[139.1761596,35.8004143],[139.176209,35.800386],[139.176227,35.80034],[139.176248,35.800301],[139.176279,35.800265],[139.17632,35.800231],[139.176404,35.800173],[139.176564,35.800087],[139.1772556,35.7998213],[139.1773886,35.7998013],[139.1774836,35.7997933],[139.1775926,35.7997923],[139.1778302,35.7997477],[139.177893,35.7997535],[139.17802,35.7997885],[139.178158,35.7998285],[139.178288,35.7998745],[139.178598,35.7999865],[139.178929,35.8001335],[139.1791769,35.800281],[139.179583,35.800437],[139.179701,35.800525],[139.1797947,35.8005726],[139.1799255,35.8006112],[139.1803698,35.8006534],[139.1819708,35.8007288],[139.1822458,35.8008033],[139.1824999,35.8008501],[139.1827418,35.8009634],[139.1831714,35.8008314],[139.1834031,35.8007782],[139.1835286,35.8007362],[139.1836476,35.8007257],[139.1838556,35.8006837],[139.1839806,35.8006557],[139.1840616,35.8006447],[139.1842506,35.8006417],[139.1844474,35.8006679],[139.1848637,35.8007211],[139.1849797,35.8007461],[139.1851117,35.8007931],[139.1851877,35.8008241],[139.1853277,35.8008901],[139.1853877,35.8009211],[139.1854997,35.8010021],[139.1855767,35.8010681],[139.1856383,35.8012393],[139.1856654,35.8024084],[139.1856684,35.8025254],[139.1856734,35.8025784],[139.1856769,35.8026792],[139.1856839,35.8027748],[139.1857352,35.8030985],[139.1858832,35.8033415],[139.1866742,35.8042405],[139.187176,35.8044769],[139.187518,35.8046659],[139.187872,35.8047919],[139.1889781,35.8048605],[139.1891954,35.804874],[139.1898432,35.8048215],[139.1899178,35.8048155],[139.1905657,35.8047629],[139.192537,35.804042],[139.192763,35.803948],[139.193075,35.803856],[139.193288,35.803804],[139.195326,35.803327],[139.19551,35.803293],[139.195604,35.80329],[139.195732,35.803301],[139.195845,35.803338],[139.195949,35.803403],[139.19603,35.803479],[139.196118,35.803583],[139.196336,35.803826],[139.196384,35.803858],[139.196456,35.803888],[139.197782,35.80409],[139.198085,35.804098],[139.198275,35.804085],[139.198344,35.80408],[139.198603,35.804055],[139.198749,35.804043],[139.198838,35.804033],[139.198926,35.804029],[139.199068,35.80404],[139.199435,35.804062],[139.201004,35.804204],[139.201248,35.804226],[139.20337,35.804296],[139.204944,35.804564],[139.205231,35.80464],[139.205478,35.804697],[139.205712,35.804731],[139.205753,35.804739],[139.208631,35.805566],[139.20895,35.805648],[139.2100729,35.8058999],[139.2105801,35.8060794],[139.2113704,35.8060632],[139.2121013,35.806059],[139.2126742,35.80572],[139.2129966,35.8053372],[139.2134124,35.8048594],[139.2135442,35.8043929],[139.2135849,35.8042489],[139.2136076,35.8041542],[139.2136212,35.8040729],[139.2136342,35.8039439],[139.2135903,35.8038095],[139.2135606,35.8037524],[139.213494,35.803634],[139.213438,35.80352],[139.213319,35.803379],[139.213137,35.803193],[139.212925,35.802979],[139.212694,35.802725],[139.212646,35.802657],[139.212597,35.802575],[139.212526,35.802433],[139.212512,35.80238],[139.2125,35.802304],[139.212484,35.802131],[139.212475,35.801997],[139.212481,35.801935],[139.212503,35.801801],[139.212541,35.801637],[139.212583,35.801518],[139.212603,35.8014792],[139.212648,35.801392],[139.212702,35.801299],[139.212747,35.801237],[139.212836,35.80114],[139.212911,35.801068],[139.212998,35.801012],[139.213094,35.800971],[139.213217,35.800953],[139.21335,35.800946],[139.213584,35.800981],[139.213769,35.801021],[139.213945,35.801092],[139.214097,35.801165],[139.214219,35.80125],[139.21424,35.801265],[139.214351,35.80135],[139.214413,35.801398],[139.214489,35.801429],[139.214612,35.801452],[139.214734,35.801461],[139.21485,35.801454],[139.2149073,35.8014469],[139.215004,35.801435],[139.215108,35.801407],[139.215755,35.800604],[139.21614,35.800014],[139.216209,35.799945],[139.217607,35.798654],[139.217855,35.798441],[139.218076,35.798284],[139.218261,35.798171],[139.218474,35.798049],[139.21859,35.797976],[139.218638,35.797936],[139.218661,35.79791],[139.218687,35.797846],[139.218698,35.7978],[139.218702,35.797755],[139.218684,35.79769],[139.218658,35.79763],[139.218619,35.797582],[139.218419,35.797435],[139.2183045,35.7974016],[139.2181264,35.7973146],[139.2180304,35.7971871],[139.2180159,35.7970061],[139.218008,35.796789],[139.217979,35.796732],[139.217934,35.796664],[139.21786,35.796571],[139.217247,35.795852],[139.217207,35.795797],[139.217195,35.795763],[139.217181,35.795723],[139.217178,35.795686],[139.21718,35.795655],[139.217198,35.795601],[139.217238,35.79555],[139.217275,35.795522],[139.217522,35.795388],[139.218549,35.794944],[139.218788,35.794877],[139.218866,35.794859],[139.21894,35.794857],[139.219005,35.794865],[139.219045,35.794879],[139.219085,35.794913],[139.219108,35.794945],[139.219113,35.794966],[139.219096,35.795035],[139.219055,35.795161],[139.219045,35.795228],[139.219045,35.795302],[139.219047,35.795333],[139.2192476,35.7958594],[139.2194346,35.7961674],[139.220031,35.796533],[139.220111,35.796563],[139.220179,35.796576],[139.220236,35.796574],[139.221288,35.796236],[139.221466,35.796136],[139.221526,35.796095],[139.221577,35.796052],[139.22175,35.795849],[139.221869,35.795712],[139.221966,35.79559],[139.2220235,35.7955074],[139.222035,35.795491],[139.222399,35.794669],[139.222438,35.794573],[139.222486,35.794488],[139.222518,35.794439],[139.222544,35.794411],[139.2232656,35.7939586],[139.2236216,35.7938739],[139.223899,35.793797],[139.223956,35.79379],[139.22402,35.793789],[139.224065,35.793791],[139.224095,35.793797],[139.224142,35.793811],[139.224171,35.793825],[139.224288,35.793897],[139.224392,35.793962],[139.224445,35.793994],[139.224481,35.794014],[139.22451,35.794025],[139.224562,35.794043],[139.224628,35.794057],[139.224752,35.794075],[139.224979,35.794092],[139.225214,35.794107],[139.225338,35.794107],[139.225416,35.794097],[139.225569,35.794061],[139.225675,35.794034],[139.225757,35.794009],[139.225813,35.793991],[139.225843,35.793977],[139.226,35.793887],[139.226102,35.793816],[139.22626,35.793697],[139.226385,35.793566],[139.2264684,35.7934289],[139.2265469,35.7933812],[139.2266733,35.7931902],[139.2266697,35.7929541],[139.2266277,35.7927824],[139.2265397,35.7926055],[139.2265203,35.7924678],[139.2265151,35.7923192],[139.2265795,35.7920107],[139.2267639,35.7917151],[139.2269549,35.7914105],[139.2272861,35.7911433],[139.2276249,35.7907788],[139.2278291,35.7903891],[139.2278041,35.7900546],[139.227693,35.7896612],[139.2275232,35.7891323],[139.2274008,35.788672],[139.227222,35.7881852],[139.2273657,35.7878988],[139.2275408,35.7875496],[139.2276181,35.7873552],[139.2279304,35.7861845],[139.2280058,35.785715],[139.2280707,35.7854258],[139.2282452,35.7852776],[139.2284325,35.7849952],[139.2286873,35.7847663],[139.2290542,35.7845738],[139.229293,35.7844478],[139.2295322,35.7843462],[139.2295993,35.7843177],[139.2299761,35.7841212],[139.2302966,35.7839343],[139.2306129,35.7837482],[139.2308484,35.7835485],[139.231012,35.7833503],[139.2310723,35.7830567],[139.2311227,35.7826874],[139.231045,35.7823458],[139.2311904,35.7820577],[139.2313092,35.7818737],[139.2314578,35.78152],[139.2316904,35.7811326],[139.2318553,35.7809291],[139.2320485,35.780822],[139.2321112,35.7807872],[139.2324027,35.7806847],[139.2328742,35.7805825],[139.23319,35.780578],[139.23347,35.780574],[139.2338458,35.7806483],[139.2343672,35.7807489],[139.234662,35.780848],[139.234778,35.780909],[139.2350719,35.7810681],[139.2354311,35.7811699],[139.2358737,35.7814344],[139.2360383,35.7816058],[139.2361275,35.7818322],[139.2362435,35.7821019],[139.2375192,35.7828872],[139.2386138,35.7838544],[139.2390579,35.7842805],[139.2397674,35.7849574],[139.2399517,35.7850714],[139.2413061,35.7862291],[139.2419194,35.7874263],[139.2420143,35.7876104],[139.2424636,35.7879957],[139.2431384,35.7881222],[139.2437562,35.7881299],[139.2446357,35.7879015],[139.2452034,35.7877324],[139.2456697,35.787386],[139.2456927,35.7872957],[139.2458827,35.7870966],[139.245966,35.786824],[139.246069,35.786561],[139.2461377,35.7862326],[139.2466502,35.7855481],[139.247066,35.785305],[139.247208,35.785196],[139.247374,35.785138],[139.24755,35.785115],[139.247739,35.785114],[139.248522,35.785108],[139.2491027,35.7850758],[139.2501428,35.7850252],[139.2507145,35.7847807],[139.2511931,35.7846181],[139.251337,35.7845449],[139.252436,35.783986],[139.2538732,35.7836154],[139.2543093,35.7836194],[139.2544846,35.783707],[139.254724,35.7840092],[139.2548502,35.7842976],[139.2544393,35.785117],[139.2544262,35.7852421],[139.2543758,35.7853922],[139.2543488,35.7858082],[139.2543589,35.7861458],[139.254454,35.786435],[139.254568,35.786614],[139.254753,35.78678],[139.2550211,35.787001],[139.2552685,35.7870755],[139.2553387,35.7870587],[139.2558233,35.786943],[139.2561376,35.786864],[139.2563175,35.786725],[139.2564193,35.7866583],[139.256885,35.785259],[139.2573898,35.7842966],[139.2574422,35.784183],[139.2575651,35.7839176],[139.2577529,35.7837867],[139.2581172,35.7835989],[139.2586093,35.7833769],[139.2588804,35.7834231],[139.2592232,35.7835257],[139.2594205,35.7837238],[139.2596658,35.7841143],[139.2597315,35.7842156],[139.259809,35.784381],[139.2599693,35.7846446],[139.2600406,35.784744],[139.2602553,35.7849612],[139.2605402,35.7853121],[139.2609168,35.785452],[139.2611933,35.7855293],[139.2614167,35.7855715],[139.2618048,35.7855745],[139.2619665,35.7855643],[139.262063,35.7855262],[139.2621728,35.7854766],[139.2626283,35.7850572],[139.262822,35.784919],[139.262992,35.784817],[139.2634018,35.7845123],[139.2637198,35.7841204],[139.2640965,35.7839085],[139.2646858,35.7836967],[139.2649211,35.7835862],[139.2650944,35.7835314],[139.265364,35.7834651],[139.2656787,35.7833758],[139.2658365,35.7833413],[139.266176,35.78324],[139.266605,35.783061],[139.266953,35.782907],[139.267479,35.782692],[139.267868,35.782591],[139.268277,35.782471],[139.268715,35.782333],[139.269018,35.782234],[139.2694663,35.7820976],[139.2699232,35.7820055],[139.2704962,35.7818843],[139.2707615,35.7818551],[139.2709446,35.7820142],[139.2710681,35.7821005],[139.2712899,35.7821994],[139.2715587,35.7822899],[139.2717875,35.7824766],[139.2721007,35.7827164],[139.2723106,35.7828054],[139.2725389,35.7828327],[139.2729043,35.7828419],[139.2732124,35.7828313],[139.2737326,35.782853],[139.2742253,35.7828283],[139.2749919,35.7828045],[139.2755235,35.782678],[139.2759439,35.7825479],[139.2763701,35.7824949],[139.2770546,35.7822764],[139.277421,35.7821157],[139.2778815,35.7819145],[139.2783913,35.7814094],[139.2786299,35.7811486],[139.2788126,35.780769],[139.2789697,35.7802966],[139.279235,35.7797141],[139.2796996,35.7789879],[139.2800288,35.7783072],[139.2801314,35.7781511],[139.2806143,35.7774166],[139.2813595,35.7765583],[139.2818851,35.7759946],[139.2820732,35.7758348],[139.282302,35.7756974],[139.2826263,35.7755463],[139.2828463,35.7754674],[139.2830587,35.7754284],[139.2836439,35.7754144],[139.2838825,35.7754248],[139.2840853,35.7754538],[139.2845045,35.7755653],[139.2849112,35.7756667],[139.2850605,35.7757643],[139.2851404,35.7758384],[139.2854921,35.775882],[139.285734,35.775893],[139.2858728,35.7759085],[139.286232,35.7759877],[139.286572,35.7760785],[139.2869156,35.7762041],[139.2872739,35.7763634],[139.287481,35.7765017],[139.2876241,35.7766],[139.287775,35.7766671],[139.2879407,35.7767276],[139.2882089,35.7767919],[139.2884671,35.7768045],[139.2887273,35.7767579],[139.2893955,35.7765741],[139.2903503,35.776317],[139.2908054,35.7760841],[139.2913076,35.7758415],[139.291695,35.7754652],[139.2919787,35.7751935],[139.2920695,35.7750621],[139.2921487,35.774892],[139.2922756,35.7745037],[139.2923227,35.7744241],[139.292413,35.7743064],[139.2925479,35.7742333],[139.2926497,35.7741702],[139.29276,35.7740472],[139.2928343,35.773933],[139.2928878,35.7737706],[139.2928993,35.7736162],[139.2928867,35.7734667],[139.2928317,35.773299],[139.2928043,35.7730599],[139.2928602,35.7727505],[139.29311,35.772267],[139.2935394,35.7717346],[139.295653,35.769617],[139.295803,35.769374],[139.2957245,35.7682241],[139.2960036,35.7666686],[139.2961168,35.7662197],[139.2963275,35.7656619],[139.2970484,35.764283],[139.2972712,35.7639239],[139.2975553,35.7634376],[139.2973556,35.7627603],[139.2972982,35.7622598],[139.2973182,35.7617582],[139.2972591,35.7611715],[139.2976297,35.7600432],[139.2987359,35.7579045],[139.2993077,35.7572315],[139.2998565,35.7567313],[139.3005888,35.7563556],[139.3012126,35.7561014],[139.3017571,35.7560483],[139.3022265,35.7561175],[139.3023167,35.7561265],[139.3030961,35.756323],[139.3047903,35.7569285],[139.3055353,35.7569059],[139.3069176,35.7565602],[139.3073337,35.7563496],[139.3077036,35.7559965],[139.3081853,35.7558161],[139.3083143,35.7556026],[139.3083812,35.7554932],[139.3084172,35.7553998],[139.3084088,35.7551996],[139.3084135,35.7550399],[139.3084046,35.7543952],[139.308402,35.7542977],[139.308429,35.754189],[139.308494,35.754124],[139.308553,35.754058],[139.30863,35.753965],[139.3087,35.753877],[139.308765,35.753795],[139.308839,35.753693],[139.3088584,35.7536659],[139.308874,35.753644],[139.308933,35.753561],[139.308998,35.753466],[139.309004,35.753457],[139.309056,35.753386],[139.309142,35.753268],[139.309178,35.753217],[139.30924,35.753131],[139.309495,35.752783],[139.309924,35.7526397],[139.3107198,35.7519209],[139.3109564,35.7515981],[139.3116849,35.7510444],[139.3121672,35.7506153],[139.3123138,35.7504711],[139.3127618,35.7501245],[139.312927,35.7499523],[139.3131171,35.7496885],[139.3145698,35.7478961],[139.3151856,35.7470226],[139.3165967,35.7446574],[139.3171272,35.7440658],[139.3173925,35.7437212],[139.3177732,35.7432988],[139.3179785,35.7428828],[139.3183325,35.7418852],[139.3184647,35.7415297],[139.3186059,35.7406604],[139.3186723,35.7396081],[139.318644,35.7388016],[139.3197964,35.7346744],[139.3202728,35.7337841],[139.3207932,35.7329774],[139.3216934,35.7317058],[139.3228912,35.7302681],[139.3235558,35.7298108],[139.3243296,35.7292951],[139.3249416,35.7288284],[139.3257057,35.728158],[139.3263577,35.7277058],[139.3265881,35.7275429],[139.3269229,35.7271626],[139.3270214,35.7271154],[139.3274083,35.7269582],[139.3275948,35.7268737],[139.3281603,35.7264745],[139.328589,35.7259112],[139.328884,35.7251645],[139.3290203,35.7246739],[139.3290773,35.7243056],[139.3291142,35.7239411],[139.3291063,35.7235525],[139.3290838,35.7222938],[139.3290919,35.7211322],[139.3290193,35.7207951],[139.3289572,35.7197102],[139.3290606,35.718945],[139.3291891,35.7184648],[139.3293914,35.7178903],[139.3295772,35.717328],[139.3299023,35.7165571],[139.330227,35.7160205],[139.3306925,35.7153009],[139.3308749,35.7146244],[139.3309542,35.7141872],[139.330967,35.7141169],[139.3310203,35.7135301],[139.3308917,35.712501],[139.3307111,35.7121048],[139.3306565,35.7115658],[139.3304102,35.7109093],[139.3300855,35.7105247],[139.3295578,35.7102889],[139.3297588,35.7094057],[139.3302093,35.7088072],[139.3330398,35.707582],[139.3359337,35.7045763],[139.3397156,35.7000554],[139.3426293,35.6981845],[139.3443663,35.69768],[139.3455774,35.6973756],[139.3473237,35.6969368],[139.3499062,35.6967145],[139.3524958,35.6960003],[139.3565966,35.6948748],[139.3581556,35.6949044],[139.3600228,35.6952661],[139.3623285,35.6948387],[139.3664526,35.6942972],[139.3693087,35.6944322],[139.3747906,35.6940837],[139.3757538,35.6938544],[139.3778414,35.6932135],[139.3782147,35.6930633],[139.3814872,35.6923381],[139.3840823,35.6911768],[139.3897376,35.6883797],[139.3926524,35.6868728],[139.3943819,35.6861079],[139.3948447,35.6859033],[139.3956369,35.6857349],[139.396333,35.6855883],[139.3977595,35.685434],[139.4000606,35.6848899],[139.4014908,35.6847147],[139.4042867,35.6849947],[139.4057573,35.684801],[139.4097104,35.6846849],[139.4109592,35.6840154],[139.4117049,35.6834572],[139.4128951,35.682725],[139.4162767,35.680894],[139.4199105,35.6793023],[139.4211767,35.6784751],[139.424396,35.6765043],[139.4274498,35.6734901],[139.4276908,35.6732512],[139.4278999,35.673044],[139.4288671,35.6720855],[139.4293445,35.6710658],[139.4297134,35.6707135],[139.4300721,35.6702302],[139.4318943,35.6687396],[139.4330809,35.6672459],[139.4345461,35.6655836],[139.4362231,35.6623539],[139.4367029,35.6616255],[139.4386859,35.6600472],[139.4393804,35.6596731],[139.4410609,35.658883],[139.4425964,35.6573592],[139.4428122,35.6570112],[139.443149,35.6565004],[139.4439242,35.6559154],[139.4451519,35.6553713],[139.4462103,35.6549848],[139.4467878,35.6547961],[139.4496828,35.6538292],[139.45011,35.6537531],[139.4521441,35.6532778],[139.4529143,35.6538583],[139.4548687,35.6542751],[139.4565829,35.653824],[139.4594495,35.6526516],[139.460009,35.6519597],[139.4622039,35.6512828],[139.4653106,35.650451],[139.4669338,35.6501696],[139.4685064,35.6505297],[139.470588,35.650107],[139.4727387,35.6502015],[139.4732506,35.6504535],[139.4756034,35.6509286],[139.4763022,35.6510035],[139.478242,35.6520742],[139.4793299,35.6521327],[139.479915,35.6521642],[139.4808773,35.6522025],[139.4821744,35.6519788],[139.4844775,35.6523542],[139.486608,35.6522859],[139.4878417,35.6524899],[139.4897111,35.6527068],[139.4917236,35.6530411],[139.4930231,35.6527854],[139.496002,35.6527891],[139.4972406,35.6528021],[139.5001021,35.6521418],[139.5026492,35.6516402],[139.5039114,35.6515539],[139.5086633,35.6516647],[139.5107931,35.6517148],[139.5131419,35.6516114],[139.5142742,35.651472],[139.5153408,35.6512215],[139.5165627,35.6508241],[139.5176605,35.6503247],[139.520059,35.6488137],[139.5214947,35.6478386],[139.5245762,35.6444933],[139.5277564,35.6421284],[139.5315775,35.6404659],[139.5379448,35.639615],[139.5447822,35.6366889],[139.5461869,35.6359805],[139.5480301,35.6358228],[139.5499855,35.635872],[139.5528147,35.6362579],[139.5539572,35.6359853],[139.5592516,35.6342477],[139.5620405,35.6338633],[139.5636596,35.6330587],[139.5656966,35.6311474],[139.5676773,35.6265183],[139.5695463,35.623974],[139.5722682,35.6228714],[139.574921,35.6221139],[139.575965,35.6217857],[139.5822186,35.6199802],[139.5860905,35.6192902],[139.5901868,35.6193069],[139.5915193,35.6193123],[139.593171,35.6187685],[139.5933199,35.6186629],[139.593886,35.6182616],[139.5959038,35.6174068],[139.597113,35.6168883],[139.5987759,35.6167125],[139.600771,35.6172092],[139.60246,35.617859],[139.604816,35.6172912],[139.6075797,35.616054],[139.6095436,35.6146925],[139.6103543,35.613981],[139.6117335,35.6132857],[139.6121565,35.6130725],[139.6171332,35.6118294],[139.619991,35.6119297],[139.6218308,35.6114068],[139.623194,35.6110269],[139.6262949,35.609339],[139.6263442,35.6092899],[139.6289587,35.6066845],[139.6310317,35.6053563],[139.6326901,35.6044337],[139.6347075,35.6034902],[139.6387896,35.600827],[139.6413511,35.5989193],[139.643961,35.5971687],[139.6450663,35.5962988],[139.6453364,35.5959115],[139.646138,35.5954086],[139.6476945,35.5949036],[139.6487938,35.59427],[139.6508643,35.5926875],[139.6528223,35.5917322],[139.6576543,35.5901953],[139.660783,35.5896738],[139.6639063,35.5896677],[139.66513,35.5893734],[139.6661636,35.5883995],[139.6670531,35.5875232],[139.6681527,35.5864464],[139.66932,35.5850044],[139.6703118,35.5823417],[139.6708001,35.5796409],[139.6763697,35.5663197],[139.6783915,35.5634968],[139.6806575,35.5616123],[139.6853802,35.5595447],[139.6878598,35.5583239],[139.6911557,35.5568896],[139.6979384,35.555852],[139.7005934,35.5547915],[139.703363,35.5525942],[139.7039657,35.5516252],[139.7037063,35.550023],[139.7028976,35.5489778],[139.7005324,35.5472001],[139.6995024,35.5461398],[139.6984572,35.5450638],[139.6980757,35.5424011],[139.698709,35.5402572],[139.7003264,35.5383575],[139.7025994,35.5370317],[139.7048771,35.5364447],[139.7071229,35.5363762],[139.7114852,35.5365928],[139.7147233,35.5371978],[139.7185534,35.5388534],[139.721372,35.5402238],[139.7242785,35.5419274],[139.7248652,35.5420609],[139.7260347,35.5423271],[139.7315698,35.5424357],[139.7356454,35.5425156],[139.7413012,35.5428245],[139.7426471,35.542898],[139.7521166,35.5434151],[139.7533296,35.5434669],[139.7579549,35.5433763],[139.7790474,35.533262],[139.7956218,35.5249864]]}},{"type":"Feature","properties":{"name":"隅田川","name:en":"Sumida River","kind":"river"},"geometry":{"type":"LineString","coordinates":[[139.7310907,35.7887407],[139.7314335,35.7882266],[139.7317925,35.7875907],[139.7320544,35.7870088],[139.7322252,35.786662],[139.7324012,35.7863918],[139.7326203,35.7861564],[139.7335051,35.785464],[139.7335977,35.7853981],[139.7346514,35.7845496],[139.7359841,35.7832633],[139.7377269,35.7807905],[139.7380389,35.7801769],[139.7383354,35.7795936],[139.73847,35.778638],[139.7381133,35.7774422],[139.7369421,35.7755473],[139.7368035,35.7752845],[139.7359645,35.7736941],[139.7356927,35.7724195],[139.7358451,35.7713815],[139.7363224,35.7704619],[139.737098,35.7700692],[139.7389672,35.7697304],[139.7405164,35.7692664],[139.7428193,35.7682559],[139.744838,35.7673701],[139.7458719,35.7671618],[139.7463871,35.767058],[139.7478833,35.7671475],[139.7506624,35.7673136],[139.7516396,35.7675536],[139.7531054,35.7679709],[139.7540826,35.7679396],[139.7551369,35.7675223],[139.7559213,35.7667294],[139.7563392,35.7654879],[139.7560884,35.7642515],[139.7554134,35.7633334],[139.7544841,35.7627849],[139.7530251,35.7619239],[139.7493718,35.7601398],[139.7488273,35.7598739],[139.7487616,35.7597997],[139.7482131,35.7591803],[139.7482293,35.7588353],[139.7482575,35.7582349],[139.7484635,35.7578789],[139.7487366,35.757417],[139.7498091,35.7565872],[139.7512993,35.7560558],[139.7562862,35.755124],[139.7577699,35.7548462],[139.7643456,35.7540193],[139.7660572,35.7538747],[139.7695282,35.7535758],[139.7751701,35.753716],[139.7773437,35.7538251],[139.7823063,35.7540743],[139.7826278,35.7540175],[139.7860209,35.753418],[139.7888023,35.7527123],[139.7895706,35.7523353],[139.7911311,35.7505227],[139.7914408,35.7497058],[139.7911787,35.7489808],[139.7910488,35.7488704],[139.7903262,35.7482563],[139.7888012,35.7472851],[139.7884529,35.7467435],[139.7883372,35.7461531],[139.7884855,35.7453215],[139.7888877,35.7444344],[139.7891156,35.7441005],[139.7894479,35.7436136],[139.791137,35.7416692],[139.7913876,35.7414929],[139.7926562,35.7406002],[139.7928081,35.7405464],[139.7947188,35.7398695],[139.7967497,35.7395463],[139.8005335,35.7387997],[139.8008684,35.7387336],[139.8013361,35.73871],[139.8023304,35.7386597],[139.8037677,35.7389471],[139.8090682,35.7408699],[139.8110721,35.7412124],[139.8111757,35.7412301],[139.8130138,35.7408571],[139.8140993,35.740259],[139.8144644,35.7394536],[139.8147382,35.7374955],[139.8144807,35.7365202],[139.8138668,35.7357021],[139.8130973,35.7348668],[139.8116721,35.7333908],[139.8107972,35.7318849],[139.8100524,35.7302823],[139.8098047,35.7280328],[139.8093637,35.7240035],[139.8088531,35.7222673],[139.8082815,35.7203233],[139.8080286,35.7197414],[139.807328,35.7181298],[139.8066454,35.717438],[139.8056254,35.7164043],[139.8037236,35.7144523],[139.8034099,35.714186],[139.8019231,35.7129395],[139.8007126,35.7119227],[139.8004898,35.7116849],[139.7989421,35.7100326],[139.7979989,35.7090257],[139.7974148,35.7082377],[139.7965896,35.7071244],[139.7958332,35.7055978],[139.794028,35.7019545],[139.7937273,35.7013475],[139.7925499,35.6995836],[139.7922668,35.6991595],[139.790856,35.697585],[139.7899519,35.6964236],[139.789136,35.6953754],[139.7888965,35.6948029],[139.7888134,35.6938532],[139.7887254,35.6928464],[139.7889028,35.6920556],[139.7889666,35.6917712],[139.7889815,35.6917045],[139.789047,35.6914124],[139.7893145,35.6909584],[139.7901876,35.6894767],[139.790471,35.6892126],[139.7919976,35.6877896],[139.79216,35.6874874],[139.7928966,35.6861162],[139.7929436,35.6860287],[139.7929853,35.685951],[139.7931533,35.6850259],[139.7926791,35.6835414],[139.7925231,35.6833509],[139.7908633,35.6813231],[139.7906557,35.6810695],[139.7893708,35.6794997],[139.7890378,35.6789544],[139.7877977,35.6769237],[139.7877935,35.6769123],[139.7875677,35.6762985],[139.786828,35.6742871],[139.7867895,35.674136],[139.7866459,35.6733177],[139.7865749,35.6728636],[139.785266,35.6721314],[139.7844415,35.6717161],[139.7831202,35.6710507],[139.7828581,35.6709007],[139.7828479,35.6708948],[139.7826328,35.6707717],[139.7821761,35.6705103],[139.7819283,35.6699471],[139.781306,35.6685325],[139.7810186,35.6678796],[139.780481,35.6666578],[139.7798801,35.6658733],[139.7795541,35.6655461],[139.7791506,35.6651411],[139.7780992,35.6643566],[139.7780341,35.6643159],[139.7762467,35.6631989],[139.7760109,35.6630515],[139.7739149,35.6617416],[139.7735197,35.6614449],[139.7734591,35.6613994],[139.7712363,35.6597308],[139.76998,35.6587876],[139.7680968,35.6573738],[139.7674826,35.6569126],[139.7665764,35.6562323],[139.7659678,35.6554752],[139.7648768,35.6515046]]}},{"type":"Feature","properties":{"name":"荒川","name:en":"Ara River","kind":"river"},"geometry":{"type":"MultiLineString","coordinates":[[[139.2047331,36.117769],[139.2047135,36.1184547],[139.2048579,36.1191024],[139.205272,36.1197274],[139.2057707,36.1204927],[139.2059859,36.1206695],[139.2063927,36.120734],[139.2066148,36.120751],[139.206837,36.120768],[139.2064186,36.1202998],[139.2059982,36.1195131],[139.2053281,36.118381],[139.2047331,36.117769],[139.204184,36.116536],[139.204055,36.116287],[139.203843,36.115956],[139.203459,36.115365],[139.203114,36.114931],[139.202796,36.114631],[139.201916,36.114103],[139.201146,36.113634],[139.200389,36.113136],[139.19951,36.112723],[139.198857,36.112433],[139.1985897,36.1122677],[139.198422,36.112164],[139.1982875,36.1120435],[139.197095,36.1113823],[139.196573,36.111114],[139.195682,36.110565],[139.195071,36.110131],[139.194564,36.109789],[139.193942,36.109323],[139.193919,36.109296],[139.193866,36.109229],[139.1937983,36.1090043],[139.1936332,36.1088777],[139.1933482,36.1088107],[139.1930778,36.1088005],[139.192901,36.108771],[139.192647,36.1087697],[139.1922889,36.1087612],[139.1920281,36.1088513],[139.191722,36.10895],[139.191442,36.109095],[139.1910571,36.1093699],[139.190645,36.109612],[139.190629,36.109622],[139.190138,36.109923],[139.1887926,36.1106676],[139.188206,36.111371],[139.187989,36.111544],[139.18686,36.112237],[139.186363,36.112527],[139.185928,36.112744],[139.185792,36.112783],[139.185596,36.112827],[139.18534,36.112862],[139.18511,36.112879],[139.184447,36.112899],[139.183752,36.112889],[139.183649,36.112895],[139.183472,36.112918],[139.183317,36.112951],[139.182672,36.113152],[139.1820297,36.1134412],[139.1817705,36.113582],[139.1817377,36.1136066],[139.181469,36.1141777],[139.1815907,36.1152317],[139.1814736,36.1165743],[139.1812219,36.117247],[139.18065,36.117961],[139.1806301,36.1180266],[139.1808432,36.1183613],[139.1808182,36.1185893],[139.1806948,36.1186911],[139.1804025,36.1187583],[139.1801668,36.1187213],[139.179848,36.118657],[139.1793967,36.118603],[139.1791542,36.1185547],[139.178866,36.118486],[139.178659,36.118474],[139.17851,36.118466],[139.177814,36.118418],[139.177162,36.118371],[139.176013,36.118216],[139.174998,36.117978],[139.1731286,36.1174179],[139.172895,36.117336],[139.1725923,36.1170976],[139.1721748,36.116948],[139.1716222,36.1169599],[139.171169,36.1168635],[139.1709195,36.1168245],[139.1706211,36.116674],[139.1704694,36.1166173],[139.1703139,36.1165691],[139.169921,36.1165273],[139.1695829,36.1165276],[139.1692652,36.1164535],[139.1690192,36.1163465],[139.1687804,36.116202],[139.1682887,36.1158717],[139.1674452,36.1157212],[139.1660053,36.1154494],[139.164994,36.11522],[139.164834,36.115197],[139.164391,36.115197],[139.164051,36.115231],[139.16315,36.115427],[139.162342,36.115634],[139.161979,36.115779],[139.161876,36.115834],[139.161751,36.115934],[139.161495,36.116152],[139.161032,36.116589],[139.160658,36.116976],[139.160314,36.117332],[139.159748,36.117834],[139.159012,36.118434],[139.158398,36.119078],[139.158119,36.119431],[139.157874,36.119742],[139.157452,36.120406],[139.157076,36.121268],[139.156806,36.121949],[139.156732,36.122135],[139.156334,36.123252],[139.156254,36.123495],[139.1562143,36.1236172],[139.156068,36.124067],[139.15605,36.124391],[139.156083,36.12481],[139.156138,36.125228],[139.156233,36.125687],[139.156363,36.126351],[139.156451,36.126705],[139.156581,36.127029],[139.156746,36.127306],[139.1567897,36.1273866],[139.156864,36.127524],[139.156906,36.127754],[139.156947,36.128137],[139.157006,36.128614],[139.157066,36.128801],[139.157255,36.129186],[139.157514,36.129684],[139.157637,36.130074],[139.157714,36.130486],[139.157773,36.130722],[139.158027,36.131322],[139.158128,36.131704],[139.158148,36.131995],[139.158161,36.132239],[139.15816,36.132246],[139.158145,36.13237],[139.158092,36.132571],[139.158004,36.132742],[139.157965,36.132779],[139.157765,36.132974],[139.1576765,36.1330401],[139.157346,36.133287],[139.157121,36.133423],[139.156851,36.133558],[139.15669,36.133623],[139.156447,36.133695],[139.156414,36.133705],[139.1562652,36.1338665],[139.1559153,36.1338677],[139.1554353,36.1339126],[139.154822,36.133799],[139.154671,36.133766],[139.154457,36.133693],[139.154385,36.133668],[139.154351,36.133656],[139.154097,36.133528],[139.153921,36.133463],[139.153681,36.133404],[139.15341,36.133368],[139.153315,36.133362],[139.15316,36.133349],[139.153003,36.133338],[139.152484,36.133273],[139.152258,36.133231],[139.151959,36.133161],[139.151575,36.133055],[139.151189,36.132976],[139.151039,36.132966],[139.150862,36.132974],[139.150664,36.132999],[139.150525,36.133021],[139.150374,36.133064],[139.149732,36.133276],[139.149656,36.133295],[139.149336,36.133376],[139.149155,36.133383],[139.148989,36.133376],[139.148835,36.133379],[139.148658,36.133359],[139.1486085,36.1333511],[139.148527,36.133338],[139.148369,36.133288],[139.148324,36.133279],[139.148236,36.133224],[139.148127,36.133123],[139.148084,36.133077],[139.148051,36.132999],[139.1482651,36.1315112],[139.1480398,36.1308047],[139.1479118,36.130479],[139.1476951,36.130175],[139.1472358,36.129759],[139.1465304,36.1294336],[139.1457546,36.1290866],[139.1450503,36.1288956],[139.1443527,36.1288272],[139.1435165,36.128877],[139.1432143,36.1290312],[139.142926,36.1291473],[139.1426947,36.1297549],[139.142462,36.12992],[139.142134,36.130026],[139.1415197,36.1300293],[139.1413229,36.1300359],[139.1399907,36.1300807],[139.1395377,36.1301665],[139.1391696,36.1303323],[139.1381574,36.1311784],[139.1375558,36.131287],[139.1365577,36.1318359],[139.1359602,36.1326017],[139.1341086,36.1338425],[139.1336053,36.1341572],[139.1332223,36.1343196],[139.1329082,36.1344038],[139.1324671,36.1343019],[139.1318449,36.1342058],[139.1305561,36.133795],[139.1299308,36.1335982],[139.1284643,36.1332308],[139.128125,36.1331843],[139.1277765,36.1330559],[139.1275119,36.1330015],[139.1273734,36.1327533],[139.1272715,36.1326446],[139.126965,36.132489],[139.126729,36.132389],[139.126649,36.13237],[139.126569,36.132361],[139.126393,36.132341],[139.126316,36.132326],[139.126222,36.132295],[139.126192,36.132281],[139.126134,36.132239],[139.1260724,36.1321919],[139.126041,36.132168],[139.1256491,36.1318265],[139.1247163,36.1314059],[139.123977,36.1310735],[139.1238838,36.130982],[139.1237378,36.1308885],[139.1233931,36.1305442],[139.1231636,36.1303454],[139.1229818,36.130188],[139.1228476,36.1301023],[139.1225289,36.1299457],[139.1223376,36.1298388],[139.1220126,36.1299068],[139.1217654,36.129871],[139.1212565,36.1295781],[139.1206471,36.1292926],[139.1204817,36.1291578],[139.1202522,36.1289709],[139.1202136,36.1289194],[139.1197641,36.128319],[139.1196624,36.1281837],[139.119288,36.127747],[139.1192441,36.1276928],[139.1187,36.12702],[139.1186145,36.1268202],[139.118466,36.126473],[139.118369,36.1260917],[139.1181552,36.1258671],[139.1173244,36.1253677],[139.1169189,36.125141],[139.116723,36.124831],[139.116531,36.124448],[139.1163409,36.124231],[139.116206,36.124077],[139.1157922,36.1239139],[139.115696,36.123876],[139.1152814,36.1237875],[139.1151185,36.1237527],[139.115026,36.123733],[139.1149682,36.1237267],[139.114453,36.123671],[139.11402,36.123609],[139.113772,36.123532],[139.113633,36.123331],[139.1136199,36.1230869],[139.113618,36.123052],[139.113679,36.122403],[139.1138325,36.1215576],[139.113912,36.120914],[139.113959,36.120342],[139.113974,36.119708],[139.11399,36.119569],[139.114052,36.119476],[139.114237,36.119321],[139.114423,36.119105],[139.114702,36.118527],[139.114965,36.118218],[139.1150002,36.1181828],[139.11512,36.118063],[139.115151,36.1179486],[139.115166,36.117893],[139.115182,36.117584],[139.115182,36.117305],[139.115182,36.1171167],[139.115182,36.117011],[139.1152508,36.116903],[139.115306,36.11678],[139.115491,36.11661],[139.11608,36.116285],[139.116732,36.116051],[139.117104,36.115865],[139.117351,36.115649],[139.117486,36.1154802],[139.117599,36.115339],[139.1177697,36.1151565],[139.117816,36.115107],[139.118172,36.11486],[139.118577,36.114593],[139.11884,36.11433],[139.119057,36.114021],[139.119165,36.113696],[139.119196,36.11334],[139.119196,36.113124],[139.119103,36.112923],[139.118794,36.112691],[139.118531,36.112474],[139.1178,36.111805],[139.11759,36.11159],[139.117104,36.111094],[139.1169814,36.1108771],[139.1167701,36.1106877],[139.1164759,36.110463],[139.1162923,36.1103025],[139.116196,36.1102211],[139.1161401,36.1101242],[139.116036,36.109882],[139.115896,36.109388],[139.115664,36.108924],[139.115509,36.108553],[139.1155148,36.1083837],[139.1154807,36.1083474],[139.1153943,36.1082553],[139.1147148,36.1082734],[139.114067,36.108272],[139.1137349,36.1082581],[139.1133429,36.1082455],[139.1132634,36.1080758],[139.1131382,36.107618],[139.113107,36.106911],[139.113154,36.106169],[139.1130651,36.1052459],[139.1130313,36.1050023],[139.1129614,36.1046167],[139.112891,36.103691],[139.1126942,36.1028337],[139.1125274,36.101684],[139.1124032,36.101148],[139.112473,36.100792],[139.112566,36.100575],[139.112814,36.100482],[139.1130849,36.1003913],[139.1135171,36.1003319],[139.1137985,36.1002631],[139.114245,36.099936],[139.1145625,36.0995522],[139.1146119,36.0991554],[139.114302,36.098297],[139.114147,36.097756],[139.114147,36.097539],[139.11424,36.097215],[139.1142754,36.0971374],[139.114395,36.096875],[139.114782,36.096346],[139.115199,36.095851],[139.115664,36.095588],[139.11585,36.095309],[139.115989,36.095031],[139.116346,36.094331],[139.116578,36.093975],[139.116702,36.093728],[139.116811,36.093418],[139.11695,36.092846],[139.117168,36.092052],[139.117261,36.091527],[139.117314,36.091369],[139.117341,36.091288],[139.1174,36.091109],[139.117493,36.0908],[139.117493,36.090739],[139.117493,36.09063],[139.117421,36.090466],[139.117409,36.090439],[139.1171762,36.0902143],[139.1171329,36.0901496],[139.1170781,36.090108],[139.1170051,36.0900404],[139.1169857,36.089934],[139.1169742,36.0896402],[139.117384,36.089063],[139.117725,36.088754],[139.11805,36.08846],[139.118235,36.088042],[139.118421,36.087717],[139.118607,36.087192],[139.11865,36.086911],[139.118669,36.08679],[139.118666,36.086775],[139.118584,36.0865025],[139.118484,36.086339],[139.118323,36.086121],[139.11819,36.085928],[139.117938,36.085697],[139.117627,36.085392],[139.117522,36.085288],[139.117154,36.084999],[139.116969,36.084909],[139.11664,36.084749],[139.116371,36.084605],[139.116096,36.084459],[139.11548,36.084229],[139.114821,36.083957],[139.114026,36.083616],[139.113402,36.08342],[139.112871,36.083241],[139.1115878,36.0827695],[139.110943,36.08255],[139.110301,36.082249],[139.10984,36.082008],[139.1093711,36.0816146],[139.1089069,36.0813242],[139.1081559,36.0809188],[139.1076406,36.080708],[139.1068785,36.0804867],[139.1060555,36.0803765],[139.1053348,36.0806607],[139.1048609,36.0807941],[139.1044798,36.0808499],[139.1035821,36.0811187],[139.103136,36.0812511],[139.1024201,36.0814451],[139.1013222,36.0815392],[139.1002419,36.0812625],[139.099348,36.080944],[139.098307,36.080584],[139.09746,36.080244],[139.0969283,36.0800505],[139.096521,36.079823],[139.096348,36.079739],[139.096186,36.079606],[139.096109,36.079519],[139.096009,36.079315],[139.095969,36.079197],[139.095944,36.079061],[139.095893,36.078738],[139.0958396,36.0785304],[139.0956314,36.077745],[139.095905,36.077075],[139.095896,36.076565],[139.095812,36.076141],[139.095691,36.075756],[139.095578,36.075506],[139.0955176,36.0752208],[139.0954115,36.0750707],[139.0952085,36.0747368],[139.0948009,36.074328],[139.094487,36.0738675],[139.0933827,36.0732852],[139.0929027,36.0730358],[139.0919846,36.0725208],[139.0916761,36.0723761],[139.0909945,36.0720564],[139.089592,36.071413],[139.088739,36.070947],[139.0877239,36.0704635],[139.087147,36.0700015],[139.086629,36.069462],[139.0865283,36.0690521],[139.0864224,36.0686415],[139.0863789,36.0685525],[139.0863196,36.0682103],[139.0864892,36.0675893],[139.086583,36.067089],[139.086958,36.066012],[139.087062,36.06567],[139.087154,36.065453],[139.087407,36.06501],[139.087574,36.064828],[139.087756,36.064674],[139.087967,36.064543],[139.088014,36.064514],[139.088139,36.064438],[139.088511,36.064321],[139.088918,36.064211],[139.089515,36.064043],[139.090072,36.063891],[139.090523,36.063753],[139.0909,36.063609],[139.091216,36.063419],[139.091602,36.063147],[139.092052,36.062761],[139.092349,36.062426],[139.0926,36.062097],[139.092782,36.061799],[139.093024,36.061473],[139.093157,36.061291],[139.093421,36.060911],[139.093611,36.060683],[139.093897,36.060371],[139.094195,36.059966],[139.094461,36.059618],[139.094606,36.0593099],[139.0949232,36.0588624],[139.0952448,36.0582234],[139.0954201,36.0578224],[139.0954909,36.0577757],[139.0961635,36.0573317],[139.0967861,36.0567958],[139.096859,36.0567946],[139.097386,36.056367],[139.097961,36.055777],[139.098127,36.055514],[139.098174,36.055425],[139.098208,36.055314],[139.098282,36.054939],[139.0987686,36.0540253],[139.0989726,36.053848],[139.099008,36.0530797],[139.0990478,36.0524841],[139.0988448,36.0518318],[139.098776,36.051398],[139.098831,36.050328],[139.098831,36.049944],[139.0989146,36.0494933],[139.0988737,36.0486727],[139.098655,36.047608],[139.0986509,36.0473113],[139.0985934,36.0466182],[139.0986723,36.0460849],[139.0986827,36.0460143],[139.0992345,36.0452146],[139.0994051,36.0446801],[139.0994023,36.0441823],[139.0994175,36.0435655],[139.0991908,36.0431449],[139.0987416,36.042756],[139.0977719,36.0423593],[139.0971436,36.0421727],[139.0963608,36.0422345],[139.0958165,36.0422483],[139.0954383,36.0421424],[139.0950455,36.0418016],[139.0946172,36.0414174],[139.094248,36.041124],[139.093963,36.04069],[139.093661,36.040215],[139.093359,36.039744],[139.0929495,36.0389735],[139.092587,36.038319],[139.092287,36.037486],[139.091951,36.036102],[139.091727,36.035156],[139.0915165,36.0341247],[139.0911813,36.0335553],[139.0907908,36.0330473],[139.090382,36.032749],[139.089736,36.032114],[139.089325,36.031681],[139.089007,36.031373],[139.088708,36.031147],[139.08791,36.030748],[139.087112,36.030277],[139.086321,36.029709],[139.085985,36.029401],[139.085882,36.02928],[139.085784,36.029159],[139.085724,36.029005],[139.08572,36.028831],[139.085769,36.028695],[139.085867,36.028539],[139.086026,36.028388],[139.086298,36.028192],[139.086493,36.028123],[139.08701,36.028059],[139.087676,36.028001],[139.088084,36.027856],[139.088111,36.027833],[139.088393,36.027584],[139.088674,36.027213],[139.088749,36.027026],[139.088938,36.026236],[139.089041,36.025693],[139.089099,36.025449],[139.08918,36.025249],[139.08929,36.025094],[139.089479,36.024905],[139.089626,36.024717],[139.089773,36.024502],[139.089909,36.024154],[139.089959,36.023839],[139.089945,36.023529],[139.089809,36.022931],[139.0897952,36.0227386],[139.0894768,36.0218023],[139.0893595,36.021684],[139.0885835,36.0209017],[139.0879662,36.0205427],[139.087757,36.020421],[139.087259,36.019846],[139.087095,36.019667],[139.086936,36.019463],[139.086636,36.018916],[139.08641,36.018481],[139.086169,36.018149],[139.085582,36.017492],[139.084949,36.016999],[139.084519,36.016682],[139.084193,36.016445],[139.0837367,36.0157215],[139.0828155,36.0150132],[139.0820788,36.0145548],[139.0815829,36.0143626],[139.0814475,36.0143101],[139.080934,36.014259],[139.0805383,36.0142392],[139.0795771,36.0141529],[139.0790662,36.0139368],[139.078556,36.013427],[139.078238,36.013075],[139.077943,36.012684],[139.077659,36.012121],[139.077352,36.011488],[139.077115,36.010953],[139.077002,36.010599],[139.0769735,36.0102495],[139.076969,36.010194],[139.076956,36.009685],[139.076956,36.009241],[139.0769372,36.0084057],[139.076715,36.007597],[139.0766754,36.0074826],[139.076522,36.007039],[139.076485,36.006735],[139.076479,36.006456],[139.076522,36.006189],[139.0765454,36.0060621],[139.07665,36.005496],[139.076681,36.004919],[139.076637,36.004479],[139.076563,36.004274],[139.07642,36.004082],[139.076296,36.003933],[139.075973,36.003759],[139.075712,36.00366],[139.075309,36.003561],[139.074738,36.003518],[139.073993,36.003462],[139.073447,36.003363],[139.0729437,36.0032569],[139.072019,36.0031245],[139.071573,36.0030233],[139.0706884,36.0026917],[139.070038,36.0024772],[139.069656,36.002088],[139.069421,36.001952],[139.069176,36.00177],[139.0688672,36.0014876],[139.068731,36.001363],[139.06851,36.001099],[139.06841,36.000965],[139.0682133,36.0007404],[139.0681568,36.0005705],[139.0681739,36.0004172],[139.068334,36.000306],[139.068344,36.000094],[139.068367,35.999828],[139.068367,35.999438],[139.068367,35.999392],[139.0683655,35.9989619],[139.068365,35.998833],[139.068375,35.998556],[139.068426,35.998166],[139.068454,35.998066],[139.068582,35.997617],[139.069099,35.995938],[139.069423,35.995068],[139.069732,35.994486],[139.070274,35.993327],[139.070401,35.992989],[139.070502,35.992604],[139.070551,35.992302],[139.070603,35.991901],[139.070633,35.991408],[139.0706593,35.9911185],[139.068653,35.9898699],[139.0681397,35.9894312],[139.0676645,35.9891289],[139.0666075,35.9885102],[139.0663047,35.9882399],[139.0657583,35.9878508],[139.0652193,35.9875059],[139.065188,35.9874348],[139.0651054,35.9870151],[139.0649526,35.9866136],[139.0645582,35.9859564],[139.0637811,35.9851203],[139.0629596,35.9842643],[139.0621716,35.9834812],[139.0613326,35.9829411],[139.0606744,35.9825341],[139.060394,35.982161],[139.060072,35.981845],[139.0600326,35.9817948],[139.0597225,35.9814788],[139.0592685,35.9813478],[139.0589118,35.9812533],[139.0583673,35.9812837],[139.057761,35.981445],[139.056792,35.981693],[139.056661,35.981736],[139.056508,35.981796],[139.056413,35.981803],[139.056287,35.981761],[139.056174,35.981666],[139.056013,35.981498],[139.055799,35.981249],[139.055424,35.980809],[139.05528,35.980521],[139.055202,35.980316],[139.055182,35.980151],[139.055178,35.979931],[139.055184,35.979664],[139.055236,35.979396],[139.055299,35.979194],[139.055429,35.978898],[139.055527,35.978738],[139.055671,35.978566],[139.0559108,35.9783533],[139.056173,35.97818],[139.0566744,35.9779268],[139.0573648,35.9776112],[139.0579769,35.9776072],[139.058171,35.9776512],[139.0583387,35.9776656],[139.0585487,35.9777549],[139.0588317,35.9778679],[139.0590987,35.9779879],[139.0596267,35.9783139],[139.0603737,35.9788319],[139.0604467,35.9788829],[139.0616301,35.9799471],[139.0624371,35.980253],[139.0626977,35.9802529],[139.0629537,35.9802799],[139.0632807,35.9802799],[139.0638482,35.9801215],[139.064229,35.9799388],[139.0644621,35.9797617],[139.0651556,35.9792249],[139.065373,35.9790417],[139.0655395,35.9788184],[139.0656275,35.9785714],[139.0657075,35.9782804],[139.0655623,35.9779475],[139.0653873,35.9776145],[139.0652166,35.977223],[139.0649362,35.9768627],[139.063509,35.975591],[139.0628104,35.975153],[139.0618463,35.9747902],[139.061627,35.974705],[139.061148,35.974491],[139.060449,35.974209],[139.0600253,35.9741187],[139.0594905,35.973992],[139.0586909,35.9735381],[139.0583814,35.9730829],[139.0582851,35.9726292],[139.0582094,35.9722543],[139.0581571,35.9717739],[139.0581174,35.9713289],[139.0581027,35.9709037],[139.0581498,35.9705339],[139.0580645,35.9698693],[139.0579689,35.9690872],[139.0578268,35.9686212],[139.057738,35.9682005],[139.0576548,35.9680117],[139.0575761,35.967883],[139.05749,35.967683],[139.0573915,35.9675618],[139.0571583,35.9673412],[139.057009,35.9671496],[139.056693,35.9669344],[139.0563649,35.9666268],[139.0562856,35.9664749],[139.0562019,35.9662631],[139.056147,35.96609],[139.056087,35.965976],[139.0559776,35.9658518],[139.0559263,35.9658051],[139.0558441,35.965736],[139.055749,35.9657277],[139.0555992,35.9657354],[139.0553584,35.9657461],[139.055123,35.9657621],[139.054881,35.9658028],[139.0547207,35.9658332],[139.0545899,35.9658705],[139.0545011,35.9659066],[139.05443,35.965963],[139.054179,35.966245],[139.053939,35.96654],[139.053823,35.966709],[139.053777,35.966825],[139.053759,35.966897],[139.053755,35.966914],[139.053737,35.967042],[139.053721,35.967111],[139.053686,35.967187],[139.0533502,35.9680245],[139.053189,35.968232],[139.053112,35.968355],[139.052992,35.968521],[139.05284,35.968702],[139.052712,35.968816],[139.052531,35.9689],[139.052367,35.968959],[139.0521465,35.9690627],[139.0514513,35.9691689],[139.050808,35.9690924],[139.0504152,35.9690227],[139.0502122,35.968969],[139.0498027,35.9688675],[139.048666,35.968453],[139.0481737,35.9681345],[139.0473679,35.9679476],[139.0469312,35.9676101],[139.0467076,35.9674705],[139.0462238,35.9671685],[139.0453046,35.9665036],[139.0451361,35.9663042],[139.0444827,35.9657794],[139.0433809,35.9652505],[139.0429436,35.9650894],[139.0424915,35.9649022],[139.0422418,35.9647782],[139.041896,35.9645894],[139.0415825,35.9643892],[139.0413407,35.9643036],[139.040981,35.964211],[139.040312,35.9642529],[139.039528,35.9642571],[139.0388233,35.9642972],[139.0384046,35.9642536],[139.0376962,35.9642128],[139.0365825,35.9640918],[139.0355894,35.9639534],[139.0343228,35.963761],[139.0339399,35.963673],[139.0336576,35.9635612],[139.0334035,35.9632529],[139.0330732,35.9626198],[139.0329029,35.9622686],[139.0318095,35.9618627],[139.0309848,35.9616895],[139.0302074,35.9613747],[139.0292767,35.9609276],[139.0286911,35.9604734],[139.0281006,35.9601018],[139.0273287,35.9598337],[139.0271656,35.9597872],[139.0268789,35.9597197],[139.0266788,35.9596668],[139.0258923,35.9595603],[139.0257468,35.9595441],[139.0256689,35.9595354],[139.0252463,35.9593759],[139.0247023,35.9591705],[139.0244899,35.9590576],[139.0233798,35.9583843],[139.0227344,35.9579464],[139.0219184,35.9575506],[139.0214698,35.9573674],[139.020853,35.9571625],[139.0196074,35.9567572],[139.0193242,35.9566663],[139.019185,35.9565923],[139.0190028,35.9565026],[139.0186601,35.9564483],[139.0182428,35.9564828],[139.0179659,35.9565912],[139.017359,35.956959],[139.0169606,35.9572423],[139.0165746,35.9574226],[139.0161951,35.9575288],[139.0158277,35.9575394],[139.015358,35.9575368],[139.0148491,35.9576671],[139.0146504,35.9577217],[139.0141884,35.9578487],[139.0139201,35.9579902],[139.0136518,35.958135],[139.0134315,35.9582869],[139.0132099,35.9583971],[139.0130234,35.9584869],[139.0126883,35.9584937],[139.011965,35.9585647],[139.0115603,35.9587191],[139.0114465,35.9587224],[139.0113596,35.9587246],[139.0111885,35.9586946],[139.010945,35.9585462],[139.0108515,35.9583224],[139.0108677,35.9582336],[139.0109041,35.9580392],[139.0109244,35.9578846],[139.0108756,35.9576937],[139.0108474,35.9574734],[139.0106097,35.9571368],[139.0105433,35.9570499],[139.0103577,35.9569831],[139.0101296,35.956919],[139.0095147,35.9568557],[139.0090513,35.9568458],[139.0085799,35.9568083],[139.0081003,35.9568176],[139.0079052,35.9568636],[139.0073523,35.9569755],[139.0065189,35.9570907],[139.0053539,35.9572852],[139.005049,35.9573971],[139.0046935,35.9575553],[139.0044597,35.9579381],[139.0043271,35.9583044],[139.0041361,35.9585842],[139.0036726,35.9587849],[139.0034239,35.9588048],[139.0029358,35.9588886],[139.0027488,35.9590005],[139.0024135,35.9594012],[139.0022156,35.9596753],[139.0022171,35.959853],[139.0021058,35.9599584],[139.0018197,35.959973],[139.0017621,35.9600159],[139.001718,35.9600487],[139.0015961,35.960335],[139.00147,35.9604337],[139.0011651,35.960516],[139.0009355,35.9605425],[139.0007741,35.9606795],[139.0006794,35.960861],[139.0005788,35.9610033],[139.0005058,35.9611152],[139.0003755,35.9613147],[139.0000869,35.9613936],[138.9997698,35.9614858],[138.9993787,35.9614692],[138.9988564,35.9615169],[138.9984607,35.961568],[138.9981591,35.9614309],[138.9975178,35.9615014],[138.9971264,35.9614606],[138.9966028,35.9614265],[138.9961192,35.9613373],[138.9959671,35.9612583],[138.9958124,35.961205],[138.9955356,35.9610324],[138.995291,35.960719],[138.9951578,35.9605834],[138.9949766,35.9604163],[138.9948099,35.960367],[138.9943058,35.9603176],[138.9939959,35.9602975],[138.9936596,35.9603993],[138.9933559,35.9604868],[138.9932324,35.9605532],[138.9930867,35.9606037],[138.9928922,35.9605226],[138.992456,35.9604953],[138.9920861,35.9606861],[138.9916958,35.9607849],[138.9908767,35.9611889],[138.9902525,35.9613673],[138.9897647,35.9615154],[138.9892199,35.9616042],[138.9887605,35.9616339],[138.9885201,35.961678],[138.9883662,35.9617063],[138.9881507,35.961726],[138.9877693,35.9616371],[138.9871773,35.9617127],[138.9868546,35.9617891],[138.9867115,35.9617885],[138.986248,35.961749],[138.985866,35.9618108],[138.985769,35.961847],[138.985608,35.961896],[138.985447,35.961959],[138.985214,35.962067],[138.985061,35.962168],[138.984889,35.962281],[138.984629,35.9625],[138.984476,35.962581],[138.9843055,35.9626786],[138.9841976,35.9627482],[138.9839217,35.9629508],[138.983711,35.9631349],[138.9831826,35.9631753],[138.9830088,35.963167],[138.9821315,35.9631535],[138.98183,35.963048],[138.981609,35.962989],[138.9810447,35.9627837],[138.980988,35.962763],[138.9795553,35.9622291],[138.979539,35.962223],[138.9790088,35.9621359],[138.978698,35.9622378],[138.9780862,35.9621832],[138.9768074,35.9617443],[138.976285,35.961562],[138.976111,35.961547],[138.975922,35.961531],[138.97577,35.9615695],[138.9756706,35.9615458],[138.9751062,35.9612295],[138.974814,35.961087],[138.9746,35.960907],[138.974405,35.960826],[138.974039,35.96059],[138.973796,35.960379],[138.973534,35.960198],[138.973168,35.959984],[138.972619,35.959777],[138.972389,35.959681],[138.972176,35.959607],[138.971585,35.959353],[138.971368,35.95921],[138.971206,35.959064],[138.97106,35.958924],[138.970937,35.958747],[138.970831,35.958608],[138.970656,35.958483],[138.970358,35.958339],[138.969899,35.958157],[138.969366,35.958],[138.968912,35.957883],[138.968661,35.957827],[138.968455,35.95778],[138.968146,35.957702],[138.967913,35.957612],[138.967333,35.957318],[138.966831,35.957044],[138.96668,35.956968],[138.966318,35.956803],[138.9659369,35.956648],[138.965728,35.956563],[138.965106,35.956304],[138.9649,35.956187],[138.964544,35.956014],[138.964326,35.955913],[138.964184,35.955822],[138.964029,35.955677],[138.963949,35.955562],[138.963904,35.955461],[138.96388,35.955346],[138.96388,35.955278],[138.963879,35.955234],[138.963895,35.95513],[138.963946,35.955016],[138.964061,35.954744],[138.9641244,35.9546663],[138.9642339,35.9546295],[138.9645463,35.9546016],[138.9648903,35.9544545],[138.965056,35.9543122],[138.9651067,35.9542539],[138.9650691,35.9540874],[138.9648826,35.9539036],[138.964806,35.9537302],[138.9647788,35.9535519],[138.9645975,35.953353],[138.9644918,35.9531192],[138.9642876,35.95264],[138.9641122,35.9524239],[138.9639594,35.9522398],[138.963754,35.952025],[138.963611,35.9518972],[138.9635202,35.9517684],[138.9634605,35.9515228],[138.9634282,35.9512452],[138.9634205,35.9510561],[138.9637022,35.9506809],[138.964076,35.950567],[138.9646349,35.9503992],[138.9653479,35.9501885],[138.9656424,35.9500916],[138.9657775,35.9499867],[138.9659808,35.9497763],[138.9666944,35.9494668],[138.9669967,35.9492364],[138.9672871,35.9490291],[138.9674959,35.9488081],[138.967782,35.9487201],[138.9680404,35.9487674],[138.9683886,35.9487875],[138.9686887,35.9486899],[138.96903,35.9485644],[138.9692714,35.9483687],[138.9694575,35.9479715],[138.9697481,35.9472158],[138.9699514,35.946648],[138.9700462,35.9463038],[138.9700451,35.9461506],[138.9700685,35.9460061],[138.970033,35.945847],[138.969928,35.945691],[138.969805,35.945536],[138.969594,35.945349],[138.969361,35.945141],[138.969045,35.944888],[138.968708,35.944747],[138.968507,35.944672],[138.968248,35.944607],[138.96799,35.944496],[138.967788,35.944367],[138.967595,35.944194],[138.967493,35.944028],[138.967357,35.943781],[138.9672021,35.9435568],[138.9672201,35.9434581],[138.9673345,35.9430212],[138.9673939,35.9427053],[138.9674895,35.9424431],[138.9676999,35.9421465],[138.9677938,35.9416826],[138.9677414,35.9413376],[138.9677392,35.9412843],[138.96771,35.941145],[138.967485,35.940763],[138.967276,35.940364],[138.967144,35.940085],[138.966941,35.939849],[138.9667855,35.9397208],[138.9664682,35.9395594],[138.9663328,35.9395124],[138.9661311,35.9394282],[138.9658977,35.9393719],[138.9654995,35.9391886],[138.9652133,35.9390915],[138.9651188,35.9390594],[138.9649174,35.9389723],[138.9647614,35.938854],[138.9646614,35.938725],[138.9645748,35.9386588],[138.9644521,35.9385718],[138.9643386,35.9385363],[138.9639833,35.9383456],[138.9637633,35.9382293],[138.9632563,35.9380163],[138.9629283,35.9378793],[138.9628133,35.9378183],[138.9626883,35.9377043],[138.9625373,35.9375303],[138.9623973,35.9373443],[138.962263,35.9372159],[138.962061,35.9370839],[138.961655,35.9368259],[138.96143,35.9366469],[138.961223,35.9365309],[138.961035,35.9364259],[138.960883,35.9363799],[138.960724,35.9363769],[138.960543,35.9364309],[138.9604426,35.9364835],[138.960267,35.936562],[138.960049,35.936718],[138.959752,35.936974],[138.959409,35.937299],[138.959131,35.937568],[138.9587267,35.9378682],[138.9582932,35.938426],[138.9579945,35.9387408],[138.9577524,35.9389798],[138.9575727,35.9391764],[138.9573013,35.9395906],[138.9572686,35.9398644],[138.9572873,35.9400262],[138.9573351,35.9402134],[138.9572915,35.9405066],[138.9571712,35.9408244],[138.9569052,35.9408782],[138.956304,35.9407609],[138.956156,35.940652],[138.9558871,35.940575],[138.9557325,35.9404166],[138.955702,35.9401519],[138.9557265,35.9400619],[138.9557113,35.9397979],[138.9556968,35.9396198],[138.9556036,35.9394399],[138.955581,35.9392666],[138.9554731,35.9392071],[138.955303,35.938824],[138.955241,35.938737],[138.955126,35.938654],[138.954683,35.938466],[138.953931,35.938162],[138.953607,35.938046],[138.953435,35.937969],[138.953324,35.937948],[138.952982,35.937909],[138.952586,35.937832],[138.952479,35.937805],[138.952338,35.937726],[138.952167,35.937593],[138.95194,35.937424],[138.951687,35.937243],[138.951435,35.937077],[138.951051,35.936841],[138.950908,35.936755],[138.950792,35.936707],[138.950604,35.936684],[138.950456,35.936675],[138.950328,35.936642],[138.950086,35.936573],[138.94989,35.93654],[138.949634,35.936522],[138.949266,35.936511],[138.948705,35.936484],[138.947655,35.936363],[138.9466518,35.9361212],[138.9462361,35.9360503],[138.9460341,35.9359076],[138.9457956,35.9358314],[138.9455305,35.9357918],[138.9451321,35.9358601],[138.9446775,35.9360246],[138.9443003,35.9361752],[138.944149,35.936258],[138.944069,35.93636],[138.944036,35.936445],[138.944001,35.936587],[138.944009,35.936694],[138.944035,35.936781],[138.944094,35.936908],[138.944146,35.936989],[138.944377,35.937254],[138.944612,35.937503],[138.944811,35.93773],[138.945046,35.937977],[138.945263,35.938156],[138.945353,35.938274],[138.945588,35.938466],[138.945685,35.93859],[138.945741,35.938725],[138.94581,35.938951],[138.945886,35.939108],[138.946024,35.939283],[138.946156,35.939615],[138.946177,35.939717],[138.94617,35.939812],[138.946113,35.939984],[138.946087,35.940167],[138.946017,35.940359],[138.945893,35.940556],[138.945851,35.940606],[138.945664,35.940764],[138.945484,35.940894],[138.945387,35.940933],[138.945332,35.940944],[138.945277,35.940967],[138.944938,35.941063],[138.94464,35.941119],[138.944536,35.941125],[138.944307,35.941192],[138.944141,35.94126],[138.94412,35.941283],[138.94394,35.941395],[138.943546,35.941778],[138.943255,35.941969],[138.943095,35.942043],[138.943056,35.942055],[138.942959,35.942189],[138.942871,35.942296],[138.942709,35.942447],[138.942514,35.942669],[138.942336,35.942855],[138.942152,35.943046],[138.942014,35.943209],[138.941877,35.943427],[138.941821,35.943613],[138.941783,35.943792],[138.941783,35.943991],[138.941796,35.944188],[138.941833,35.944351],[138.941873,35.944514],[138.941928,35.944737],[138.941997,35.944887],[138.942078,35.94502],[138.942171,35.945129],[138.94221,35.945216],[138.942166,35.945304],[138.942075,35.945472],[138.942034,35.945591],[138.942004,35.94567],[138.941951,35.945773],[138.941944,35.945786],[138.941624,35.946156],[138.941481,35.946342],[138.941446,35.946431],[138.9414119,35.9464666],[138.941355,35.946526],[138.941255,35.946584],[138.941132,35.946631],[138.940991,35.946658],[138.940778,35.946691],[138.940466,35.946726],[138.940066,35.946801],[138.939704,35.946889],[138.939549,35.946899],[138.939409,35.946922],[138.9391661,35.9469866],[138.9388405,35.946953],[138.9385935,35.9470191],[138.9383914,35.9469842],[138.938303,35.946945],[138.9382067,35.9468341],[138.938043,35.9468158],[138.9378166,35.9468816],[138.9376165,35.9470385],[138.9375279,35.9472506],[138.9375009,35.9473446],[138.9375975,35.9475902],[138.9376933,35.9478741],[138.9377843,35.9482394],[138.937764,35.9486509],[138.9376354,35.9489217],[138.9373818,35.9492441],[138.9372457,35.9494967],[138.9371291,35.94975],[138.937164,35.950088],[138.9372722,35.9504338],[138.9374794,35.9506517],[138.9380166,35.9509801],[138.938159,35.951058],[138.938497,35.951413],[138.938638,35.951598],[138.938736,35.951774],[138.938821,35.951958],[138.938811,35.952113],[138.938777,35.9522],[138.938708,35.952301],[138.938655,35.952343],[138.938466,35.952459],[138.938368,35.952521],[138.938223,35.952565],[138.938122,35.952583],[138.937953,35.952585],[138.937662,35.952557],[138.937279,35.952602],[138.936876,35.952654],[138.936484,35.952711],[138.936221,35.952751],[138.936003,35.952747],[138.935833,35.952703],[138.935647,35.95263],[138.935461,35.952561],[138.935316,35.952437],[138.9351692,35.9522193],[138.9350463,35.9521411],[138.934569,35.9518305],[138.9338995,35.9515316],[138.9332902,35.9510496],[138.9331098,35.9508716],[138.9330341,35.9506877],[138.9329099,35.9505152],[138.9327848,35.9503401],[138.9325848,35.9500433],[138.9323986,35.9492064],[138.9324156,35.9489748],[138.9325993,35.9486953],[138.9328105,35.9484589],[138.9329017,35.9482284],[138.9329177,35.9478694],[138.9330072,35.9475436],[138.9333068,35.9472241],[138.9333358,35.9470536],[138.9333565,35.9467887],[138.933289,35.946692],[138.933095,35.946497],[138.932562,35.946045],[138.9321528,35.9457625],[138.931302,35.945175],[138.9303819,35.9446457],[138.929547,35.9445275],[138.9291508,35.9445394],[138.9288388,35.9446063],[138.9284926,35.9445667],[138.9277182,35.9446743],[138.926786,35.94462],[138.9261079,35.9443533],[138.9257439,35.9443715],[138.9253878,35.9444744],[138.9250383,35.9446712],[138.9245925,35.9450775],[138.9241209,35.9456481],[138.9238462,35.945847],[138.9235879,35.9460511],[138.9233258,35.9461806],[138.9231159,35.9462371],[138.922816,35.946279],[138.922571,35.946258],[138.9223667,35.9461093],[138.9219786,35.946014],[138.9215934,35.9460174],[138.9213454,35.9459783],[138.9211326,35.9458254],[138.9205386,35.9455635],[138.9202251,35.9454521],[138.9199305,35.9454244],[138.9194602,35.9453832],[138.9190668,35.9453765],[138.918663,35.945369],[138.918417,35.945388],[138.918106,35.945394],[138.91793,35.945399],[138.917786,35.945432],[138.917621,35.945463],[138.917485,35.945552],[138.917417,35.945609],[138.917337,35.945715],[138.917303,35.945858],[138.917306,35.945989],[138.91731,35.946076],[138.91735,35.946233],[138.917428,35.946561],[138.917502,35.946841],[138.917509,35.947036],[138.917474,35.947269],[138.917435,35.947424],[138.917351,35.947547],[138.917245,35.947653],[138.917139,35.947724],[138.916943,35.947791],[138.916722,35.947823],[138.916493,35.947821],[138.916133,35.947857],[138.915695,35.94792],[138.915486,35.947941],[138.915225,35.947961],[138.914936,35.94795],[138.914767,35.947946],[138.914568,35.947931],[138.914411,35.947907],[138.913986,35.947793],[138.913859,35.947742],[138.913726,35.947665],[138.913641,35.94754],[138.913549,35.947411],[138.913469,35.947244],[138.9132488,35.9470934],[138.9131253,35.946845],[138.9131087,35.9465491],[138.9133609,35.9462721],[138.9137751,35.945793],[138.91405,35.945616],[138.914084,35.945448],[138.914084,35.945249],[138.9140451,35.9451064],[138.9139888,35.9449273],[138.9138518,35.9447513],[138.9138316,35.9445244],[138.9137496,35.9443334],[138.9136316,35.9441404],[138.9136057,35.9439578],[138.9135137,35.9438057],[138.9133873,35.9436677],[138.9132718,35.9435736],[138.913105,35.9434356],[138.9129338,35.9433725],[138.9127154,35.9432831],[138.9125062,35.943241],[138.9123885,35.9432913],[138.9120907,35.9432518],[138.9117708,35.9430431],[138.9115198,35.9429117],[138.911402,35.942717],[138.911124,35.942628],[138.910856,35.942526],[138.910662,35.942397],[138.910272,35.942069],[138.91008,35.9419168],[138.909649,35.941575],[138.9095272,35.9415046],[138.9063034,35.9396232],[138.9053027,35.9397434],[138.9040689,35.9405947],[138.9021914,35.9409552],[138.8989942,35.9411202],[138.8969718,35.941003],[138.8951318,35.9412245],[138.8928068,35.9411021],[138.8916664,35.9410421],[138.8882278,35.9413895],[138.8860552,35.9420019],[138.8847582,35.9419376],[138.8844259,35.9418791],[138.883997,35.941698],[138.883859,35.941636],[138.883613,35.941425],[138.883388,35.941117],[138.883309,35.940965],[138.883288,35.940768],[138.883211,35.9405],[138.883095,35.940307],[138.882881,35.940131],[138.882071,35.939494],[138.881857,35.939341],[138.881638,35.939206],[138.881451,35.939124],[138.88126,35.939029],[138.881116,35.938978],[138.880794,35.939018],[138.880537,35.939116],[138.880066,35.939307],[138.879744,35.939452],[138.879492,35.939564],[138.879238,35.93967],[138.879068,35.939785],[138.878991,35.939914],[138.878968,35.940087],[138.878917,35.940209],[138.87884,35.940286],[138.878636,35.940369],[138.878362,35.940442],[138.87813,35.940459],[138.877869,35.940476],[138.877576,35.940476],[138.87736,35.940456],[138.877135,35.940364],[138.877054,35.940311],[138.876987,35.940224],[138.876959,35.940118],[138.876926,35.939975],[138.87694,35.939807],[138.876937,35.9396],[138.876934,35.939317],[138.876881,35.939191],[138.876794,35.939028],[138.876663,35.93885],[138.87652,35.938732],[138.87636,35.9386],[138.876178,35.938516],[138.876008,35.938494],[138.87577,35.938508],[138.875529,35.938569],[138.875273,35.938657],[138.875072,35.938704],[138.874861,35.938785],[138.874614,35.93887],[138.874375,35.938963],[138.874188,35.938993],[138.874019,35.939004],[138.873781,35.938997],[138.873605,35.939057],[138.873406,35.939143],[138.8732848,35.9392936],[138.8731898,35.9393377],[138.8730912,35.9394267],[138.8729015,35.9395385],[138.8727541,35.9396439],[138.8725896,35.9397152],[138.8724128,35.9397429],[138.8722272,35.9397258],[138.872056,35.939673],[138.871844,35.93961],[138.8716951,35.9394869],[138.8715612,35.9394038],[138.8714119,35.9394259],[138.8711461,35.9394491],[138.8708613,35.9395432],[138.8705226,35.9397029],[138.8701369,35.9398557],[138.8698432,35.9399589],[138.868972,35.940084],[138.868133,35.940437],[138.8677202,35.9405438],[138.8672688,35.9406786],[138.8664823,35.9409864],[138.8660081,35.9413145],[138.865686,35.9415733],[138.864999,35.941713],[138.864574,35.941847],[138.8641843,35.9420463],[138.8634184,35.9421968],[138.8630416,35.9422206],[138.8623423,35.9421629],[138.8619197,35.9420847],[138.8618736,35.9420664],[138.8615874,35.9421257],[138.8609675,35.9419998],[138.8606421,35.9415987],[138.8605254,35.9415211],[138.8603758,35.94148],[138.8593847,35.9415149],[138.85782,35.94151],[138.857613,35.941499],[138.857406,35.941432],[138.8572975,35.9413057],[138.8572429,35.9412019],[138.857127,35.940996],[138.857065,35.940789],[138.857019,35.940684],[138.856953,35.940532],[138.856729,35.940267],[138.856544,35.940127],[138.856314,35.939937],[138.856102,35.939803],[138.855822,35.939629],[138.855576,35.93949],[138.855245,35.939297],[138.854993,35.939163],[138.854833,35.939131],[138.854693,35.939087],[138.854495,35.938968],[138.854288,35.938783],[138.8541619,35.9385107],[138.8538122,35.938016],[138.8534964,35.9377539],[138.8532214,35.9375818],[138.8526346,35.9373951],[138.8523519,35.9372955],[138.8516225,35.9371136],[138.851077,35.937087],[138.850469,35.937054],[138.849926,35.937076],[138.84941,35.937136],[138.848889,35.937246],[138.848448,35.937384],[138.848171,35.937532]],[[139.206837,36.120768],[139.208333,36.12081],[139.209135,36.120866],[139.2097,36.120841],[139.211311,36.120676],[139.212398,36.120459],[139.213092,36.120366],[139.213157,36.120358],[139.21418,36.120241],[139.214999,36.120114],[139.2168611,36.1201733],[139.2177246,36.1199875],[139.2199614,36.119091],[139.22082,36.1187519],[139.2237653,36.1178686],[139.2245858,36.1175386],[139.2256949,36.11728],[139.2266017,36.1173032],[139.2277728,36.1175415],[139.2290584,36.11799],[139.2299918,36.1183077],[139.2305372,36.118335],[139.23168,36.118252],[139.232438,36.118252],[139.233384,36.118252],[139.234102,36.11827],[139.234141,36.118271],[139.234879,36.118328],[139.235704,36.118302],[139.23609,36.11829],[139.237226,36.118177],[139.238956,36.118177],[139.23908,36.118177],[139.239194,36.118177],[139.239417,36.118183],[139.2408884,36.1183683],[139.2454173,36.1185159],[139.2473786,36.1184101],[139.2486148,36.1184953],[139.2495326,36.1185247],[139.2507409,36.118528],[139.2515695,36.1187339],[139.2521874,36.1189972],[139.252681,36.1192167],[139.2531423,36.1196221],[139.2545054,36.121347],[139.254906,36.1218257],[139.25526,36.122308],[139.255514,36.122618],[139.255758,36.122935],[139.256021,36.123352],[139.25658,36.124137],[139.25727,36.125089],[139.258468,36.126733],[139.259332,36.127827],[139.2601164,36.1288115],[139.2619322,36.1311023],[139.2629904,36.1322712],[139.2635134,36.132491],[139.2639436,36.1326819],[139.2653549,36.1331147],[139.2657887,36.1333893],[139.2666963,36.1336816],[139.2677357,36.1340044],[139.2690909,36.1343299],[139.2700752,36.1345872],[139.2719038,36.1349789],[139.2735689,36.1348893],[139.2742121,36.134479],[139.2745391,36.1341611],[139.275594,36.134096],[139.276999,36.13435],[139.278646,36.134491],[139.278815,36.134506],[139.279021,36.134535],[139.280064,36.134681],[139.2814243,36.1347136],[139.282719,36.134779],[139.285154,36.134562],[139.287321,36.134347],[139.288258,36.134094],[139.28894,36.133867],[139.2897016,36.1333504],[139.2900514,36.1331017],[139.2905591,36.1329674],[139.2911352,36.1329544],[139.292474,36.133236],[139.293451,36.133314],[139.294485,36.133606],[139.296373,36.134097],[139.29706,36.134342],[139.297739,36.134585],[139.299028,36.135131],[139.300101,36.13554],[139.301898,36.136125],[139.3032924,36.136535],[139.3044974,36.1370218],[139.3051217,36.13738],[139.3060934,36.137764],[139.3068745,36.1379789],[139.3075837,36.1380946],[139.3079375,36.1380937],[139.310657,36.138276],[139.312804,36.138042],[139.314952,36.13771],[139.317236,36.137184],[139.31748,36.137077],[139.3190335,36.1368111],[139.3211084,36.1362007],[139.3231451,36.1354216],[139.3238613,36.135159],[139.3246504,36.1350332],[139.3252072,36.1350287],[139.3272639,36.1353391],[139.3295353,36.1359027],[139.33111,36.136305],[139.332593,36.136617],[139.3336397,36.1370273],[139.3340301,36.1372021],[139.3360371,36.1381008],[139.3371163,36.1382456],[139.3384665,36.1383901],[139.3401767,36.1382884],[139.3414585,36.1378804],[139.3426252,36.137414],[139.3434477,36.1372989],[139.3442271,36.1372413],[139.3459997,36.1375407],[139.3472407,36.1380811],[139.3496171,36.1381971],[139.3499975,36.1383951],[139.3502134,36.1387325]],[[139.3360371,36.1381008],[139.3373849,36.1390329],[139.3389854,36.1398255],[139.3404149,36.1403174],[139.3413987,36.1401679],[139.3433736,36.1390523],[139.3444803,36.1385008],[139.3456793,36.1383902],[139.3466188,36.1384352],[139.3473563,36.1386501],[139.347727,36.1390508],[139.3484198,36.1391965],[139.3493269,36.1388595],[139.3502134,36.1387325],[139.3513213,36.139695],[139.352176,36.1399778],[139.3532877,36.1399727],[139.3539169,36.1396938],[139.3554697,36.1387656],[139.3575855,36.1372619],[139.3584977,36.1368221],[139.3637612,36.1365848],[139.3657599,36.1364663],[139.3681666,36.1360706],[139.3696186,36.1359405],[139.3709248,36.1361093],[139.3718753,36.1365709],[139.3731542,36.1368147],[139.374464,36.136729],[139.3751463,36.1365896],[139.3769272,36.1367207],[139.377571,36.136729],[139.378686,36.136313],[139.3798153,36.1357806],[139.3807545,36.135485],[139.3822277,36.1349468],[139.3831894,36.1344087],[139.383379,36.134331],[139.3840624,36.1342072],[139.3853492,36.1334656],[139.3864248,36.1334228],[139.3873149,36.1336948],[139.387783,36.1336966],[139.3896163,36.132923],[139.390064,36.132548],[139.390821,36.13187],[139.390931,36.131772],[139.3926675,36.1299722],[139.393133,36.129193],[139.3935617,36.1278647],[139.3938017,36.127038],[139.3942374,36.1261256],[139.3946487,36.1257784],[139.3953093,36.1254122],[139.397648,36.124179],[139.3991443,36.1235053],[139.4005462,36.1229504],[139.4031652,36.1218302],[139.404829,36.1209114],[139.4062226,36.1198607],[139.4067666,36.1193468],[139.4082564,36.117864],[139.410323,36.1158244],[139.4124935,36.1147789],[139.4135689,36.1143357],[139.41408,36.1139919],[139.4151843,36.1129072],[139.4161053,36.1118998],[139.4167339,36.1113745],[139.4173878,36.1105083],[139.4186756,36.1096412],[139.4198952,36.109085],[139.420566,36.108805],[139.4218038,36.108281],[139.4240517,36.1072644],[139.4261969,36.1062094],[139.4289069,36.1049887],[139.4296467,36.1045976],[139.4301217,36.104307],[139.4303656,36.1041257],[139.4305773,36.1039573],[139.4313033,36.1031852],[139.431303,36.103149],[139.431852,36.102483],[139.432537,36.101348],[139.432655,36.100887],[139.432772,36.100428],[139.432733,36.099097],[139.432733,36.098652],[139.432734,36.097441],[139.432733,36.096736],[139.432733,36.096112],[139.4328918,36.0957045],[139.4329416,36.094449],[139.4328079,36.0937211],[139.4327781,36.0932357],[139.4328292,36.0928651],[139.433243,36.092018],[139.433576,36.091332],[139.433816,36.090894],[139.434106,36.090362],[139.434299,36.090025],[139.434498,36.089677],[139.434831,36.088502],[139.435164,36.087562],[139.435939,36.08651],[139.436482,36.085949],[139.437309,36.085092],[139.437677,36.084732],[139.437696,36.084726],[139.438064,36.084618],[139.438074,36.084614],[139.438445,36.084457],[139.438795,36.084309],[139.438893,36.084267],[139.439447,36.084006],[139.44019,36.083661],[139.440763,36.083377],[139.4414071,36.0831321],[139.442065,36.082952],[139.4431181,36.0827056],[139.444001,36.0826803],[139.4447008,36.0827403],[139.4452778,36.0828577],[139.4457332,36.0830014],[139.4472171,36.0833375],[139.447864,36.0835282],[139.4487134,36.0839288],[139.4493676,36.0841074],[139.4498486,36.0840092],[139.4504075,36.0837699],[139.4509038,36.0835659],[139.4516689,36.0832126],[139.4527169,36.0824506],[139.453449,36.081827],[139.453767,36.081531],[139.4536585,36.0810467],[139.4538586,36.080501],[139.4546435,36.0800977],[139.4553451,36.0796696],[139.4560285,36.0793356],[139.456667,36.078897],[139.456753,36.078786],[139.456984,36.078372],[139.457085,36.077985],[139.457098,36.077936],[139.457144,36.077688],[139.457266,36.077403],[139.457607,36.076766],[139.457884,36.076193],[139.45799,36.076001],[139.458081,36.075837],[139.458511,36.075159],[139.458796,36.074776],[139.458959,36.074583],[139.459224,36.074405],[139.45952,36.07423],[139.459937,36.074105],[139.460252,36.074021],[139.460321,36.074003],[139.460861,36.073842],[139.461319,36.073675],[139.461706,36.073493],[139.462033,36.073323],[139.462508,36.073003],[139.463001,36.072658],[139.463469,36.072272],[139.463479,36.072264],[139.463718,36.072082],[139.463849,36.071999],[139.464438,36.071626],[139.4649956,36.0712421],[139.4652879,36.0708172],[139.4656795,36.0705006],[139.4661248,36.070208],[139.4665593,36.0699955],[139.4666666,36.0698351],[139.4668,36.069494],[139.466814,36.069459],[139.466883,36.069131],[139.466875,36.068945],[139.466862,36.068314],[139.46686,36.068183],[139.466891,36.067639],[139.466932,36.067483],[139.466986,36.06737],[139.467145,36.067184],[139.467406,36.066922],[139.467717,36.066626],[139.468017,36.066403],[139.468378,36.066172],[139.468489,36.066101],[139.468933,36.065722],[139.469324,36.065355],[139.469544,36.065074],[139.469848,36.064613],[139.470061,36.06417],[139.470224,36.063821],[139.470574,36.063031],[139.470669,36.062817],[139.470962,36.062305],[139.471052,36.062146],[139.471257,36.061813],[139.47131,36.061726],[139.4715436,36.0614685],[139.471691,36.061306],[139.47176,36.06124],[139.472192,36.060831],[139.47229,36.060738],[139.47276,36.060412],[139.472773,36.060406],[139.473209,36.060209],[139.473367,36.060145],[139.473733,36.059997],[139.474215,36.059871],[139.47468,36.059809],[139.474784,36.059796],[139.474987,36.059809],[139.474993,36.059809],[139.475186,36.059822],[139.475601,36.059894],[139.475897,36.060012],[139.4762,36.060072],[139.476792,36.06005],[139.479388,36.059705],[139.479502,36.059687],[139.4796203,36.0596685],[139.480354,36.059554],[139.480877,36.059467],[139.481356,36.059361],[139.482366,36.059199],[139.482671,36.059127],[139.48303,36.059042],[139.483379,36.05896],[139.483823,36.058831],[139.486683,36.0579736],[139.4883732,36.0574349],[139.4899172,36.0568729],[139.4906522,36.0565016],[139.4916131,36.0559706],[139.4923164,36.0554333],[139.4925103,36.0552347],[139.4928018,36.0551029],[139.49324,36.0549572],[139.4952266,36.0534434],[139.4962489,36.0525378],[139.496778,36.0520565],[139.497577,36.051068],[139.497898,36.050718],[139.498076,36.050523],[139.498417,36.049992],[139.4995873,36.0486074],[139.5000322,36.048014],[139.500567,36.0470494],[139.5010628,36.0459657],[139.5015807,36.0442329],[139.502023,36.042917],[139.502047,36.04285],[139.502375,36.041879],[139.502487,36.041288],[139.502736,36.039975],[139.502974,36.038137],[139.503158,36.037094],[139.503341,36.036286],[139.503584,36.035229],[139.503992,36.033844],[139.50415,36.033307],[139.504202,36.033125],[139.504472,36.032172],[139.504695,36.031495],[139.504834,36.031017],[139.505038,36.029008],[139.5050532,36.0280816],[139.505012,36.027638],[139.505009,36.027622],[139.504989,36.027506],[139.50497,36.027402],[139.504926,36.027152],[139.5048222,36.0266609],[139.5047927,36.0260753],[139.5048168,36.0255113],[139.504856,36.025232],[139.504836,36.025068],[139.504828,36.024999],[139.5047077,36.0246451],[139.5045454,36.0243116],[139.504322,36.024015],[139.504173,36.023764],[139.504155,36.023734],[139.504099,36.02364],[139.5033192,36.0227472],[139.5031314,36.0225867],[139.5025959,36.0220445],[139.5024478,36.0218808],[139.5018801,36.0212221],[139.5016333,36.0208428],[139.5014655,36.0205354],[139.501207,36.019768],[139.501018,36.019002],[139.500972,36.018597],[139.500808,36.017729],[139.50063,36.015333],[139.50063,36.014629],[139.50063,36.013708],[139.500607,36.013166],[139.500599,36.012984],[139.500891,36.011744],[139.501088,36.010887],[139.501267,36.010086],[139.501508,36.008956],[139.501832,36.007615],[139.5019366,36.007198],[139.5021689,36.0065011],[139.5023835,36.0057868],[139.5027236,36.0053543],[139.5027821,36.0048941],[139.5022666,36.0041826],[139.501665,36.003449],[139.501395,36.003188],[139.501207,36.002983],[139.500829,36.002568],[139.500676,36.002383],[139.500664,36.002369],[139.500458,36.002118],[139.500334,36.00177],[139.500338,36.001708],[139.500354,36.001418],[139.500356,36.001376],[139.500405,36.001281],[139.5006,36.0009],[139.500604,36.000893],[139.500679,36.000818],[139.5013694,36.0003448],[139.5019234,35.9997345],[139.5029503,35.998768],[139.5031652,35.9983508],[139.504362,35.997048],[139.504666,35.996801],[139.50518,35.996368],[139.505308,35.996261],[139.505522,35.996183],[139.506584,35.996086],[139.507007,35.996047],[139.507942,35.995911],[139.508321,35.99581],[139.508358,35.9958],[139.508417,35.995759],[139.508695,35.995564],[139.508887,35.995332],[139.508909,35.995305],[139.508923,35.995265],[139.509032,35.994957],[139.509021,35.994811],[139.509156,35.994473],[139.509595,35.99381],[139.509959,35.993292],[139.510182,35.993002],[139.510541,35.992551],[139.510889,35.992236],[139.511238,35.991955],[139.511519,35.991685],[139.511587,35.991539],[139.511589,35.991522],[139.511621,35.991224],[139.511553,35.990876],[139.511497,35.990269],[139.51149,35.989953],[139.511486,35.989774],[139.511576,35.989291],[139.511812,35.988898],[139.512116,35.988571],[139.512701,35.988178],[139.513084,35.988009],[139.513331,35.987874],[139.51422,35.987447],[139.514633,35.987158],[139.514637,35.987155],[139.515154,35.986638],[139.515604,35.986267],[139.515987,35.98575],[139.516381,35.985289],[139.517732,35.983861],[139.518485,35.983164],[139.519464,35.98231],[139.520353,35.981658],[139.523538,35.979679],[139.526779,35.977341],[139.528557,35.975969],[139.529311,35.975149],[139.530436,35.974025],[139.531123,35.973339],[139.5323477,35.9718847],[139.532923,35.971001],[139.533306,35.970382],[139.534942,35.96769],[139.535838,35.966246],[139.536682,35.96502],[139.538932,35.962547],[139.539335,35.96207],[139.53954,35.961827],[139.5399,35.961277],[139.54026,35.960883],[139.540611,35.960289],[139.540632,35.960254],[139.540637,35.960194],[139.540677,35.959792],[139.54057,35.959396],[139.540463,35.958691],[139.540384,35.958342],[139.540362,35.957915],[139.5405812,35.956993],[139.540678,35.9566584],[139.5409343,35.9562282],[139.541183,35.955903],[139.541555,35.955633],[139.541564,35.955627],[139.541856,35.955454],[139.541915,35.955419],[139.542207,35.955318],[139.542489,35.955206],[139.542507,35.955196],[139.542979,35.954818],[139.543288,35.954498],[139.543507,35.954221],[139.543715,35.953958],[139.543832,35.953842],[139.544098,35.953576],[139.544436,35.953238],[139.544453,35.953221],[139.544481,35.953194],[139.544587,35.953087],[139.544717,35.952958],[139.545021,35.95271],[139.545302,35.952384],[139.545415,35.952159],[139.545426,35.951788],[139.5453121,35.9514979],[139.5452448,35.9512527],[139.5451756,35.95102],[139.5450146,35.9501993],[139.5448642,35.9497151],[139.5447779,35.9491726],[139.5447946,35.9486142],[139.5448029,35.9480539],[139.544919,35.947348],[139.544863,35.946819],[139.544897,35.946089],[139.545021,35.945493],[139.545212,35.945043],[139.545302,35.944706],[139.54528,35.944256],[139.545606,35.943222],[139.545652,35.943021],[139.545764,35.942536],[139.545764,35.941749],[139.545617,35.941356],[139.54537,35.94076],[139.544875,35.939703],[139.544312,35.93877],[139.543841,35.938132],[139.543821,35.938106],[139.543772,35.938039],[139.543736,35.938005],[139.542849,35.937151],[139.541814,35.936184],[139.541526,35.935896],[139.541442,35.935813],[139.5413656,35.9357434],[139.540854,35.935277],[139.540148,35.934633],[139.539856,35.934307],[139.539732,35.93379],[139.5394998,35.931863],[139.539473,35.931136],[139.539564,35.93026],[139.539721,35.929765],[139.540013,35.928899],[139.540205,35.927786],[139.540306,35.926977],[139.54043,35.925976],[139.540453,35.925077],[139.540599,35.924537],[139.54079,35.923953],[139.541171,35.922936],[139.541442,35.92221],[139.541803,35.921052],[139.542208,35.920111],[139.542309,35.919869],[139.54398,35.915811],[139.5448418,35.9137205],[139.54533,35.912536],[139.545816,35.911317],[139.546404,35.909839],[139.546716,35.908834],[139.54673,35.908789],[139.5480947,35.9072344],[139.549256,35.9062311],[139.55045,35.9056188],[139.5541945,35.9048562],[139.554311,35.904793],[139.554454,35.90472],[139.555165,35.904358],[139.556323,35.90362],[139.557582,35.902614],[139.558723,35.901474],[139.5598427,35.8991806],[139.56086,35.897169],[139.561834,35.894133],[139.562624,35.891743],[139.562967,35.890458],[139.563279,35.889294],[139.564002,35.887391],[139.564858,35.885596],[139.566103,35.88346],[139.567169,35.882183],[139.567279,35.882052],[139.568437,35.880978],[139.570137,35.879442],[139.57195,35.877731],[139.573897,35.875484],[139.574123,35.875182],[139.5746799,35.8744187],[139.575278,35.873631],[139.5761036,35.8720997],[139.576404,35.871471],[139.577255,35.86968],[139.577276,35.869635],[139.577284,35.869604],[139.5775454,35.8688759],[139.577865,35.867229],[139.578008,35.866638],[139.578099,35.866266],[139.578223,35.865756],[139.578284,35.865502],[139.578695,35.864271],[139.578791,35.863983],[139.578983,35.863746],[139.579318,35.863331],[139.579429,35.863195],[139.579602,35.863102],[139.580921,35.862394],[139.58099,35.862357],[139.581054,35.862332],[139.583692,35.861317],[139.58499,35.8607802],[139.5858936,35.8601783],[139.5865302,35.8597362],[139.5874421,35.8589578],[139.588296,35.857906],[139.588717,35.857188],[139.588951,35.856788],[139.589409,35.856004],[139.589929,35.85473],[139.590684,35.853254],[139.59121,35.852739],[139.592184,35.851968],[139.593164,35.851328],[139.593493,35.851113],[139.593533,35.851091],[139.595457,35.850056],[139.596464,35.849352],[139.597656,35.848279],[139.598646,35.846987],[139.599451,35.845819],[139.599677,35.845492],[139.599846,35.845247],[139.601759,35.843537],[139.602749,35.842715],[139.603186,35.842195],[139.603958,35.841088],[139.604192,35.840716],[139.6043275,35.8404967],[139.605032,35.839378],[139.605898,35.837719],[139.606509,35.836548],[139.606735,35.83608],[139.606948,35.83564],[139.607344,35.834889],[139.607666,35.834278],[139.608519,35.833009],[139.609623,35.83197],[139.610047,35.831734],[139.610728,35.831354],[139.61179,35.830973],[139.612831,35.830867],[139.6137078,35.8307776],[139.614933,35.830548],[139.61625,35.8304],[139.6167672,35.8302753],[139.617791,35.829777],[139.618202,35.829579],[139.618708,35.8291],[139.619221,35.828616],[139.619712,35.828151],[139.620843,35.826792],[139.621774,35.825076],[139.622339,35.824383],[139.622399,35.824309],[139.622421,35.824196],[139.622753,35.822523],[139.622821,35.822181],[139.622814,35.821812],[139.622764,35.819323],[139.6223348,35.8162161],[139.621688,35.811693],[139.621774,35.811627],[139.622515,35.810814],[139.623457,35.809782],[139.624004,35.809455],[139.625511,35.808555],[139.628779,35.806542],[139.629014,35.806397],[139.630665,35.805592],[139.631067,35.805481],[139.632783,35.805008],[139.632892,35.804978],[139.635426,35.804633],[139.637884,35.803713],[139.640303,35.802523],[139.640424,35.802505],[139.6422436,35.8021833],[139.6429949,35.8020056],[139.6437885,35.8018179],[139.6456339,35.8010173],[139.6478655,35.800356],[139.6494962,35.8000601],[139.651878,35.7999905],[139.6533844,35.8001761],[139.654447,35.800307],[139.6564271,35.8003212],[139.659624,35.8003857],[139.6607401,35.8004082],[139.6645873,35.8005625],[139.6646454,35.8005648],[139.6688296,35.8004256],[139.671527,35.7997762],[139.6743657,35.7991203],[139.6771766,35.7988941],[139.6799447,35.7989289],[139.6810294,35.7991025],[139.683099,35.7994336],[139.6832233,35.7994781],[139.6844955,35.7998146],[139.685043,35.7999595],[139.6868295,35.8006495],[139.6880633,35.8008322],[139.6904182,35.8008319],[139.6924234,35.800624],[139.6951956,35.7997492],[139.6968769,35.7989124],[139.6976552,35.7984106],[139.6986558,35.7977454],[139.7010183,35.7962074],[139.70177,35.795718],[139.704743,35.793729],[139.706341,35.793064],[139.709221,35.792296],[139.711818,35.792035],[139.715848,35.792057],[139.71892,35.79198],[139.721147,35.791443],[139.722474,35.790635],[139.7244798,35.7895317],[139.7254093,35.789186],[139.7260115,35.78901],[139.726646,35.7888514],[139.7274134,35.7887393],[139.7283087,35.7886871],[139.7292148,35.7886698],[139.7301259,35.7886922],[139.7310907,35.7887407],[139.7317215,35.7888118],[139.7323898,35.7888743],[139.7329758,35.788886],[139.7335296,35.7888455],[139.7341022,35.7887528],[139.7346863,35.7886107],[139.7353132,35.7883903],[139.7362278,35.7878594],[139.7371961,35.7871937],[139.7380956,35.7864086],[139.7389611,35.7854668],[139.7408348,35.7826862],[139.7413318,35.7818551],[139.7415839,35.7814222],[139.7428226,35.7792833],[139.7452741,35.7760492],[139.7496007,35.7733278],[139.7502398,35.7730489],[139.7559145,35.7705721],[139.7568164,35.7700461],[139.7585218,35.7690513],[139.7596774,35.7674618],[139.7601589,35.7655974],[139.7605089,35.7642828],[139.7608667,35.7635919],[139.7612361,35.7628786],[139.7616223,35.7621328],[139.7642718,35.7599371],[139.7684857,35.7579815],[139.7711791,35.7573637],[139.773628,35.7571215],[139.7775441,35.7570229],[139.7785499,35.7571134],[139.7812594,35.7573573],[139.782066,35.7574299],[139.7827909,35.7574951],[139.7832617,35.7575744],[139.788471,35.7584523],[139.7890041,35.7585421],[139.7891983,35.7585703],[139.7907884,35.758801],[139.7937415,35.7592296],[139.7938866,35.7592506],[139.797322,35.7597492],[139.8006381,35.759649],[139.8017458,35.7595652],[139.8028483,35.7594528],[139.8059418,35.7584674],[139.808438,35.7574626],[139.8090202,35.7570416],[139.8110285,35.7555893],[139.8122989,35.7545347],[139.8135857,35.7533738],[139.8143875,35.7524229],[139.8149361,35.7517316],[139.8155256,35.7509887],[139.8171937,35.7488868],[139.8174838,35.7485213],[139.8182054,35.7472367],[139.8201805,35.7437205],[139.8203015,35.743505],[139.8239568,35.7376543],[139.8253715,35.7354507],[139.8282182,35.7326414],[139.8290167,35.7319337],[139.8314843,35.7297468],[139.8343224,35.7270412],[139.8369225,35.7245623],[139.8404415,35.7212073],[139.8405935,35.7210624],[139.8423787,35.7194767],[139.842841,35.7190151],[139.8449681,35.7168863],[139.8458613,35.7159924],[139.8485318,35.7133195],[139.8500484,35.7118015],[139.8509789,35.7108702],[139.8534036,35.7079281],[139.8547807,35.705611],[139.855638,35.7039378],[139.8557715,35.7036772],[139.8563072,35.7023221],[139.8564398,35.7019865],[139.8567104,35.7009176],[139.8570735,35.6994828],[139.8571412,35.6986894],[139.8572666,35.69722],[139.8571402,35.695244],[139.8571163,35.6948701],[139.8568214,35.6939158],[139.8562806,35.6921656],[139.8556748,35.6902047],[139.8551818,35.6894773],[139.8536618,35.6872347],[139.8518021,35.6844906],[139.8499857,35.6818061],[139.8485458,35.6796536],[139.8480793,35.6782469],[139.8477144,35.6771468],[139.8470187,35.6750491],[139.8470007,35.6747612],[139.8469781,35.6743795],[139.8467792,35.671325],[139.8466126,35.6692874],[139.846311,35.6656002],[139.8457472,35.658694],[139.8460038,35.6572112],[139.8464289,35.6547771],[139.8464987,35.6543758],[139.8463374,35.6521552],[139.8460117,35.64831],[139.8459462,35.6475211],[139.845911,35.6471214],[139.8455211,35.6428286],[139.8448649,35.6356042]],[[139.214999,36.120114],[139.2166212,36.1192383],[139.2180367,36.1184797],[139.219398,36.117817],[139.2203875,36.1172717],[139.2213663,36.1167388],[139.2221696,36.1164446],[139.2230745,36.116245],[139.2233615,36.1161471],[139.2242738,36.1160151],[139.2250785,36.1161667],[139.2262533,36.1165784],[139.2272618,36.1171894],[139.2277728,36.1175415]],[[139.1146119,36.0991554],[139.114812,36.0997401],[139.1148811,36.1000825],[139.1147168,36.1002972],[139.1144161,36.1003459],[139.1141892,36.1003678],[139.1135171,36.1003319]]]}},{"type":"Feature","properties":{"name":"神田川","name:en":"Kanda River","kind":"river"},"geometry":{"type":"LineString","coordinates":[[139.5811797,35.6982993],[139.5813574,35.6982509],[139.5817485,35.6981416],[139.582042,35.6980644],[139.5822301,35.6979734],[139.5824381,35.6978669],[139.5825373,35.6978203],[139.5826645,35.6977634],[139.5828914,35.6976955],[139.5830275,35.6976423],[139.5831718,35.697601],[139.5834326,35.697526],[139.5838483,35.6974123],[139.5841568,35.6973293],[139.5842912,35.6972846],[139.5845345,35.6971263],[139.584679,35.6969962],[139.5848912,35.6966978],[139.5851307,35.6963366],[139.5852343,35.696182],[139.5854455,35.6958527],[139.5856693,35.6955289],[139.5857556,35.6954094],[139.5858336,35.6952634],[139.5859217,35.6950065],[139.5859896,35.6947285],[139.5860463,35.6945074],[139.5862351,35.6942495],[139.5866299,35.6937894],[139.5868102,35.6935663],[139.5870634,35.693298],[139.5874102,35.6930145],[139.5877128,35.6928482],[139.5881408,35.6926683],[139.5887954,35.6924482],[139.5893867,35.6922126],[139.589919,35.6920015],[139.5901747,35.6918445],[139.5906382,35.6915378],[139.5909472,35.6913775],[139.5912648,35.691252],[139.5916167,35.6910359],[139.5919428,35.6907571],[139.5923377,35.6904155],[139.5925694,35.6901994],[139.5928956,35.689816],[139.593402,35.6893141],[139.5936423,35.6890492],[139.5938826,35.6888052],[139.5940543,35.6885751],[139.5941988,35.6884292],[139.5943547,35.6882754],[139.5945977,35.6881027],[139.5948944,35.6879925],[139.5954362,35.6878432],[139.596037,35.687627],[139.5963377,35.6875387],[139.5965434,35.6874876],[139.5966543,35.6874775],[139.5967108,35.6874781],[139.5968498,35.6874794],[139.5971356,35.6875258],[139.5975533,35.6876384],[139.5981798,35.6877918],[139.5985939,35.6879049],[139.5987594,35.687929],[139.5990397,35.6879229],[139.5991955,35.6878985],[139.5994026,35.6878208],[139.5996129,35.6876756],[139.5997891,35.6875721],[139.5999337,35.6874678],[139.6002371,35.6872457],[139.6008006,35.6868393],[139.6010495,35.6866162],[139.6013938,35.6863577],[139.6015044,35.6862746],[139.6019936,35.68594],[139.6023835,35.6857102],[139.6026934,35.6855665],[139.6032389,35.6853187],[139.603815,35.6850243],[139.6041064,35.6849054],[139.604417,35.6848074],[139.6048521,35.684717],[139.6053286,35.6846438],[139.6057502,35.6845896],[139.6063208,35.684494],[139.6068087,35.6843575],[139.6072236,35.6841828],[139.6074868,35.6840437],[139.6077498,35.6838584],[139.6081239,35.6835795],[139.6084181,35.6833837],[139.6086884,35.6832071],[139.6088309,35.6831349],[139.6091794,35.6829169],[139.6093948,35.6827757],[139.6097081,35.6826711],[139.6100588,35.6826207],[139.6103778,35.6825817],[139.6111388,35.6825646],[139.6113995,35.6825598],[139.6119359,35.6825463],[139.6123438,35.6825466],[139.6126072,35.6825271],[139.6127685,35.6825299],[139.6129629,35.6825351],[139.6131566,35.6825619],[139.6134312,35.6826247],[139.6137452,35.6827165],[139.6141469,35.6828146],[139.6146703,35.6829583],[139.6150073,35.683028],[139.6153594,35.6830533],[139.6164517,35.6829921],[139.6173515,35.6829406],[139.6177313,35.6829035],[139.6184008,35.6827781],[139.6189759,35.6826247],[139.6191733,35.6825619],[139.6193702,35.6825021],[139.6195151,35.6824176],[139.6196621,35.6822999],[139.6198689,35.6821144],[139.6201685,35.6818468],[139.6204774,35.6815888],[139.6207006,35.6813727],[139.6209152,35.6811566],[139.6210611,35.6809405],[139.6212328,35.6806686],[139.6213529,35.6803688],[139.6214302,35.6800829],[139.621552,35.6797012],[139.6216888,35.6792905],[139.6218422,35.6789604],[139.6220825,35.6786397],[139.6223314,35.6783957],[139.622649,35.6781517],[139.6230695,35.67781],[139.6234987,35.6775172],[139.6239107,35.6771616],[139.6245115,35.6766945],[139.6249664,35.6763529],[139.6253011,35.6760391],[139.6256788,35.6758439],[139.6260564,35.6756487],[139.6263998,35.6754674],[139.6267088,35.6753977],[139.6269523,35.67533],[139.6272441,35.6753509],[139.6275911,35.6754124],[139.6280216,35.6755083],[139.6284458,35.6756159],[139.6287755,35.6756989],[139.6290723,35.6757414],[139.6297766,35.6758271],[139.6304885,35.6759157],[139.6310801,35.6759711],[139.631731,35.6760393],[139.6321684,35.6760852],[139.6326475,35.6761398],[139.6328629,35.6761603],[139.6330479,35.676157],[139.6332057,35.6761345],[139.6333639,35.6760901],[139.6335364,35.6760178],[139.6336891,35.6759211],[139.6339799,35.6756625],[139.6345722,35.6751326],[139.6352435,35.6745146],[139.6354476,35.6743099],[139.6355761,35.6740819],[139.6356447,35.673803],[139.6357395,35.6734871],[139.635954,35.673257],[139.6362802,35.6729851],[139.6367167,35.6726186],[139.6372429,35.6721751],[139.6377389,35.6717627],[139.6381599,35.6713814],[139.6384775,35.6711234],[139.6388092,35.6708698],[139.6391433,35.6706803],[139.6394389,35.6705683],[139.6396195,35.6705286],[139.6402724,35.6703596],[139.6408006,35.670229],[139.6411829,35.6701616],[139.641636,35.6701263],[139.6420407,35.6701185],[139.6424097,35.6701254],[139.6427531,35.6701185],[139.6428946,35.670121],[139.6431393,35.6701254],[139.6435856,35.6701882],[139.6439227,35.6702578],[139.6442378,35.6703705],[139.6446266,35.6705344],[139.6448626,35.6706485],[139.6449685,35.6707109],[139.6450969,35.6708034],[139.6451421,35.6708784],[139.6451781,35.6709485],[139.6451992,35.6710249],[139.6452107,35.6710942],[139.6452066,35.6711583],[139.645182,35.6712905],[139.6451772,35.6714133],[139.6451578,35.6716051],[139.6451756,35.6717305],[139.6452426,35.6719181],[139.6453122,35.6720431],[139.6454757,35.6722033],[139.6456544,35.6723058],[139.6458601,35.6723846],[139.6461348,35.6725031],[139.6464781,35.6726844],[139.64683,35.6729145],[139.6470252,35.6730607],[139.6472248,35.6732561],[139.6475188,35.6736322],[139.6476955,35.673915],[139.6477981,35.6740479],[139.6478891,35.6743409],[139.6480365,35.6749378],[139.648074,35.6750739],[139.6481795,35.675272],[139.6482577,35.6753761],[139.6484705,35.675567],[139.6485546,35.6756798],[139.6486438,35.675849],[139.6488327,35.6761918],[139.6490044,35.6765474],[139.6491417,35.6768193],[139.6493563,35.6771192],[139.649577,35.6773486],[139.6498284,35.677656],[139.6499281,35.677812],[139.6500107,35.678],[139.6502387,35.6785882],[139.6504589,35.679095],[139.6506441,35.6794763],[139.6508393,35.6797312],[139.6511399,35.6800157],[139.651502,35.6802291],[139.6517687,35.6803768],[139.6520644,35.6805131],[139.6521669,35.680556],[139.6522656,35.6805856],[139.6524552,35.6806283],[139.6530873,35.6807412],[139.6535511,35.6808216],[139.6537171,35.680863],[139.6538018,35.680875],[139.6538847,35.6808663],[139.6539415,35.6808468],[139.6540037,35.6808032],[139.6540695,35.6807332],[139.654167,35.6805719],[139.6542446,35.6804719],[139.6543793,35.6804045],[139.6545327,35.6803633],[139.6547433,35.6803411],[139.6550679,35.6803052],[139.6553392,35.6802783],[139.6555075,35.6802358],[139.6557816,35.6801377],[139.6560958,35.6800422],[139.656269,35.6800321],[139.6564435,35.6800701],[139.6567541,35.6801411],[139.6574547,35.6803503],[139.6576104,35.6803722],[139.657834,35.6803665],[139.6584419,35.6803219],[139.6586646,35.6802749],[139.6590041,35.6801537],[139.6592666,35.6800581],[139.6593507,35.6800354],[139.6594203,35.6800398],[139.6595117,35.6800558],[139.6595857,35.6800843],[139.6599416,35.6802751],[139.6604303,35.6805322],[139.6606537,35.6806469],[139.6608698,35.6807927],[139.66098,35.6808967],[139.6611011,35.681044],[139.6612226,35.6812776],[139.6613412,35.6816188],[139.6614834,35.6820053],[139.6617425,35.6826823],[139.6618345,35.6829366],[139.6619404,35.6832332],[139.662497,35.6846886],[139.6626523,35.6851503],[139.6629533,35.685937],[139.6631557,35.6864829],[139.6632623,35.6867712],[139.6634226,35.6871792],[139.6634473,35.6873129],[139.6634568,35.6876588],[139.6634544,35.6879178],[139.6635049,35.688089],[139.6637163,35.6884436],[139.6638339,35.688872],[139.6638663,35.6889366],[139.6638992,35.6889803],[139.6639882,35.6890765],[139.6640827,35.6891461],[139.6643874,35.6893213],[139.6648105,35.6895424],[139.6650809,35.6896888],[139.6656912,35.6900163],[139.6663681,35.6903792],[139.6665152,35.690471],[139.6666111,35.6905623],[139.6667677,35.6907465],[139.666847,35.6908229],[139.6669454,35.6908955],[139.6670661,35.6909654],[139.6672196,35.691038],[139.6673898,35.6910924],[139.66768,35.6911497],[139.6682916,35.6912182],[139.6688692,35.6912807],[139.6691583,35.6913242],[139.6699727,35.6914224],[139.6708038,35.6915066],[139.6712439,35.6915851],[139.671794,35.6917243],[139.6721362,35.6919059],[139.6726663,35.6921826],[139.6733341,35.6925183],[139.6737921,35.6927769],[139.6742514,35.6930156],[139.6743702,35.6930582],[139.6745902,35.6930817],[139.6749912,35.6930901],[139.6758517,35.6931064],[139.6762736,35.6931268],[139.6766598,35.6931377],[139.6768565,35.6931333],[139.6770366,35.6931198],[139.6774071,35.6930545],[139.6777174,35.6929558],[139.6781087,35.6928381],[139.6783145,35.6927774],[139.678778,35.6926389],[139.6791254,35.6925117],[139.6793718,35.6924419],[139.6796403,35.6923723],[139.6798385,35.6923089],[139.6800609,35.6922398],[139.6803098,35.6921422],[139.6806102,35.6920655],[139.6807983,35.6920276],[139.6809117,35.6920098],[139.6810995,35.6920098],[139.6814622,35.6920324],[139.6817413,35.6920715],[139.6823409,35.6921541],[139.682515,35.6921889],[139.6829737,35.6923262],[139.6834132,35.6925111],[139.6835441,35.6925642],[139.6837552,35.6926505],[139.684105,35.6928413],[139.684428,35.6930834],[139.6847719,35.6933838],[139.6850172,35.6936019],[139.6854017,35.6939914],[139.6855145,35.6941879],[139.6856299,35.6943979],[139.6858688,35.6948671],[139.6862629,35.6956617],[139.6865583,35.696227],[139.6866322,35.6963849],[139.6867214,35.6965756],[139.6868759,35.6968613],[139.6870389,35.697175],[139.6872364,35.6974678],[139.6874525,35.6977317],[139.6877857,35.6980609],[139.688013,35.6983302],[139.6882018,35.6986521],[139.6883092,35.6989594],[139.6883607,35.6991476],[139.6883889,35.69946],[139.6883779,35.6998377],[139.6882772,35.7002213],[139.6881083,35.7006051],[139.6877473,35.7011756],[139.6875776,35.701429],[139.6875282,35.7015105],[139.6875014,35.701619],[139.6874509,35.7018241],[139.6874166,35.7023748],[139.687408,35.7028278],[139.6875196,35.7042636],[139.6876312,35.7047654],[139.68782,35.7053927],[139.6879831,35.7058527],[139.6880559,35.7060893],[139.6882406,35.7066891],[139.6883135,35.7069284],[139.6884596,35.7071753],[139.6886184,35.7073492],[139.6888179,35.7074813],[139.6891076,35.7076332],[139.6897969,35.7079673],[139.6907046,35.7084279],[139.6911984,35.7087145],[139.6916371,35.7090677],[139.6918344,35.709225],[139.6919861,35.709304],[139.6922023,35.7093864],[139.6923861,35.7094352],[139.6927291,35.7095081],[139.6929176,35.7095919],[139.6931093,35.7096751],[139.6933161,35.7098264],[139.6933989,35.7098995],[139.6935918,35.7100697],[139.6938064,35.7102666],[139.6939926,35.7104984],[139.6941577,35.7107642],[139.6942877,35.7110261],[139.6943455,35.7111867],[139.6944367,35.7116177],[139.6945153,35.7122425],[139.694628,35.712848],[139.694746,35.7136668],[139.6948157,35.7139979],[139.6948855,35.7142069],[139.6950115,35.714453],[139.6952697,35.7147601],[139.6954816,35.7149479],[139.6956275,35.7150456],[139.6957317,35.7150933],[139.69582,35.7151302],[139.6960795,35.7152452],[139.6963335,35.7153162],[139.6968301,35.7154221],[139.697042,35.7154461],[139.6972673,35.7154265],[139.6975427,35.7153918],[139.6987406,35.7151024],[139.6992007,35.7150364],[139.6994861,35.7150108],[139.6998272,35.7149961],[139.7009797,35.7149878],[139.7016752,35.7149812],[139.7020255,35.7149583],[139.7035951,35.7148126],[139.7041857,35.7147657],[139.7045759,35.7146771],[139.705001,35.7146922],[139.7052845,35.7146519],[139.7054364,35.7146191],[139.705617,35.7145596],[139.7059762,35.7143886],[139.7064717,35.7141573],[139.7067221,35.7140511],[139.7069546,35.713973],[139.7071439,35.7139164],[139.7073153,35.7138806],[139.7075325,35.7138486],[139.7078755,35.7138151],[139.7079941,35.7138123],[139.7088586,35.7138539],[139.7091781,35.7138814],[139.7094481,35.7139315],[139.7095416,35.7139567],[139.7096845,35.7140085],[139.7099489,35.7141171],[139.710424,35.7143709],[139.7106212,35.7144646],[139.7110808,35.71465],[139.7112153,35.7147087],[139.7113376,35.714757],[139.7114835,35.7147912],[139.7119462,35.7147989],[139.712259,35.7146748],[139.7126207,35.7144157],[139.7131331,35.7139963],[139.7134475,35.7137395],[139.7138183,35.7134656],[139.7146481,35.7131077],[139.7148741,35.7130684],[139.7149998,35.7130466],[139.7159831,35.7130031],[139.7166647,35.7129833],[139.7167635,35.7129756],[139.7170317,35.712955],[139.7171085,35.7129488],[139.7176395,35.7128752],[139.7178622,35.7128304],[139.7181457,35.7127611],[139.7184654,35.7126829],[139.7192958,35.7124798],[139.7193352,35.7124702],[139.719615,35.7123701],[139.7198647,35.7123043],[139.7201273,35.7122938],[139.7203756,35.7123011],[139.7205615,35.7123285],[139.7208576,35.712392],[139.7211318,35.7124617],[139.7213242,35.7125066],[139.7215461,35.712528],[139.7217488,35.7125283],[139.7219136,35.71251],[139.722056,35.7124817],[139.7222581,35.7124021],[139.7224201,35.7123067],[139.7224299,35.7123005],[139.7227338,35.7121096],[139.7228532,35.7120481],[139.7230439,35.7119965],[139.7232701,35.7119719],[139.7235223,35.7119444],[139.7238245,35.7118945],[139.7240108,35.7118323],[139.7244309,35.7115651],[139.7245697,35.7114323],[139.7246051,35.7113984],[139.7247083,35.7112996],[139.7249877,35.7109652],[139.7251677,35.7107652],[139.7253387,35.7105993],[139.7256611,35.7104609],[139.7260211,35.710368],[139.7263282,35.7103099],[139.7267807,35.7102589],[139.7271452,35.7102409],[139.7275871,35.7102366],[139.7283421,35.7102297],[139.7290344,35.7102749],[139.7295092,35.7104249],[139.7297012,35.7104629],[139.7299362,35.7105125],[139.7306261,35.7105949],[139.7313689,35.7106687],[139.7314768,35.7106528],[139.7318265,35.7106015],[139.7323457,35.7103762],[139.7332831,35.7099703],[139.7343239,35.7095607],[139.7348723,35.7093812],[139.7351665,35.7093131],[139.7355472,35.7092327],[139.7363989,35.7090979],[139.7372302,35.7089767],[139.7387429,35.7087562],[139.7397389,35.708611],[139.7406078,35.7084844],[139.7423816,35.7082259],[139.7427625,35.7081689],[139.7430465,35.7080511],[139.7433003,35.7077771],[139.7433518,35.7077216],[139.7434202,35.7075772],[139.7436583,35.7067859],[139.7444054,35.7041887],[139.7444939,35.7038812],[139.7446256,35.70351],[139.7447722,35.7031218],[139.7450852,35.7025771],[139.7451415,35.7025286],[139.7461998,35.7028584],[139.7462515,35.7028668],[139.7467978,35.702955],[139.7491111,35.7029264],[139.7503205,35.7027133],[139.7508874,35.7026168],[139.7513889,35.7025662],[139.7518463,35.7025558],[139.7521709,35.7025308],[139.7533049,35.7024308],[139.7540624,35.7023306],[139.755376,35.7020474],[139.7566652,35.7017695],[139.7574423,35.701602],[139.7578746,35.7015754],[139.7585916,35.7015847],[139.7590495,35.7015907],[139.7602204,35.7015953],[139.760871,35.7015921],[139.761296,35.7015647],[139.7616,35.7015236],[139.7617922,35.7014705],[139.7618951,35.7014421],[139.7621688,35.7013137],[139.7622715,35.7012388],[139.76237,35.7011671],[139.7625722,35.7009804],[139.7627925,35.7007111],[139.7629786,35.7005214],[139.7631897,35.7003783],[139.7634573,35.700263],[139.7647483,35.6999753],[139.7649951,35.6999092],[139.7659405,35.6996559],[139.7664332,35.6995305],[139.7666681,35.6994707],[139.7669697,35.6993646],[139.7675129,35.6990877],[139.7688541,35.698382],[139.7688956,35.6983586],[139.7707125,35.6972411],[139.770996,35.6971411],[139.7712832,35.6970397],[139.7721043,35.6969731],[139.7727316,35.6969736],[139.7734556,35.6969742],[139.7748125,35.696945],[139.7754063,35.6969312],[139.7763507,35.6969023],[139.7774494,35.6968704],[139.777734,35.696865],[139.7782985,35.6968544],[139.7786378,35.6968452],[139.7797924,35.6968349],[139.7800564,35.6968147],[139.7822633,35.6966456],[139.7827302,35.696615],[139.7828981,35.6966044],[139.7834362,35.6964926],[139.7843058,35.6962136],[139.7849324,35.696011],[139.7852611,35.69591],[139.7857285,35.6957663],[139.7880042,35.6950518],[139.7888965,35.6948029]]}},{"type":"Feature","properties":{"name":"元荒川","name:en":"","kind":"river"},"geometry":{"type":"MultiLineString","coordinates":[[[139.3957628,36.1317277],[139.395824,36.1316988],[139.3958915,36.1317349],[139.3960013,36.1317535],[139.3960653,36.1317989],[139.3965669,36.131948],[139.3966885,36.1319498],[139.3967481,36.1319419],[139.3968776,36.1318762],[139.397145,36.1319043],[139.3972255,36.1317552],[139.397314,36.131721],[139.3975513,36.1318257],[139.3976434,36.1318979],[139.3977803,36.131935],[139.3979898,36.1319024],[139.3981259,36.1317221],[139.3984056,36.1316066],[139.3986189,36.131492],[139.3988412,36.1314284],[139.399095,36.1313912],[139.39932,36.131296],[139.3993859,36.1311705],[139.399719,36.131148],[139.39998,36.131059],[139.4000758,36.1310739],[139.4001606,36.1310764],[139.4002905,36.1309353],[139.4005794,36.1310213],[139.4006993,36.1309867],[139.4011932,36.130705],[139.4017127,36.1302605],[139.401908,36.1301013],[139.4019402,36.129969],[139.402068,36.12971],[139.402165,36.129631],[139.402394,36.129502],[139.402804,36.129332],[139.403005,36.129214],[139.403067,36.129147],[139.403095,36.129079],[139.403095,36.128916],[139.4031291,36.1287448],[139.4031905,36.1284723],[139.403213,36.128341],[139.403255,36.128223],[139.403255,36.128087],[139.4032227,36.1278771],[139.4032504,36.1277245],[139.4032258,36.1275945],[139.4030981,36.1274307],[139.402755,36.127017],[139.4027306,36.1269142],[139.4027571,36.1267813],[139.402783,36.126662],[139.402832,36.126544],[139.402857,36.126499],[139.402936,36.126358],[139.402991,36.126279],[139.403179,36.126082],[139.403415,36.125851],[139.40363,36.125677],[139.403727,36.125615],[139.4040552,36.1255193],[139.4045199,36.1253937],[139.4051916,36.1251517],[139.405454,36.1250727],[139.405809,36.125029],[139.406156,36.125096],[139.406531,36.125096],[139.4067993,36.1252013],[139.4070186,36.1252875],[139.4071535,36.1254033],[139.407239,36.125665],[139.407274,36.125694],[139.40735,36.125716],[139.407559,36.1258302],[139.4076636,36.1258455],[139.4081888,36.1259553],[139.4088363,36.1260278],[139.4092399,36.1260537],[139.4096707,36.1259927],[139.4106383,36.1258107],[139.4111861,36.1256903],[139.4116407,36.1255385],[139.4118274,36.1254216],[139.4119617,36.1253303],[139.412028,36.125238],[139.412069,36.125221],[139.412416,36.124924],[139.413118,36.124325],[139.413513,36.123998],[139.414526,36.123125],[139.4147902,36.123008],[139.4149502,36.1229197],[139.4153183,36.1228159],[139.4159126,36.1227095],[139.4164459,36.1226282],[139.4173138,36.1224953],[139.4178902,36.1223889],[139.4181891,36.1223513],[139.41832,36.1223485],[139.4184443,36.1223543],[139.418603,36.122441],[139.4187355,36.1225916],[139.4188465,36.1226669],[139.4190578,36.1227323],[139.4192796,36.1226726],[139.4194843,36.122635],[139.4197773,36.1225561],[139.4200497,36.1224382],[139.420204,36.122269],[139.420287,36.12219],[139.420357,36.122106],[139.420481,36.121999],[139.420606,36.121858],[139.420662,36.121745],[139.420833,36.1213649],[139.420889,36.121238],[139.420927,36.121078],[139.421012,36.120932],[139.42104,36.120884],[139.421064,36.120709],[139.4210251,36.1206264],[139.4209647,36.120493],[139.4209134,36.1202913],[139.4210705,36.1199989],[139.4212351,36.1196527],[139.421307,36.1193023],[139.421319,36.1191424],[139.4213142,36.119095],[139.421266,36.118827],[139.4211744,36.1185303],[139.4211075,36.1183605],[139.4210549,36.1179955],[139.4210453,36.1179288],[139.4210424,36.1179085],[139.4210502,36.1178344],[139.4210911,36.1177747],[139.4213467,36.1175295],[139.4214073,36.1173702],[139.4215213,36.1171796],[139.4216596,36.1170218],[139.4218286,36.1168616],[139.4219558,36.1167657],[139.4222287,36.1165739],[139.4225469,36.1164306],[139.422668,36.116366],[139.423015,36.116242],[139.4232213,36.1161333],[139.4234384,36.1160913],[139.4241,36.1160953],[139.4243246,36.1161373],[139.4243751,36.1161632],[139.4244856,36.1162551],[139.4246029,36.1162915],[139.4248195,36.1163449],[139.4249123,36.1163941],[139.4250539,36.1165014],[139.4251459,36.1165644],[139.4252953,36.1166494],[139.4253758,36.1166952],[139.4254745,36.116803],[139.4255834,36.1169482],[139.4256593,36.1170123],[139.4259684,36.1171465],[139.4262844,36.1172622],[139.4265135,36.1173508],[139.4265764,36.1173722],[139.4266767,36.1174012],[139.4274567,36.1178287],[139.4275731,36.1178965],[139.427637,36.117949],[139.428012,36.118124],[139.42872,36.118439],[139.428907,36.118518],[139.428983,36.118563],[139.429122,36.118698],[139.4295129,36.1190737],[139.4296792,36.1192427],[139.429986,36.119474],[139.4301057,36.1196738],[139.4303605,36.1199013],[139.4305429,36.1200833],[139.4306073,36.1202177],[139.4306421,36.120365],[139.4306555,36.1204971],[139.4307065,36.1207528],[139.430744,36.1208416],[139.4309559,36.1210171],[139.4312208,36.1211938],[139.4313693,36.1212497],[139.4317219,36.1213535],[139.4318313,36.1213735],[139.4322309,36.1214104],[139.4323505,36.1214035],[139.4325333,36.1213734],[139.4327839,36.1212907],[139.4332598,36.1211335],[139.433386,36.1210515],[139.4334829,36.1209885],[139.4337326,36.1207929],[139.4339055,36.1206142],[139.4339846,36.1205283],[139.4340329,36.1204314],[139.4341168,36.1202631],[139.4342378,36.1200202],[139.4343005,36.1195788],[139.4342842,36.119262],[139.4341719,36.118755],[139.4341285,36.118575],[139.4338849,36.1182222],[139.4334022,36.11737],[139.4332509,36.1171683],[139.4331013,36.1170061],[139.4327129,36.1166049],[139.432425,36.1163319],[139.4321334,36.1160669],[139.431887,36.1158276],[139.431615,36.1156292],[139.4313888,36.1154716],[139.4311669,36.1153169],[139.4307226,36.1150262],[139.4300467,36.1146124],[139.4295827,36.1143393],[139.4293895,36.1141595],[139.429344,36.114056],[139.4292474,36.1138648],[139.429242,36.1136655],[139.4292313,36.1134033],[139.4292742,36.1131693],[139.4293439,36.1129027],[139.4294941,36.112673],[139.4295263,36.112608],[139.4301486,36.1120598],[139.430712,36.111398],[139.430851,36.111285],[139.431295,36.111009],[139.431788,36.11075],[139.431817,36.11073],[139.431864,36.110699],[139.431947,36.110654],[139.43201,36.11066],[139.432121,36.110705],[139.432225,36.110705],[139.432371,36.110682],[139.432558,36.110575],[139.432732,36.110429],[139.432829,36.110322],[139.4332319,36.1099247],[139.4334694,36.1097363],[139.4336932,36.1095508],[139.433877,36.109319],[139.4343,36.108891],[139.434578,36.108699],[139.434675,36.108654],[139.434869,36.108598],[139.43523,36.108536],[139.435501,36.108514],[139.435556,36.10848],[139.4360789,36.1082886],[139.436182,36.10823],[139.4364995,36.1080132],[139.437042,36.107528],[139.437201,36.107393],[139.437312,36.107257],[139.437416,36.107088],[139.437555,36.106886],[139.437749,36.106463],[139.438124,36.105455],[139.438173,36.105342],[139.4382202,36.1052898],[139.4382919,36.1052153],[139.4383704,36.1051559],[139.4384687,36.1051018],[139.4385618,36.10507],[139.4390487,36.1049375],[139.4394379,36.1048349],[139.439864,36.1046996],[139.4400176,36.1046526],[139.4402023,36.1046136],[139.4403404,36.1046381],[139.4405157,36.1047241],[139.4407262,36.1048838],[139.4408353,36.1049482],[139.4409028,36.1050426],[139.4409802,36.1051938],[139.4410163,36.1054203],[139.4410093,36.1057478],[139.4410539,36.1060729],[139.4411262,36.1064267],[139.4411721,36.1066395],[139.4412084,36.1067815],[139.441317,36.1068932],[139.4415063,36.106993],[139.4417412,36.1070581],[139.4420086,36.1071026],[139.4429753,36.1072582],[139.4434686,36.1073227],[139.4437475,36.1073097],[139.4439578,36.10726],[139.4441515,36.1071597],[139.4443481,36.1070114],[139.4445868,36.1067643],[139.444906,36.1064978],[139.4451963,36.1063175],[139.4455971,36.1061952],[139.445944,36.1061861],[139.4461988,36.1062291],[139.4464456,36.1063071],[139.4468184,36.1064848],[139.4476848,36.1069204],[139.4481113,36.1071414],[139.4488042,36.1074259],[139.4495114,36.107629],[139.4508605,36.1078587],[139.4512843,36.1079042],[139.451582,36.1079116],[139.4518744,36.107889],[139.4520593,36.1078479],[139.4522365,36.1077882],[139.4525692,36.1076542],[139.4527722,36.1075221],[139.4531057,36.1072535],[139.4534315,36.1069789],[139.4538981,36.1066115],[139.4543125,36.1064306],[139.4546451,36.1063244],[139.4549321,36.1063028],[139.4553962,36.1063242],[139.455954,36.1063656],[139.456098,36.1063801],[139.4562087,36.1063912],[139.4564538,36.1063949],[139.4567024,36.1063743],[139.4578423,36.1062637],[139.4584332,36.1061863],[139.4586886,36.1061315],[139.4589424,36.1060551],[139.4592853,36.1059289],[139.4597172,36.1057296],[139.460267,36.105514],[139.4610416,36.1051844],[139.4613973,36.104957],[139.4615489,36.1047908],[139.4617628,36.1045192],[139.4618332,36.1044055],[139.462082,36.103951],[139.462301,36.103405],[139.4623069,36.1031734],[139.4622926,36.1029444],[139.4621912,36.102673],[139.462024,36.102216],[139.461917,36.101958],[139.461798,36.101605],[139.46179,36.101347],[139.461901,36.10104],[139.462113,36.100609],[139.462652,36.099781],[139.462917,36.099367],[139.46325,36.099068],[139.463711,36.09876],[139.4645559,36.0983017],[139.4646176,36.098228],[139.4646437,36.0980958],[139.4647059,36.0977936],[139.464801,36.097489],[139.4648357,36.0973852],[139.464805,36.0968846],[139.4648166,36.0967074],[139.4648383,36.0965272],[139.464878,36.096347],[139.464932,36.096075],[139.4650278,36.0958841],[139.4653746,36.0953902],[139.4655131,36.0951325],[139.4655964,36.0948996],[139.465649,36.094735],[139.465681,36.0946014],[139.4657077,36.0944113],[139.4656991,36.0941463],[139.4656947,36.093932],[139.4658707,36.0935615],[139.4660917,36.0932385],[139.4663556,36.0929146],[139.4665509,36.0926981],[139.466794,36.0925177],[139.4671914,36.0924195],[139.4675092,36.092343],[139.4677145,36.0923499],[139.4678933,36.0923612],[139.4685107,36.0925401],[139.469169,36.0926934],[139.4699628,36.0929477],[139.4702743,36.0930543],[139.470625,36.09312],[139.4709915,36.0931332],[139.4715264,36.0930812],[139.471886,36.0930552],[139.4720643,36.0930673],[139.4722395,36.093118],[139.472357,36.0931895],[139.4726335,36.0935059],[139.4729016,36.0937324],[139.4744879,36.0947059],[139.4746646,36.0949159],[139.4748799,36.0953136],[139.475247,36.0959889],[139.4754141,36.0962775],[139.4760238,36.0981748],[139.4761455,36.0985269],[139.4764011,36.0992665],[139.4764775,36.0994206],[139.476568,36.0995287],[139.4767101,36.0996759],[139.4768996,36.0998123],[139.477069,36.0998704],[139.4773367,36.0999522],[139.4776118,36.0999705],[139.4780471,36.0999993],[139.4783149,36.099805],[139.4784798,36.0997072],[139.4786384,36.0995683],[139.4788494,36.0993828],[139.4789242,36.0992946],[139.47966,36.098348],[139.479941,36.0980933],[139.4803612,36.0978981],[139.4804798,36.0978383],[139.4814275,36.0977462],[139.4814422,36.097744],[139.4819845,36.0977467],[139.4820749,36.0977389],[139.482514,36.0976481],[139.4828029,36.0973547],[139.4831301,36.0965714],[139.483289,36.096181],[139.484547,36.094931],[139.484814,36.094618],[139.485032,36.094331],[139.485216,36.093927],[139.485281,36.093609],[139.485382,36.092892],[139.485554,36.092727],[139.485873,36.092592],[139.486842,36.092227],[139.487222,36.091955],[139.4877753,36.0915566],[139.4880644,36.0914018],[139.4884823,36.0912801],[139.4892382,36.091044],[139.489924,36.090806],[139.4906866,36.0908504],[139.4911704,36.0908788],[139.4917117,36.0908035],[139.4923071,36.0905455],[139.4928708,36.0902709],[139.4932496,36.0901967],[139.4935169,36.0902011],[139.4941409,36.0903484],[139.49458,36.0904767],[139.4947824,36.0904824],[139.4953702,36.0904207],[139.4957351,36.0901885],[139.4959823,36.0899636],[139.4961467,36.0897928],[139.4963658,36.0894295],[139.496642,36.088885],[139.4967958,36.0886723],[139.496974,36.088454],[139.497238,36.0880881],[139.4974173,36.0878066],[139.4975656,36.0876779],[139.4976898,36.0875906],[139.4978737,36.0875233],[139.4980443,36.0874834],[139.4982317,36.0874793],[139.4985311,36.0875085],[139.4989363,36.0875673],[139.4992682,36.0876055],[139.4994696,36.0876068],[139.4997873,36.0875858],[139.5000058,36.0875372],[139.5001397,36.0874242],[139.5002257,36.0872686],[139.5002768,36.0868622],[139.500275,36.086513],[139.5003,36.086197],[139.500348,36.086042],[139.500432,36.08588],[139.500491,36.0858],[139.500587,36.085668],[139.500737,36.085491],[139.50115,36.085],[139.501445,36.084646],[139.501595,36.084441],[139.501601,36.084434],[139.501772,36.0842],[139.502026,36.083852],[139.502084,36.083764],[139.502365,36.083333],[139.502519,36.083108],[139.502731,36.082799],[139.502927,36.082473],[139.502955,36.082425],[139.503005,36.082371],[139.503156,36.082208],[139.503375,36.082031],[139.503517,36.081917],[139.503601,36.081882],[139.503988,36.081721],[139.504576,36.081494],[139.504613,36.081472],[139.504747,36.08139],[139.504776,36.081367],[139.505007,36.081179],[139.505279,36.080855],[139.505346,36.080776],[139.505622,36.080517],[139.505644,36.080501],[139.505905,36.080312],[139.505908,36.080311],[139.505943,36.080293],[139.506369,36.080078],[139.506668,36.079959],[139.506941,36.07985],[139.507238,36.079716],[139.507346,36.079667],[139.507648,36.079487],[139.508544,36.078947],[139.508947,36.07881],[139.509043,36.078777],[139.509464,36.078631],[139.509513,36.078614],[139.509778,36.078481],[139.510303,36.078069],[139.510889,36.077594],[139.511155,36.077411],[139.511705,36.077033],[139.511957,36.07684],[139.512017,36.076794],[139.512068,36.076707],[139.512105,36.076644],[139.512362,36.076202],[139.512767,36.075197],[139.5130007,36.0749624],[139.5131698,36.0748669],[139.51356,36.0747595],[139.5140745,36.074677],[139.5143742,36.0745583],[139.514557,36.074383],[139.514806,36.074028],[139.514974,36.073667],[139.515156,36.073255],[139.5152881,36.072901],[139.515483,36.072523],[139.515595,36.072316],[139.515828,36.071984],[139.516065,36.07168],[139.516172,36.071576],[139.516242,36.071525],[139.51637,36.07148],[139.516517,36.071452],[139.516686,36.071429],[139.516891,36.071436],[139.517169,36.071458],[139.518016,36.071509],[139.518157,36.071503],[139.518349,36.071464],[139.518519,36.07141],[139.519404,36.071151],[139.519609,36.07111],[139.519836,36.0711],[139.519999,36.071116],[139.520162,36.071161],[139.52035,36.071241],[139.520798,36.07148],[139.520945,36.07156],[139.52107,36.071602],[139.521226,36.071621],[139.521306,36.071627],[139.521533,36.071592],[139.522076,36.071484],[139.522313,36.071445],[139.522857,36.071352],[139.5238,36.071183],[139.524036,36.071116],[139.524436,36.070972],[139.525008,36.070761],[139.525021,36.070758],[139.525283,36.070688],[139.525571,36.070643],[139.525906,36.070627],[139.526191,36.07064],[139.526409,36.070691],[139.526635,36.070787],[139.527255,36.071097],[139.527559,36.071237],[139.527722,36.071288],[139.527885,36.071288],[139.528094,36.071214],[139.5284628,36.0711047],[139.5298094,36.0701731],[139.5299542,36.0700085],[139.5300225,36.0699126],[139.5300598,36.0698041],[139.5300584,36.0691855],[139.5300817,36.068682],[139.5301091,36.0684183],[139.5301564,36.0682533],[139.5302704,36.0680924],[139.5304719,36.0679509],[139.5312637,36.0674953],[139.5315239,36.0673902],[139.5318738,36.0673517],[139.5323532,36.0673441],[139.534038,36.067479],[139.534539,36.067494],[139.534825,36.067444],[139.535054,36.067359],[139.535209,36.067239],[139.535296,36.067152],[139.535438,36.06701],[139.535455,36.066963],[139.535671,36.066383],[139.535872,36.06591],[139.535979,36.065679],[139.536122,36.065555],[139.536436,36.065415],[139.5369978,36.0652578],[139.5374388,36.0650811],[139.5376778,36.0649628],[139.5378006,36.0648317],[139.5379461,36.0643687],[139.5381064,36.0641409],[139.5382214,36.0640253],[139.5383684,36.0639469],[139.5385529,36.0638789],[139.5387259,36.0638642],[139.5388086,36.0637973],[139.5389778,36.0637993],[139.539298,36.063937],[139.539821,36.064015],[139.539992,36.064004],[139.540143,36.063953],[139.540376,36.063798],[139.540736,36.063492],[139.541553,36.062933],[139.541848,36.062817],[139.542464,36.062631],[139.543088,36.062619],[139.543757,36.062616],[139.544817,36.062612],[139.547448,36.062293],[139.548731,36.06203],[139.549109,36.061944],[139.549423,36.061859],[139.549664,36.061739],[139.549768,36.061657],[139.54984,36.061549],[139.549889,36.061475],[139.550148,36.060983],[139.550276,36.060759],[139.550394,36.060671],[139.550511,36.060621],[139.550786,36.060559],[139.551274,36.060482],[139.551526,36.060439],[139.551755,36.060373],[139.551937,36.0603088],[139.5520773,36.0602248],[139.552689,36.059474],[139.552815,36.059351],[139.553133,36.059169],[139.553521,36.058968],[139.553862,36.05879],[139.554002,36.058693],[139.554106,36.058597],[139.554206,36.05847],[139.554316,36.058229],[139.554541,36.057721],[139.554586,36.057629],[139.554673,36.057522],[139.554857,36.057388],[139.555141,36.057257],[139.55547,36.05716],[139.555935,36.057016],[139.556528,36.056829],[139.556829,36.056698],[139.557261,36.056451],[139.557555,36.056246],[139.557593,36.05622],[139.561002,36.052643],[139.56121,36.052396],[139.5613,36.052259],[139.561381,36.052135],[139.561424,36.052027],[139.561495,36.051794],[139.561539,36.051503],[139.561539,36.051437],[139.561541,36.051336],[139.561549,36.050719],[139.561549,36.050174],[139.5615584,36.0500518],[139.561582,36.049866],[139.56169,36.049508],[139.561851,36.0491],[139.561974,36.048836],[139.562048,36.048555],[139.562108,36.048254],[139.562115,36.04822],[139.562118,36.04821],[139.562216,36.047902],[139.562326,36.047748],[139.562433,36.047651],[139.562836,36.047364],[139.562846,36.047357],[139.563118,36.047156],[139.563265,36.047013],[139.563563,36.046504],[139.563691,36.046319],[139.56372,36.046277],[139.56376,36.046219],[139.563839,36.046134],[139.563992,36.045968],[139.564072,36.045881],[139.564269,36.045769],[139.564406,36.045691],[139.564444,36.045671],[139.56481,36.045481],[139.565125,36.045337],[139.565433,36.045146],[139.565721,36.044882],[139.565942,36.044651],[139.565948,36.044646],[139.56614,36.044477],[139.566528,36.044283],[139.566878,36.044183],[139.567147,36.044106],[139.567389,36.044032],[139.567629,36.043912],[139.567933,36.043721],[139.568191,36.043478],[139.56863,36.043022],[139.569146,36.042574],[139.569178,36.042548],[139.569452,36.042335],[139.569524,36.042279],[139.569797,36.042097],[139.570041,36.041936],[139.570262,36.041748],[139.570359,36.041578],[139.570449,36.04135],[139.570476,36.041106],[139.570421,36.040779],[139.570415,36.040745],[139.570406,36.040691],[139.570322,36.040379],[139.570256,36.040069],[139.570225,36.039924],[139.570205,36.039754],[139.570205,36.039648],[139.570205,36.03959],[139.570269,36.039406],[139.570406,36.039175],[139.570667,36.038841],[139.570723,36.038771],[139.570945,36.038492],[139.571022,36.038375],[139.571046,36.038255],[139.571052,36.038131],[139.5710667,36.0380035],[139.5709907,36.0377647],[139.5708816,36.0374728],[139.5708017,36.0373426],[139.5705918,36.0369995],[139.570528,36.0368996],[139.5704866,36.0368001],[139.5704492,36.0367237],[139.5704021,36.0366074],[139.5703955,36.0364531],[139.57046,36.036231],[139.570539,36.036054],[139.570574,36.035976],[139.570785,36.035666],[139.570802,36.035645],[139.571016,36.035385],[139.571313,36.0350465],[139.571431,36.0349219],[139.5715653,36.0348333],[139.571653,36.0347754],[139.5718609,36.0345957],[139.5722152,36.0344084],[139.572585,36.0342128],[139.572777,36.0341138],[139.573032,36.033993],[139.573419,36.033871],[139.574017,36.0338238],[139.5745384,36.0338444],[139.5750298,36.0338553],[139.575278,36.033861],[139.575693,36.033723],[139.575771,36.033661],[139.5759434,36.0335254],[139.576296,36.033248],[139.576346,36.033209],[139.576731,36.0329018],[139.5768998,36.0327672],[139.5773496,36.0324083],[139.5776735,36.0320624],[139.577789,36.031954],[139.578133,36.031805],[139.578153,36.031791],[139.578408,36.031643],[139.57857,36.031581],[139.578887,36.031459],[139.578943,36.031444],[139.579327,36.031338],[139.579776,36.031271],[139.580486,36.031173],[139.581159,36.031063],[139.581838,36.030948],[139.582002,36.030919],[139.5823,36.030818],[139.582538,36.030687],[139.582664,36.030586],[139.582822,36.030459],[139.583097,36.030245],[139.583206,36.030192],[139.583502,36.030048],[139.583981,36.029917],[139.584774,36.029727],[139.58543,36.029554],[139.585596,36.029487],[139.585599,36.029486],[139.585919,36.029357],[139.586488,36.029083],[139.586632,36.029024],[139.586759,36.028972],[139.586804,36.028961],[139.587124,36.028878],[139.587136,36.028877],[139.587439,36.028852],[139.587559,36.02886],[139.588038,36.028893],[139.58844,36.028946],[139.588886,36.029039],[139.589159,36.029169],[139.589184,36.02918],[139.589199,36.029196],[139.5893673,36.0292847],[139.5895613,36.0294432],[139.589723,36.02981],[139.59,36.030211],[139.590044,36.030274],[139.59036,36.030622],[139.5904343,36.0307104],[139.5906101,36.0307645],[139.590986,36.0308032],[139.5913847,36.0308074],[139.5918731,36.0307941],[139.5921722,36.0308658],[139.5923772,36.0309572],[139.5925037,36.0310691],[139.5926001,36.0311552],[139.59274,36.031321],[139.592827,36.031483],[139.593039,36.031872],[139.593139,36.032054],[139.59314,36.032062],[139.59318,36.032271],[139.593204,36.032399],[139.593274,36.032634],[139.593317,36.032781],[139.593501,36.033056],[139.593549,36.033127],[139.593568,36.033156],[139.593991,36.033585],[139.594096,36.033669],[139.594262,36.033803],[139.594398,36.033851],[139.5945,36.033887],[139.594551,36.033887],[139.594614,36.033887],[139.594744,36.033887],[139.595002,36.033857],[139.595035,36.033853],[139.595358,36.033816],[139.595635,36.033767],[139.595733,36.03375],[139.596192,36.033726],[139.596226,36.033734],[139.596668,36.033835],[139.596764,36.033857],[139.597932,36.034232],[139.597998,36.034263],[139.598276,36.034391],[139.59885,36.034655],[139.599094,36.034792],[139.599109,36.034804],[139.599545,36.035139],[139.599789,36.035449],[139.599915,36.035759],[139.599952,36.035851],[139.599956,36.03586],[139.600047,36.035989],[139.600129,36.036104],[139.600385,36.03636],[139.600773,36.036604],[139.601163,36.036741],[139.601213,36.036759],[139.601262,36.03677],[139.602,36.036938],[139.602497,36.037058],[139.602739,36.037116],[139.603084,36.037147],[139.603549,36.037021],[139.604197,36.036814],[139.604241,36.036803],[139.605031,36.036614],[139.605091,36.036599],[139.6054107,36.0365097],[139.605943,36.036361],[139.606587,36.036028],[139.607141,36.035593],[139.607439,36.035331],[139.607581,36.035222],[139.607925,36.034959],[139.608094,36.034872],[139.609162,36.034361],[139.610089,36.033948],[139.610282,36.033854],[139.610511,36.033744],[139.611601,36.033161],[139.612191,36.032923],[139.612858,36.032723],[139.613439,36.032608],[139.613489,36.032598],[139.614246,36.03252],[139.614514,36.032443],[139.615319,36.031984],[139.615712,36.031802],[139.61573,36.031794],[139.616016,36.03171],[139.616386,36.03171],[139.616427,36.03171],[139.617178,36.031777],[139.617559,36.031812],[139.617619,36.031806],[139.617923,36.031776],[139.618111,36.031722],[139.618316,36.031663],[139.618811,36.031442],[139.619328,36.031256],[139.619516,36.031207],[139.62052,36.030946],[139.620957,36.03085],[139.621443,36.030744],[139.621614,36.030641],[139.621765,36.030549],[139.62181,36.030515],[139.621965,36.030398],[139.622147,36.030218],[139.622174,36.030191],[139.622457,36.029918],[139.622595,36.029784],[139.622664,36.029717],[139.623142,36.029273],[139.623449,36.029057],[139.623592,36.028956],[139.624209,36.028566],[139.624783,36.028177],[139.624842,36.028137],[139.624861,36.028127],[139.625446,36.027823],[139.62573,36.027716],[139.626231,36.027679],[139.626453,36.02771],[139.626491,36.027716],[139.626561,36.027746],[139.626751,36.027829],[139.626866,36.027879],[139.627087,36.028016],[139.627161,36.028075],[139.627195,36.028102],[139.627679,36.028489],[139.628001,36.02873],[139.628966,36.029379],[139.629954,36.030073],[139.630485,36.030432],[139.630957,36.030759],[139.631269,36.030962],[139.631493,36.031107],[139.631697,36.031161],[139.6318,36.031169],[139.631981,36.031184],[139.632029,36.031187],[139.632367,36.031193],[139.632848,36.031151],[139.632863,36.031149],[139.633609,36.031065],[139.633842,36.031065],[139.633888,36.031065],[139.634333,36.031097],[139.634721,36.031199],[139.634907,36.031247],[139.635162,36.031367],[139.635204,36.031386],[139.635411,36.031483],[139.63544,36.0314977],[139.6360606,36.0317657],[139.6364103,36.0319315],[139.6366045,36.0320056],[139.6368213,36.0320712],[139.6370639,36.0321308],[139.6373492,36.0321789],[139.6379683,36.0322364],[139.6392618,36.0323667],[139.640421,36.0324702],[139.6407253,36.0324479],[139.640922,36.032407],[139.6411786,36.0323262],[139.6413302,36.0322632],[139.6414923,36.0321761],[139.6417657,36.0319988],[139.642258,36.031625],[139.642359,36.031548],[139.64266,36.031319],[139.642785,36.031263],[139.642955,36.031186],[139.643357,36.031041],[139.643384,36.031034],[139.643696,36.030954],[139.643733,36.030944],[139.644664,36.030824],[139.644874,36.030799],[139.64516,36.030766],[139.645168,36.030765],[139.64616,36.030653],[139.646573,36.030573],[139.646927,36.030438],[139.647174,36.030288],[139.6474951,36.0301036],[139.64804,36.029606],[139.648287,36.029284],[139.648443,36.029],[139.648576,36.028716],[139.648723,36.028268],[139.648927,36.027362],[139.649033,36.026717],[139.649061,36.026003],[139.649384,36.024408],[139.6497,36.023106],[139.650007,36.022068],[139.650205,36.021425],[139.650366,36.020809],[139.650414,36.02036],[139.650425,36.019406],[139.650377,36.018538],[139.650243,36.017908],[139.65022,36.017826],[139.649953,36.016863],[139.649845,36.016548],[139.649657,36.015884],[139.649529,36.015337],[139.649443,36.014812],[139.649437,36.014213],[139.649551,36.013336],[139.649625,36.012885],[139.649808,36.0122],[139.650028,36.011401],[139.650062,36.011324],[139.65028,36.010812],[139.650661,36.01026],[139.650865,36.009992],[139.651054,36.00972],[139.651204,36.009458],[139.651279,36.009265],[139.651317,36.00904],[139.651285,36.008788],[139.651161,36.00837],[139.650554,36.007278],[139.650125,36.006582],[139.649583,36.005517],[139.649368,36.004987],[139.649282,36.004585],[139.649234,36.004172],[139.649257,36.003194],[139.649366,36.002239],[139.649596,36.001412],[139.650002,36.000346],[139.650314,35.999571],[139.650704,35.99877],[139.651092,35.998068],[139.651592,35.997168],[139.65193,35.996549],[139.652343,35.995791],[139.652525,35.995442],[139.652696,35.995156],[139.652905,35.994938],[139.653074,35.994824],[139.653128,35.994787],[139.653477,35.994689],[139.654123,35.994449],[139.654489,35.994299],[139.655141,35.994015],[139.655443,35.993823],[139.655667,35.993583],[139.655812,35.993302],[139.655865,35.992829],[139.655865,35.99243],[139.655891,35.991488],[139.655933,35.990901],[139.656006,35.990314],[139.656298,35.989274],[139.65648,35.988697],[139.65671,35.988198],[139.657048,35.987699],[139.657387,35.987236],[139.65772,35.986831],[139.658201,35.986238],[139.658305,35.986109],[139.658826,35.985443],[139.659561,35.98452],[139.6603,35.983709],[139.660675,35.983272],[139.661182,35.982769],[139.661697,35.98229],[139.662077,35.982025],[139.662541,35.981801],[139.66304,35.98163],[139.6630715,35.9816266],[139.6637258,35.9815215],[139.664542,35.981566],[139.664896,35.9815705],[139.665292,35.9815707],[139.665818,35.981555],[139.666537,35.981489],[139.667236,35.981425],[139.668197,35.981221],[139.669175,35.980893],[139.669618,35.980555],[139.670265,35.97997],[139.671062,35.979112],[139.672079,35.978006],[139.673141,35.976856],[139.673746,35.976192],[139.674407,35.975485],[139.674857,35.975048],[139.674972,35.974936],[139.675266,35.974725],[139.675321,35.974686],[139.67569,35.974467],[139.676086,35.974327],[139.676436,35.974258],[139.676455,35.974254],[139.676513,35.974255],[139.676757,35.974259],[139.677181,35.974315],[139.677231,35.974322],[139.677833,35.974421],[139.678609,35.974608],[139.679364,35.974808],[139.679493,35.974842],[139.679968,35.974932],[139.680052,35.974948],[139.680404,35.975014],[139.680871,35.975099],[139.681444,35.975203],[139.682568,35.975401],[139.683416,35.975505],[139.684654,35.975604],[139.685945,35.975625],[139.686884,35.975578],[139.68712,35.97556],[139.6872895,35.9755622],[139.688347,35.975359],[139.689214,35.975197],[139.691874,35.974714],[139.692487,35.974569],[139.693118,35.974421],[139.694063,35.974141],[139.694753,35.973874],[139.695146,35.973584],[139.69581,35.972673],[139.696012,35.972152],[139.696129,35.971599],[139.696227,35.970553],[139.696325,35.969792],[139.696442,35.969382],[139.696612,35.969076],[139.6971019,35.9685319],[139.697428,35.968174],[139.69802,35.967596],[139.698307,35.967315],[139.699685,35.965926],[139.700395,35.965334],[139.700747,35.965132],[139.703018,35.963969],[139.705291,35.962844],[139.70666,35.962096],[139.707813,35.961467],[139.708486,35.961116],[139.709228,35.960726],[139.709912,35.96029],[139.710606,35.95979],[139.711101,35.959315],[139.711511,35.958717],[139.711869,35.958124],[139.712071,35.95776],[139.712443,35.956603],[139.712638,35.956063],[139.712736,35.955366],[139.712741,35.954808],[139.71271,35.95406],[139.712697,35.953678],[139.712729,35.953403],[139.712918,35.952948],[139.713259,35.951993],[139.713741,35.951108],[139.714366,35.950047],[139.714824,35.949437],[139.715403,35.94878],[139.7157252,35.9485244],[139.716042,35.948273],[139.717009,35.947738],[139.717781,35.94742],[139.718847,35.947022],[139.72024,35.946586],[139.721078,35.946362],[139.722087,35.946154],[139.722732,35.94601],[139.723526,35.945711],[139.723926,35.945515],[139.724321,35.945276],[139.725463,35.944529],[139.726499,35.943911],[139.726954,35.943553],[139.727308,35.943126],[139.72762,35.942489],[139.727952,35.941636],[139.728469,35.940557],[139.7291,35.939359],[139.729792,35.93818],[139.7299554,35.9379013],[139.730227,35.937425],[139.730489,35.93696],[139.731266,35.9357],[139.731683,35.935108],[139.73223,35.934554],[139.733352,35.933523],[139.734258,35.932586],[139.735013,35.931718],[139.735307,35.931193],[139.735441,35.930738],[139.7356715,35.9303316],[139.7357603,35.9300149],[139.7359267,35.9292704],[139.7361801,35.9288469],[139.7363815,35.9285413],[139.7364864,35.9284231],[139.7370592,35.9281821],[139.737397,35.92804],[139.737721,35.927946],[139.7384723,35.9278947],[139.7388857,35.9278096],[139.7394429,35.9276776],[139.7401339,35.9277646],[139.740621,35.927889],[139.7412713,35.9281935],[139.741886,35.928659],[139.742332,35.928867],[139.74294,35.928989],[139.74332,35.929016],[139.743693,35.929016],[139.744062,35.928973],[139.74457,35.928823],[139.74579,35.928376],[139.7466829,35.9280122],[139.747536,35.9277053],[139.748328,35.9274084],[139.7488218,35.9272163],[139.7491303,35.9270765],[139.7500663,35.926706],[139.7513165,35.9260101],[139.7517645,35.9256977],[139.7525254,35.9251937],[139.7536299,35.9244934],[139.7544091,35.9240267],[139.754809,35.9236526],[139.7551548,35.9233287],[139.7554093,35.9230204],[139.7556915,35.9225909],[139.7559024,35.9221246],[139.756157,35.921355],[139.756229,35.921055],[139.75632,35.92068],[139.7564094,35.9202147],[139.7564976,35.9198372],[139.756631,35.919486],[139.756756,35.919159],[139.756915,35.918765],[139.7570446,35.9184757],[139.7572014,35.9181537],[139.7573943,35.9179358],[139.757568,35.9177241],[139.7577475,35.9175278],[139.7579316,35.9173944],[139.7583184,35.9172678],[139.7592125,35.9171242],[139.7602155,35.91696],[139.7606756,35.9168822],[139.7611616,35.9168109],[139.7614905,35.9167572],[139.761788,35.9167199],[139.7619961,35.9166909],[139.7622235,35.9166675],[139.7630267,35.9166291],[139.7634547,35.9166484],[139.7637316,35.9166748],[139.7640844,35.9167104],[139.765261,35.916854],[139.765367,35.916875],[139.765832,35.916966],[139.7662857,35.9170444],[139.766794,35.9171535],[139.7670232,35.9171803],[139.7672194,35.9171693],[139.7674719,35.9171208],[139.7680717,35.9167426],[139.7686838,35.9162572],[139.7691192,35.9159095],[139.7697994,35.9153328],[139.7705586,35.9146558],[139.7712809,35.9140588],[139.7719743,35.9134621],[139.7722089,35.9132464],[139.7723521,35.9130834],[139.7724596,35.9129334],[139.7726797,35.9125391],[139.7728347,35.9120643],[139.772905,35.9115184],[139.7729119,35.9113857],[139.772947,35.911065],[139.773044,35.910619],[139.773116,35.910216],[139.7731966,35.9100093],[139.7732703,35.909874],[139.7733774,35.9096714],[139.7736277,35.9093278],[139.7738447,35.9091198],[139.7742895,35.9087895],[139.7746848,35.9085502],[139.7748789,35.9084425],[139.7753593,35.9082027],[139.7762705,35.9079048],[139.7769965,35.9077359],[139.7775772,35.9076152],[139.7781091,35.9074331],[139.7781993,35.9073665],[139.778368,35.907242],[139.7785138,35.9070629],[139.7785773,35.9069205],[139.7786132,35.9067802],[139.778645,35.9066623],[139.7786194,35.906358],[139.7783766,35.9058141],[139.7779686,35.9052645],[139.7778774,35.9051783],[139.7770915,35.9045758],[139.776684,35.904339],[139.776386,35.904214],[139.7756163,35.9040351],[139.7746163,35.9038675],[139.773939,35.9038122],[139.773256,35.903723],[139.772641,35.90367],[139.772247,35.903632],[139.771987,35.903584],[139.771402,35.903452],[139.770926,35.903264],[139.770594,35.903024],[139.770416,35.902851],[139.770234,35.902659],[139.770181,35.902519],[139.770186,35.902308],[139.7703589,35.9016714],[139.7705272,35.9013581],[139.770827,35.900745],[139.770864,35.90069],[139.771152,35.900157],[139.771985,35.898987],[139.772707,35.898205],[139.773366,35.897691],[139.7740916,35.8972408],[139.7746952,35.8969408],[139.775451,35.896651],[139.7764252,35.8961449],[139.777,35.895834],[139.777671,35.895524],[139.778935,35.89501],[139.778943,35.895007],[139.779342,35.89487],[139.779664,35.894798],[139.7803184,35.8946892],[139.7809194,35.8946885],[139.7816321,35.8947728],[139.7824097,35.8950049],[139.7830608,35.8951861],[139.783919,35.895634],[139.784508,35.895969],[139.7848382,35.8961849],[139.7852426,35.8965782],[139.7856494,35.8970125],[139.7860728,35.897443],[139.7862462,35.8975894],[139.7864156,35.8977269],[139.7868367,35.8978812],[139.787179,35.897878],[139.787574,35.897854],[139.787867,35.897792],[139.788377,35.897595],[139.789219,35.897177],[139.789628,35.896946],[139.790107,35.896636],[139.790559,35.896271],[139.79103,35.895761],[139.791449,35.895199],[139.7916314,35.8948696],[139.7917348,35.8946096],[139.7918487,35.8943367],[139.7919555,35.8940541],[139.7921038,35.8936811],[139.7921996,35.8932327],[139.7923137,35.8925052],[139.792432,35.891223],[139.792433,35.891191],[139.7924742,35.8909503],[139.7925326,35.8906494],[139.7926138,35.8904058],[139.7928149,35.8900453],[139.7930486,35.8897967],[139.7935416,35.8894282],[139.7939594,35.8891934],[139.7944339,35.8889994],[139.7950016,35.8888155],[139.7957734,35.8886032],[139.7965036,35.8884823],[139.7970803,35.8884892],[139.7977121,35.8885653],[139.7977678,35.888572],[139.798668,35.888767],[139.799077,35.888925],[139.799803,35.889098],[139.800481,35.889185],[139.801621,35.889246],[139.801647,35.889248],[139.802133,35.889324],[139.802778,35.889483],[139.803535,35.889729],[139.80454,35.890089],[139.805199,35.890383],[139.8068494,35.8909714],[139.807452,35.891168],[139.808787,35.891737],[139.809282,35.8919],[139.809821,35.892025],[139.8105475,35.8919608],[139.8116335,35.8920928],[139.8118717,35.8921269],[139.8120315,35.8921498],[139.8125979,35.8923764],[139.813148,35.89269],[139.813826,35.892949],[139.814626,35.893278],[139.8152535,35.8935301],[139.8157746,35.8937694],[139.8162176,35.8939514],[139.8166986,35.8941534],[139.8169756,35.8942624],[139.8174376,35.8944434],[139.8178685,35.8945702],[139.818236,35.894582],[139.81839,35.894616],[139.818602,35.89464],[139.818785,35.89463],[139.819016,35.894616],[139.819448,35.894491],[139.820208,35.894294],[139.82196,35.8939514],[139.8223367,35.893823],[139.8226163,35.8936462],[139.822838,35.893475],[139.823286,35.89323],[139.823646,35.892932],[139.8240001,35.892574],[139.824012,35.892562],[139.824442,35.892223],[139.824956,35.891882],[139.8257165,35.8915712],[139.8260925,35.8914412],[139.8268975,35.8913102],[139.828272,35.891016],[139.828897,35.8909],[139.829594,35.890751],[139.829988,35.890654],[139.830248,35.890539],[139.830609,35.890328],[139.831552,35.889753],[139.832847,35.888965],[139.8340116,35.8882425],[139.834633,35.887857],[139.83573,35.887179],[139.83708,35.88636],[139.837527,35.88612],[139.837785,35.885972]],[[139.4234384,36.1160913],[139.4237501,36.115841],[139.4242547,36.1154504],[139.4246434,36.1151632],[139.4251155,36.11479],[139.4254882,36.1145145],[139.425944,36.1142244],[139.4263728,36.1139762],[139.4280753,36.1131888],[139.4295263,36.112608]]]}},{"type":"Feature","properties":{"name":"古隅田川","name:en":"","kind":"river"},"geometry":{"type":"LineString","coordinates":[[139.8306841,35.7622469],[139.8306733,35.7620966],[139.8306805,35.7620361],[139.8306917,35.761979],[139.8308102,35.7617777],[139.8308739,35.7615958],[139.8308921,35.7615538],[139.8309359,35.7614703],[139.830961,35.7613981],[139.8309643,35.7613746],[139.8309733,35.7610714],[139.8309774,35.7608198],[139.830971,35.7606773],[139.8309697,35.7601979],[139.8309715,35.7600931],[139.8309707,35.7599944],[139.8309561,35.7598408],[139.8309396,35.7591693],[139.8309296,35.7590303],[139.8309236,35.7588323],[139.8309112,35.7587966],[139.8308021,35.7586438],[139.8306407,35.7584679],[139.8301013,35.7578659],[139.8298084,35.7577407],[139.8295097,35.7576208],[139.8291315,35.7575067],[139.828681,35.7573976],[139.8282433,35.7573877],[139.8278767,35.7573781],[139.827777,35.7573802],[139.8277415,35.7573854],[139.8276054,35.7574201],[139.8275251,35.7574436],[139.827368,35.7574917],[139.8273057,35.757511],[139.8271052,35.7575709],[139.8270295,35.7575912],[139.8266429,35.7577038],[139.8264833,35.7577448],[139.826398,35.757767],[139.8263466,35.7577802],[139.8262764,35.7578134],[139.826121,35.7578831],[139.8260307,35.7579251],[139.8259756,35.7579489],[139.8259079,35.7579706],[139.8258511,35.7579814],[139.8258017,35.7579882],[139.8256667,35.7580069],[139.8250226,35.7579918],[139.8242424,35.7579729],[139.8240574,35.7579368],[139.8238983,35.7578633],[139.8238595,35.7577642],[139.8238909,35.7572628],[139.823915,35.7568753],[139.8238576,35.7565796],[139.823656,35.7561758],[139.8235158,35.7558865],[139.8232623,35.7557319],[139.8231602,35.7556526],[139.8229503,35.7556091],[139.8227007,35.755577],[139.8223633,35.7555744],[139.8222482,35.7555843],[139.8218514,35.7556681],[139.8216557,35.7557266],[139.8215026,35.7557717],[139.821426,35.7557582],[139.8213265,35.7556728],[139.8205546,35.7555821],[139.8203132,35.7555574]]}},{"type":"Feature","properties":{"name":"多摩川","name:en":"Tama River","kind":"river"},"geometry":{"type":"LineString","coordinates":[[139.3747906,35.6940837],[139.3757538,35.6938544],[139.3778414,35.6932135],[139.3782147,35.6930633],[139.3814872,35.6923381],[139.3840823,35.6911768],[139.3897376,35.6883797],[139.3926524,35.6868728],[139.3943819,35.6861079],[139.3948447,35.6859033],[139.3956369,35.6857349],[139.396333,35.6855883],[139.3977595,35.685434],[139.4000606,35.6848899],[139.4014908,35.6847147],[139.4042867,35.6849947],[139.4057573,35.684801],[139.4097104,35.6846849],[139.4109592,35.6840154],[139.4117049,35.6834572],[139.4128951,35.682725],[139.4162767,35.680894],[139.4199105,35.6793023]]}},{"type":"Feature","properties":{"name":"多摩川","name:en":"Tama River","kind":"river"},"geometry":{"type":"LineString","coordinates":[[139.4199105,35.6793023],[139.4211767,35.6784751],[139.424396,35.6765043],[139.4274498,35.6734901],[139.4276908,35.6732512],[139.4278999,35.673044],[139.4288671,35.6720855],[139.4293445,35.6710658],[139.4297134,35.6707135],[139.4300721,35.6702302],[139.4318943,35.6687396],[139.4330809,35.6672459],[139.4345461,35.6655836],[139.4362231,35.6623539],[139.4367029,35.6616255],[139.4386859,35.6600472],[139.4393804,35.6596731],[139.4410609,35.658883],[139.4425964,35.6573592],[139.4428122,35.6570112],[139.443149,35.6565004],[139.4439242,35.6559154]]}},{"type":"Feature","properties":{"name":"多摩川","name:en":"Tama River","kind":"river"},"geometry":{"type":"LineString","coordinates":[[139.4439242,35.6559154],[139.4451519,35.6553713],[139.4462103,35.6549848],[139.4467878,35.6547961],[139.4496828,35.6538292],[139.45011,35.6537531],[139.4521441,35.6532778],[139.4529143,35.6538583],[139.4548687,35.6542751],[139.4565829,35.653824],[139.4594495,35.6526516],[139.460009,35.6519597],[139.4622039,35.6512828],[139.4653106,35.650451],[139.4669338,35.6501696],[139.4685064,35.6505297],[139.470588,35.650107],[139.4727387,35.6502015],[139.4732506,35.6504535],[139.4756034,35.6509286],[139.4763022,35.6510035],[139.478242,35.6520742],[139.4793299,35.6521327],[139.479915,35.6521642],[139.4808773,35.6522025],[139.4821744,35.6519788],[139.4844775,35.6523542],[139.486608,35.6522859],[139.4878417,35.6524899],[139.4897111,35.6527068],[139.4917236,35.6530411],[139.4930231,35.6527854],[139.496002,35.6527891],[139.4972406,35.6528021],[139.5001021,35.6521418]]}},{"type":"Feature","properties":{"name":"多摩川","name:en":"Tama River","kind":"river"},"geometry":{"type":"LineString","coordinates":[[139.5001021,35.6521418],[139.5026492,35.6516402],[139.5039114,35.6515539],[139.5086633,35.6516647],[139.5107931,35.6517148],[139.5131419,35.6516114],[139.5142742,35.651472],[139.5153408,35.6512215],[139.5165627,35.6508241],[139.5176605,35.6503247],[139.520059,35.6488137],[139.5214947,35.6478386],[139.5245762,35.6444933],[139.5277564,35.6421284],[139.5315775,35.6404659],[139.5379448,35.639615],[139.5447822,35.6366889],[139.5461869,35.6359805],[139.5480301,35.6358228],[139.5499855,35.635872],[139.5528147,35.6362579],[139.5539572,35.6359853],[139.5592516,35.6342477],[139.5620405,35.6338633],[139.5636596,35.6330587],[139.5656966,35.6311474],[139.5676773,35.6265183],[139.5695463,35.623974],[139.5722682,35.6228714],[139.574921,35.6221139],[139.575965,35.6217857],[139.5822186,35.6199802],[139.5860905,35.6192902],[139.5901868,35.6193069],[139.5915193,35.6193123],[139.593171,35.6187685],[139.5933199,35.6186629],[139.593886,35.6182616],[139.5959038,35.6174068],[139.597113,35.6168883],[139.5987759,35.6167125]]}},{"type":"Feature","properties":{"name":"多摩川","name:en":"Tama River","kind":"river"},"geometry":{"type":"LineString","coordinates":[[139.6387896,35.600827],[139.6413511,35.5989193],[139.643961,35.5971687],[139.6450663,35.5962988],[139.6453364,35.5959115],[139.646138,35.5954086],[139.6476945,35.5949036],[139.6487938,35.59427],[139.6508643,35.5926875],[139.6528223,35.5917322],[139.6576543,35.5901953],[139.660783,35.5896738],[139.6639063,35.5896677],[139.66513,35.5893734],[139.6661636,35.5883995],[139.6670531,35.5875232],[139.6681527,35.5864464],[139.66932,35.5850044]]}},{"type":"Feature","properties":{"name":"多摩川","name:en":"Tama River","kind":"river"},"geometry":{"type":"LineString","coordinates":[[139.66932,35.5850044],[139.6703118,35.5823417],[139.6708001,35.5796409],[139.6763697,35.5663197],[139.6783915,35.5634968],[139.6806575,35.5616123],[139.6853802,35.5595447],[139.6878598,35.5583239],[139.6911557,35.5568896],[139.6979384,35.555852],[139.7005934,35.5547915]]}},{"type":"Feature","properties":{"name":"多摩川","name:en":"Tama River","kind":"river"},"geometry":{"type":"LineString","coordinates":[[139.7005934,35.5547915],[139.703363,35.5525942],[139.7039657,35.5516252],[139.7037063,35.550023],[139.7028976,35.5489778],[139.7005324,35.5472001],[139.6995024,35.5461398],[139.6984572,35.5450638],[139.6980757,35.5424011],[139.698709,35.5402572],[139.7003264,35.5383575],[139.7025994,35.5370317],[139.7048771,35.5364447],[139.7071229,35.5363762],[139.7114852,35.5365928],[139.7147233,35.5371978],[139.7185534,35.5388534],[139.721372,35.5402238],[139.7242785,35.5419274],[139.7248652,35.5420609],[139.7260347,35.5423271],[139.7315698,35.5424357],[139.7356454,35.5425156],[139.7413012,35.5428245],[139.7426471,35.542898],[139.7521166,35.5434151],[139.7533296,35.5434669],[139.7579549,35.5433763],[139.7790474,35.533262],[139.7956218,35.5249864]]}},{"type":"Feature","properties":{"name":"神田川","name:en":"Kanda River","kind":"river"},"geometry":{"type":"LineString","coordinates":[[139.5845345,35.6971263],[139.584679,35.6969962],[139.5848912,35.6966978],[139.5851307,35.6963366],[139.5852343,35.696182],[139.5854455,35.6958527],[139.5856693,35.6955289],[139.5857556,35.6954094],[139.5858336,35.6952634],[139.5859217,35.6950065],[139.5859896,35.6947285],[139.5860463,35.6945074],[139.5862351,35.6942495],[139.5866299,35.6937894],[139.5868102,35.6935663],[139.5870634,35.693298],[139.5874102,35.6930145],[139.5877128,35.6928482],[139.5881408,35.6926683],[139.5887954,35.6924482],[139.5893867,35.6922126],[139.589919,35.6920015],[139.5901747,35.6918445],[139.5906382,35.6915378],[139.5909472,35.6913775],[139.5912648,35.691252],[139.5916167,35.6910359],[139.5919428,35.6907571],[139.5923377,35.6904155],[139.5925694,35.6901994],[139.5928956,35.689816],[139.593402,35.6893141],[139.5936423,35.6890492],[139.5938826,35.6888052],[139.5940543,35.6885751],[139.5941988,35.6884292],[139.5943547,35.6882754],[139.5945977,35.6881027],[139.5948944,35.6879925],[139.5954362,35.6878432],[139.596037,35.687627],[139.5963377,35.6875387],[139.5965434,35.6874876],[139.5966543,35.6874775],[139.5967108,35.6874781],[139.5968498,35.6874794],[139.5971356,35.6875258],[139.5975533,35.6876384],[139.5981798,35.6877918],[139.5985939,35.6879049],[139.5987594,35.687929],[139.5990397,35.6879229],[139.5991955,35.6878985],[139.5994026,35.6878208],[139.5996129,35.6876756],[139.5997891,35.6875721],[139.5999337,35.6874678],[139.6002371,35.6872457],[139.6008006,35.6868393],[139.6010495,35.6866162],[139.6013938,35.6863577],[139.6015044,35.6862746],[139.6019936,35.68594],[139.6023835,35.6857102],[139.6026934,35.6855665],[139.6032389,35.6853187],[139.603815,35.6850243],[139.6041064,35.6849054],[139.604417,35.6848074],[139.6048521,35.684717],[139.6053286,35.6846438],[139.6057502,35.6845896],[139.6063208,35.684494],[139.6068087,35.6843575],[139.6072236,35.6841828],[139.6074868,35.6840437],[139.6077498,35.6838584],[139.6081239,35.6835795],[139.6084181,35.6833837],[139.6086884,35.6832071],[139.6088309,35.6831349],[139.6091794,35.6829169],[139.6093948,35.6827757],[139.6097081,35.6826711],[139.6100588,35.6826207],[139.6103778,35.6825817],[139.6111388,35.6825646],[139.6113995,35.6825598],[139.6119359,35.6825463],[139.6123438,35.6825466],[139.6126072,35.6825271],[139.6127685,35.6825299],[139.6129629,35.6825351],[139.6131566,35.6825619],[139.6134312,35.6826247],[139.6137452,35.6827165],[139.6141469,35.6828146],[139.6146703,35.6829583],[139.6150073,35.683028],[139.6153594,35.6830533],[139.6164517,35.6829921],[139.6173515,35.6829406],[139.6177313,35.6829035],[139.6184008,35.6827781],[139.6189759,35.6826247],[139.6191733,35.6825619],[139.6193702,35.6825021],[139.6195151,35.6824176],[139.6196621,35.6822999],[139.6198689,35.6821144],[139.6201685,35.6818468],[139.6204774,35.6815888],[139.6207006,35.6813727],[139.6209152,35.6811566],[139.6210611,35.6809405],[139.6212328,35.6806686],[139.6213529,35.6803688],[139.6214302,35.6800829],[139.621552,35.6797012],[139.6216888,35.6792905],[139.6218422,35.6789604],[139.6220825,35.6786397],[139.6223314,35.6783957],[139.622649,35.6781517],[139.6230695,35.67781],[139.6234987,35.6775172],[139.6239107,35.6771616],[139.6245115,35.6766945],[139.6249664,35.6763529],[139.6253011,35.6760391],[139.6256788,35.6758439],[139.6260564,35.6756487],[139.6263998,35.6754674],[139.6267088,35.6753977],[139.6269523,35.67533],[139.6272441,35.6753509],[139.6275911,35.6754124],[139.6280216,35.6755083],[139.6284458,35.6756159],[139.6287755,35.6756989],[139.6290723,35.6757414],[139.6297766,35.6758271],[139.6304885,35.6759157],[139.6310801,35.6759711],[139.631731,35.6760393],[139.6321684,35.6760852],[139.6326475,35.6761398],[139.6328629,35.6761603],[139.6330479,35.676157],[139.6332057,35.6761345],[139.6333639,35.6760901],[139.6335364,35.6760178],[139.6336891,35.6759211],[139.6339799,35.6756625],[139.6345722,35.6751326],[139.6352435,35.6745146],[139.6354476,35.6743099],[139.6355761,35.6740819],[139.6356447,35.673803],[139.6357395,35.6734871],[139.635954,35.673257],[139.6362802,35.6729851],[139.6367167,35.6726186],[139.6372429,35.6721751],[139.6377389,35.6717627],[139.6381599,35.6713814],[139.6384775,35.6711234],[139.6388092,35.6708698],[139.6391433,35.6706803],[139.6394389,35.6705683],[139.6396195,35.6705286],[139.6402724,35.6703596],[139.6408006,35.670229],[139.6411829,35.6701616],[139.641636,35.6701263],[139.6420407,35.6701185],[139.6424097,35.6701254],[139.6427531,35.6701185],[139.6428946,35.670121],[139.6431393,35.6701254],[139.6435856,35.6701882],[139.6439227,35.6702578],[139.6442378,35.6703705],[139.6446266,35.6705344],[139.6448626,35.6706485],[139.6449685,35.6707109],[139.6450969,35.6708034],[139.6451421,35.6708784],[139.6451781,35.6709485],[139.6451992,35.6710249],[139.6452107,35.6710942],[139.6452066,35.6711583],[139.645182,35.6712905],[139.6451772,35.6714133],[139.6451578,35.6716051],[139.6451756,35.6717305],[139.6452426,35.6719181],[139.6453122,35.6720431],[139.6454757,35.6722033],[139.6456544,35.6723058],[139.6458601,35.6723846],[139.6461348,35.6725031],[139.6464781,35.6726844],[139.64683,35.6729145],[139.6470252,35.6730607],[139.6472248,35.6732561],[139.6475188,35.6736322],[139.6476955,35.673915],[139.6477981,35.6740479],[139.6478891,35.6743409],[139.6480365,35.6749378],[139.648074,35.6750739],[139.6481795,35.675272],[139.6482577,35.6753761],[139.6484705,35.675567],[139.6485546,35.6756798],[139.6486438,35.675849],[139.6488327,35.6761918],[139.6490044,35.6765474],[139.6491417,35.6768193],[139.6493563,35.6771192],[139.649577,35.6773486],[139.6498284,35.677656],[139.6499281,35.677812],[139.6500107,35.678],[139.6502387,35.6785882],[139.6504589,35.679095],[139.6506441,35.6794763],[139.6508393,35.6797312],[139.6511399,35.6800157],[139.651502,35.6802291],[139.6517687,35.6803768],[139.6520644,35.6805131],[139.6521669,35.680556],[139.6522656,35.6805856],[139.6524552,35.6806283],[139.6530873,35.6807412],[139.6535511,35.6808216],[139.6537171,35.680863],[139.6538018,35.680875],[139.6538847,35.6808663],[139.6539415,35.6808468],[139.6540037,35.6808032],[139.6540695,35.6807332],[139.654167,35.6805719],[139.6542446,35.6804719],[139.6543793,35.6804045],[139.6545327,35.6803633],[139.6547433,35.6803411],[139.6550679,35.6803052],[139.6553392,35.6802783],[139.6555075,35.6802358],[139.6557816,35.6801377],[139.6560958,35.6800422],[139.656269,35.6800321],[139.6564435,35.6800701],[139.6567541,35.6801411],[139.6574547,35.6803503],[139.6576104,35.6803722],[139.657834,35.6803665],[139.6584419,35.6803219],[139.6586646,35.6802749],[139.6590041,35.6801537],[139.6592666,35.6800581],[139.6593507,35.6800354],[139.6594203,35.6800398],[139.6595117,35.6800558],[139.6595857,35.6800843],[139.6599416,35.6802751],[139.6604303,35.6805322],[139.6606537,35.6806469],[139.6608698,35.6807927],[139.66098,35.6808967],[139.6611011,35.681044],[139.6612226,35.6812776],[139.6613412,35.6816188],[139.6614834,35.6820053],[139.6617425,35.6826823],[139.6618345,35.6829366],[139.6619404,35.6832332],[139.662497,35.6846886],[139.6626523,35.6851503],[139.6629533,35.685937],[139.6631557,35.6864829],[139.6632623,35.6867712],[139.6634226,35.6871792],[139.6634473,35.6873129],[139.6634568,35.6876588],[139.6634544,35.6879178],[139.6635049,35.688089],[139.6637163,35.6884436],[139.6638339,35.688872],[139.6638663,35.6889366],[139.6638992,35.6889803],[139.6639882,35.6890765],[139.6640827,35.6891461],[139.6643874,35.6893213],[139.6648105,35.6895424],[139.6650809,35.6896888],[139.6656912,35.6900163],[139.6663681,35.6903792],[139.6665152,35.690471],[139.6666111,35.6905623],[139.6667677,35.6907465],[139.666847,35.6908229],[139.6669454,35.6908955],[139.6670661,35.6909654],[139.6672196,35.691038],[139.6673898,35.6910924],[139.66768,35.6911497],[139.6682916,35.6912182],[139.6688692,35.6912807],[139.6691583,35.6913242],[139.6699727,35.6914224],[139.6708038,35.6915066],[139.6712439,35.6915851],[139.671794,35.6917243],[139.6721362,35.6919059],[139.6726663,35.6921826],[139.6733341,35.6925183],[139.6737921,35.6927769],[139.6742514,35.6930156],[139.6743702,35.6930582],[139.6745902,35.6930817],[139.6749912,35.6930901],[139.6758517,35.6931064],[139.6762736,35.6931268],[139.6766598,35.6931377],[139.6768565,35.6931333],[139.6770366,35.6931198],[139.6774071,35.6930545],[139.6777174,35.6929558],[139.6781087,35.6928381],[139.6783145,35.6927774],[139.678778,35.6926389],[139.6791254,35.6925117],[139.6793718,35.6924419],[139.6796403,35.6923723],[139.6798385,35.6923089],[139.6800609,35.6922398],[139.6803098,35.6921422],[139.6806102,35.6920655],[139.6807983,35.6920276],[139.6809117,35.6920098],[139.6810995,35.6920098],[139.6814622,35.6920324],[139.6817413,35.6920715],[139.6823409,35.6921541],[139.682515,35.6921889],[139.6829737,35.6923262],[139.6834132,35.6925111],[139.6835441,35.6925642]]}},{"type":"Feature","properties":{"name":"神田川","name:en":"Kanda River","kind":"river"},"geometry":{"type":"LineString","coordinates":[[139.7451415,35.7025286],[139.7461998,35.7028584],[139.7462515,35.7028668]]}},{"type":"Feature","properties":{"name":"神田川","name:en":"Kanda River","kind":"river"},"geometry":{"type":"LineString","coordinates":[[139.7035951,35.7148126],[139.7041857,35.7147657]]}},{"type":"Feature","properties":{"name":"荒川","name:en":"Arakawa River","kind":"river"},"geometry":{"type":"LineString","coordinates":[[139.7310907,35.7887407],[139.7317215,35.7888118],[139.7323898,35.7888743],[139.7329758,35.788886],[139.7335296,35.7888455],[139.7341022,35.7887528],[139.7346863,35.7886107],[139.7353132,35.7883903],[139.7362278,35.7878594],[139.7371961,35.7871937],[139.7380956,35.7864086],[139.7389611,35.7854668],[139.7408348,35.7826862]]}},{"type":"Feature","properties":{"name":"荒川","name:en":"Arakawa River","kind":"river"},"geometry":{"type":"LineString","coordinates":[[139.604192,35.840716],[139.6043275,35.8404967],[139.605032,35.839378],[139.605898,35.837719],[139.606509,35.836548],[139.606735,35.83608],[139.606948,35.83564],[139.607344,35.834889],[139.607666,35.834278]]}},{"type":"Feature","properties":{"name":"荒川","name:en":"Arakawa River","kind":"river"},"geometry":{"type":"LineString","coordinates":[[139.5598427,35.8991806],[139.56086,35.897169],[139.561834,35.894133],[139.562624,35.891743],[139.562967,35.890458],[139.563279,35.889294],[139.564002,35.887391],[139.564858,35.885596],[139.566103,35.88346],[139.567169,35.882183],[139.567279,35.882052],[139.568437,35.880978],[139.570137,35.879442],[139.57195,35.877731],[139.573897,35.875484],[139.574123,35.875182],[139.5746799,35.8744187]]}},{"type":"Feature","properties":{"name":"元荒川","name:en":"","kind":"river"},"geometry":{"type":"LineString","coordinates":[[139.82196,35.8939514],[139.8223367,35.893823],[139.8226163,35.8936462],[139.822838,35.893475],[139.823286,35.89323],[139.823646,35.892932],[139.8240001,35.892574],[139.824012,35.892562],[139.824442,35.892223],[139.824956,35.891882],[139.8257165,35.8915712],[139.8260925,35.8914412],[139.8268975,35.8913102],[139.828272,35.891016],[139.828897,35.8909],[139.829594,35.890751],[139.829988,35.890654],[139.830248,35.890539],[139.830609,35.890328],[139.831552,35.889753],[139.832847,35.888965],[139.8340116,35.8882425],[139.834633,35.887857],[139.83573,35.887179],[139.83708,35.88636],[139.837527,35.88612],[139.837785,35.885972]]}},{"type":"Feature","properties":{"name":"荒川","name:en":"Arakawa River","kind":"river"},"geometry":{"type":"LineString","coordinates":[[139.5775454,35.8688759],[139.577865,35.867229],[139.578008,35.866638],[139.578099,35.866266],[139.578223,35.865756],[139.578284,35.865502],[139.578695,35.864271],[139.578791,35.863983],[139.578983,35.863746],[139.579318,35.863331],[139.579429,35.863195],[139.579602,35.863102],[139.580921,35.862394],[139.58099,35.862357],[139.581054,35.862332],[139.583692,35.861317],[139.58499,35.8607802],[139.5858936,35.8601783],[139.5865302,35.8597362]]}},{"type":"Feature","properties":{"name":"荒川","name:en":"Arakawa River","kind":"river"},"geometry":{"type":"LineString","coordinates":[[139.5746799,35.8744187],[139.575278,35.873631],[139.5761036,35.8720997]]}},{"type":"Feature","properties":{"name":"荒川","name:en":"Arakawa River","kind":"river"},"geometry":{"type":"LineString","coordinates":[[139.5865302,35.8597362],[139.5874421,35.8589578],[139.588296,35.857906],[139.588717,35.857188],[139.588951,35.856788],[139.589409,35.856004],[139.589929,35.85473],[139.590684,35.853254],[139.59121,35.852739],[139.592184,35.851968],[139.593164,35.851328],[139.593493,35.851113],[139.593533,35.851091],[139.595457,35.850056],[139.596464,35.849352],[139.597656,35.848279],[139.598646,35.846987],[139.599451,35.845819],[139.599677,35.845492],[139.599846,35.845247],[139.601759,35.843537],[139.602749,35.842715],[139.603186,35.842195],[139.603958,35.841088]]}},{"type":"Feature","properties":{"name":"荒川","name:en":"Arakawa River","kind":"river"},"geometry":{"type":"LineString","coordinates":[[139.5761036,35.8720997],[139.576404,35.871471],[139.577255,35.86968],[139.577276,35.869635],[139.577284,35.869604],[139.5775454,35.8688759]]}},{"type":"Feature","properties":{"name":"元荒川","name:en":"","kind":"river"},"geometry":{"type":"LineString","coordinates":[[139.802133,35.889324],[139.802778,35.889483],[139.803535,35.889729],[139.80454,35.890089],[139.805199,35.890383],[139.8068494,35.8909714]]}},{"type":"Feature","properties":{"name":"元荒川","name:en":"","kind":"river"},"geometry":{"type":"LineString","coordinates":[[139.7868367,35.8978812],[139.787179,35.897878],[139.787574,35.897854],[139.787867,35.897792],[139.788377,35.897595],[139.789219,35.897177],[139.789628,35.896946],[139.790107,35.896636],[139.790559,35.896271],[139.79103,35.895761],[139.791449,35.895199],[139.7916314,35.8948696],[139.7917348,35.8946096],[139.7918487,35.8943367],[139.7919555,35.8940541],[139.7921038,35.8936811],[139.7921996,35.8932327],[139.7923137,35.8925052],[139.792432,35.891223],[139.792433,35.891191],[139.7924742,35.8909503],[139.7925326,35.8906494],[139.7926138,35.8904058],[139.7928149,35.8900453],[139.7930486,35.8897967],[139.7935416,35.8894282],[139.7939594,35.8891934],[139.7944339,35.8889994],[139.7950016,35.8888155],[139.7957734,35.8886032],[139.7965036,35.8884823],[139.7970803,35.8884892],[139.7977121,35.8885653],[139.7977678,35.888572],[139.798668,35.888767],[139.799077,35.888925],[139.799803,35.889098],[139.800481,35.889185],[139.801621,35.889246],[139.801647,35.889248],[139.802133,35.889324]]}},{"type":"Feature","properties":{"name":"荒川","name:en":"Arakawa River","kind":"river"},"geometry":{"type":"LineString","coordinates":[[139.7408348,35.7826862],[139.7413318,35.7818551]]}},{"type":"Feature","properties":{"name":"元荒川","name:en":"","kind":"river"},"geometry":{"type":"LineString","coordinates":[[139.8068494,35.8909714],[139.807452,35.891168],[139.808787,35.891737],[139.809282,35.8919],[139.809821,35.892025],[139.8105475,35.8919608],[139.8116335,35.8920928],[139.8118717,35.8921269],[139.8120315,35.8921498],[139.8125979,35.8923764],[139.813148,35.89269],[139.813826,35.892949],[139.814626,35.893278],[139.8152535,35.8935301],[139.8157746,35.8937694],[139.8162176,35.8939514],[139.8166986,35.8941534],[139.8169756,35.8942624],[139.8174376,35.8944434],[139.8178685,35.8945702],[139.818236,35.894582],[139.81839,35.894616],[139.818602,35.89464],[139.818785,35.89463],[139.819016,35.894616],[139.819448,35.894491],[139.820208,35.894294],[139.82196,35.8939514]]}},{"type":"Feature","properties":{"name":"荒川","name:en":"Arakawa River","kind":"river"},"geometry":{"type":"LineString","coordinates":[[139.6167672,35.8302753],[139.617791,35.829777],[139.618202,35.829579],[139.618708,35.8291],[139.619221,35.828616],[139.619712,35.828151],[139.620843,35.826792],[139.621774,35.825076],[139.622339,35.824383],[139.622399,35.824309],[139.622421,35.824196],[139.622753,35.822523],[139.622821,35.822181],[139.622814,35.821812],[139.622764,35.819323],[139.6223348,35.8162161],[139.621688,35.811693]]}},{"type":"Feature","properties":{"name":"荒川","name:en":"Arakawa River","kind":"river"},"geometry":{"type":"LineString","coordinates":[[139.621688,35.811693],[139.621774,35.811627],[139.622515,35.810814],[139.623457,35.809782],[139.624004,35.809455],[139.625511,35.808555],[139.628779,35.806542],[139.629014,35.806397],[139.630665,35.805592],[139.631067,35.805481],[139.632783,35.805008],[139.632892,35.804978],[139.635426,35.804633],[139.637884,35.803713],[139.640303,35.802523],[139.640424,35.802505]]}},{"type":"Feature","properties":{"name":"荒川","name:en":"Arakawa River","kind":"river"},"geometry":{"type":"LineString","coordinates":[[139.607666,35.834278],[139.608519,35.833009],[139.609623,35.83197],[139.610047,35.831734],[139.610728,35.831354],[139.61179,35.830973],[139.612831,35.830867],[139.6137078,35.8307776]]}},{"type":"Feature","properties":{"name":"荒川","name:en":"Arakawa River","kind":"river"},"geometry":{"type":"LineString","coordinates":[[139.654447,35.800307],[139.6564271,35.8003212],[139.659624,35.8003857],[139.6607401,35.8004082],[139.6645873,35.8005625],[139.6646454,35.8005648],[139.6688296,35.8004256],[139.671527,35.7997762],[139.6743657,35.7991203],[139.6771766,35.7988941],[139.6799447,35.7989289],[139.6810294,35.7991025],[139.683099,35.7994336],[139.6832233,35.7994781],[139.6844955,35.7998146],[139.685043,35.7999595],[139.6868295,35.8006495],[139.6880633,35.8008322],[139.6904182,35.8008319],[139.6924234,35.800624],[139.6951956,35.7997492],[139.6968769,35.7989124],[139.6976552,35.7984106],[139.6986558,35.7977454],[139.7010183,35.7962074],[139.70177,35.795718],[139.704743,35.793729],[139.706341,35.793064],[139.709221,35.792296],[139.711818,35.792035]]}},{"type":"Feature","properties":{"name":"荒川","name:en":"Arakawa River","kind":"river"},"geometry":{"type":"LineString","coordinates":[[139.5541945,35.9048562],[139.554311,35.904793],[139.554454,35.90472],[139.555165,35.904358],[139.556323,35.90362],[139.557582,35.902614],[139.558723,35.901474],[139.5598427,35.8991806]]}},{"type":"Feature","properties":{"name":"荒川","name:en":"Arakawa River","kind":"river"},"geometry":{"type":"LineString","coordinates":[[139.6137078,35.8307776],[139.614933,35.830548],[139.61625,35.8304],[139.6167672,35.8302753]]}},{"type":"Feature","properties":{"name":"荒川","name:en":"Arakawa River","kind":"river"},"geometry":{"type":"LineString","coordinates":[[139.603958,35.841088],[139.604192,35.840716]]}},{"type":"Feature","properties":{"name":"荒川","name:en":"Arakawa River","kind":"river"},"geometry":{"type":"LineString","coordinates":[[139.711818,35.792035],[139.715848,35.792057],[139.71892,35.79198],[139.721147,35.791443],[139.722474,35.790635],[139.7244798,35.7895317],[139.7254093,35.789186],[139.7260115,35.78901],[139.726646,35.7888514],[139.7274134,35.7887393],[139.7283087,35.7886871],[139.7292148,35.7886698],[139.7301259,35.7886922],[139.7310907,35.7887407]]}},{"type":"Feature","properties":{"name":"元荒川","name:en":"Moto Arakawa River","kind":"river"},"geometry":{"type":"LineString","coordinates":[[139.737721,35.927946],[139.7384723,35.9278947],[139.7388857,35.9278096],[139.7394429,35.9276776],[139.7401339,35.9277646],[139.740621,35.927889],[139.7412713,35.9281935],[139.741886,35.928659],[139.742332,35.928867],[139.74294,35.928989],[139.74332,35.929016],[139.743693,35.929016],[139.744062,35.928973],[139.74457,35.928823],[139.74579,35.928376],[139.7466829,35.9280122],[139.747536,35.9277053],[139.748328,35.9274084],[139.7488218,35.9272163],[139.7491303,35.9270765],[139.7500663,35.926706],[139.7513165,35.9260101],[139.7517645,35.9256977],[139.7525254,35.9251937],[139.7536299,35.9244934],[139.7544091,35.9240267],[139.754809,35.9236526],[139.7551548,35.9233287],[139.7554093,35.9230204],[139.7556915,35.9225909],[139.7559024,35.9221246],[139.756157,35.921355],[139.756229,35.921055],[139.75632,35.92068],[139.7564094,35.9202147],[139.7564976,35.9198372],[139.756631,35.919486],[139.756756,35.919159],[139.756915,35.918765],[139.7570446,35.9184757],[139.7572014,35.9181537],[139.7573943,35.9179358],[139.757568,35.9177241],[139.7577475,35.9175278],[139.7579316,35.9173944],[139.7583184,35.9172678],[139.7592125,35.9171242],[139.7602155,35.91696],[139.7606756,35.9168822],[139.7611616,35.9168109],[139.7614905,35.9167572],[139.761788,35.9167199],[139.7619961,35.9166909],[139.7622235,35.9166675],[139.7630267,35.9166291],[139.7634547,35.9166484],[139.7637316,35.9166748],[139.7640844,35.9167104],[139.765261,35.916854],[139.765367,35.916875],[139.765832,35.916966],[139.7662857,35.9170444],[139.766794,35.9171535],[139.7670232,35.9171803],[139.7672194,35.9171693],[139.7674719,35.9171208],[139.7680717,35.9167426],[139.7686838,35.9162572],[139.7691192,35.9159095],[139.7697994,35.9153328],[139.7705586,35.9146558],[139.7712809,35.9140588],[139.7719743,35.9134621],[139.7722089,35.9132464],[139.7723521,35.9130834],[139.7724596,35.9129334],[139.7726797,35.9125391],[139.7728347,35.9120643],[139.772905,35.9115184],[139.7729119,35.9113857],[139.772947,35.911065],[139.773044,35.910619],[139.773116,35.910216],[139.7731966,35.9100093],[139.7732703,35.909874],[139.7733774,35.9096714],[139.7736277,35.9093278],[139.7738447,35.9091198],[139.7742895,35.9087895],[139.7746848,35.9085502],[139.7748789,35.9084425],[139.7753593,35.9082027],[139.7762705,35.9079048],[139.7769965,35.9077359],[139.7775772,35.9076152],[139.7781091,35.9074331],[139.7781993,35.9073665],[139.778368,35.907242],[139.7785138,35.9070629],[139.7785773,35.9069205],[139.7786132,35.9067802],[139.778645,35.9066623],[139.7786194,35.906358],[139.7783766,35.9058141],[139.7779686,35.9052645],[139.7778774,35.9051783],[139.7770915,35.9045758],[139.776684,35.904339],[139.776386,35.904214],[139.7756163,35.9040351],[139.7746163,35.9038675],[139.773939,35.9038122],[139.773256,35.903723],[139.772641,35.90367],[139.772247,35.903632],[139.771987,35.903584],[139.771402,35.903452],[139.770926,35.903264],[139.770594,35.903024],[139.770416,35.902851],[139.770234,35.902659],[139.770181,35.902519],[139.770186,35.902308],[139.7703589,35.9016714],[139.7705272,35.9013581],[139.770827,35.900745],[139.770864,35.90069],[139.771152,35.900157],[139.771985,35.898987],[139.772707,35.898205],[139.773366,35.897691],[139.7740916,35.8972408],[139.7746952,35.8969408],[139.775451,35.896651],[139.7764252,35.8961449],[139.777,35.895834],[139.777671,35.895524],[139.778935,35.89501],[139.778943,35.895007],[139.779342,35.89487],[139.779664,35.894798],[139.7803184,35.8946892],[139.7809194,35.8946885],[139.7816321,35.8947728],[139.7824097,35.8950049],[139.7830608,35.8951861],[139.783919,35.895634],[139.784508,35.895969],[139.7848382,35.8961849],[139.7852426,35.8965782],[139.7856494,35.8970125],[139.7860728,35.897443],[139.7862462,35.8975894],[139.7864156,35.8977269],[139.7868367,35.8978812]]}},{"type":"Feature","properties":{"name":"神田川","name:en":"Kanda River","kind":"river"},"geometry":{"type":"LineString","coordinates":[[139.7096845,35.7140085],[139.7099489,35.7141171],[139.710424,35.7143709],[139.7106212,35.7144646],[139.7110808,35.71465],[139.7112153,35.7147087],[139.7113376,35.714757],[139.7114835,35.7147912],[139.7119462,35.7147989],[139.712259,35.7146748],[139.7126207,35.7144157],[139.7131331,35.7139963],[139.7134475,35.7137395],[139.7138183,35.7134656],[139.7146481,35.7131077],[139.7148741,35.7130684],[139.7149998,35.7130466],[139.7159831,35.7130031],[139.7166647,35.7129833],[139.7167635,35.7129756],[139.7170317,35.712955]]}},{"type":"Feature","properties":{"name":"隅田川","name:en":"Sumida River","kind":"river"},"geometry":{"type":"LineString","coordinates":[[139.7310907,35.7887407],[139.7314335,35.7882266],[139.7317925,35.7875907],[139.7320544,35.7870088],[139.7322252,35.786662],[139.7324012,35.7863918],[139.7326203,35.7861564],[139.7335051,35.785464]]}},{"type":"Feature","properties":{"name":"隅田川派川","name:en":"Sumida-River Distributary","kind":"river"},"geometry":{"type":"LineString","coordinates":[[139.7865749,35.6728636],[139.7865789,35.672853],[139.7880839,35.6688932],[139.7883769,35.6671038]]}},{"type":"Feature","properties":{"name":"荒川","name:en":"Arakawa River","kind":"river"},"geometry":{"type":"LineString","coordinates":[[139.640424,35.802505],[139.6422436,35.8021833],[139.6429949,35.8020056],[139.6437885,35.8018179],[139.6456339,35.8010173],[139.6478655,35.800356],[139.6494962,35.8000601],[139.651878,35.7999905],[139.6533844,35.8001761],[139.654447,35.800307]]}},{"type":"Feature","properties":{"name":"神田川","name:en":"Kanda River","kind":"river"},"geometry":{"type":"LineString","coordinates":[[139.7585916,35.7015847],[139.7590495,35.7015907],[139.7602204,35.7015953],[139.760871,35.7015921],[139.761296,35.7015647],[139.7616,35.7015236],[139.7617922,35.7014705]]}},{"type":"Feature","properties":{"name":"神田川","name:en":"Kanda River","kind":"river"},"geometry":{"type":"LineString","coordinates":[[139.7462515,35.7028668],[139.7467978,35.702955],[139.7491111,35.7029264],[139.7503205,35.7027133],[139.7508874,35.7026168]]}},{"type":"Feature","properties":{"name":"神田川","name:en":"Kanda River","kind":"river"},"geometry":{"type":"LineString","coordinates":[[139.7508874,35.7026168],[139.7513889,35.7025662],[139.7518463,35.7025558]]}},{"type":"Feature","properties":{"name":"神田川","name:en":"Kanda River","kind":"river"},"geometry":{"type":"LineString","coordinates":[[139.7518463,35.7025558],[139.7521709,35.7025308],[139.7533049,35.7024308],[139.7540624,35.7023306],[139.755376,35.7020474]]}},{"type":"Feature","properties":{"name":"神田川","name:en":"Kanda River","kind":"river"},"geometry":{"type":"LineString","coordinates":[[139.7754063,35.6969312],[139.7763507,35.6969023],[139.7774494,35.6968704],[139.777734,35.696865],[139.7782985,35.6968544]]}},{"type":"Feature","properties":{"name":"神田川","name:en":"Kanda River","kind":"river"},"geometry":{"type":"LineString","coordinates":[[139.7782985,35.6968544],[139.7786378,35.6968452],[139.7797924,35.6968349],[139.7800564,35.6968147]]}},{"type":"Feature","properties":{"name":"神田川","name:en":"Kanda River","kind":"river"},"geometry":{"type":"LineString","coordinates":[[139.7800564,35.6968147],[139.7822633,35.6966456],[139.7827302,35.696615]]}},{"type":"Feature","properties":{"name":"神田川","name:en":"Kanda River","kind":"river"},"geometry":{"type":"LineString","coordinates":[[139.7827302,35.696615],[139.7828981,35.6966044],[139.7834362,35.6964926],[139.7843058,35.6962136],[139.7849324,35.696011],[139.7852611,35.69591],[139.7857285,35.6957663],[139.7880042,35.6950518],[139.7888965,35.6948029]]}},{"type":"Feature","properties":{"name":"隅田川","name:en":"Sumida River","kind":"river"},"geometry":{"type":"LineString","coordinates":[[139.7674826,35.6569126],[139.7665764,35.6562323],[139.7659678,35.6554752],[139.7648768,35.6515046]]}},{"type":"Feature","properties":{"name":"神田川","name:en":"Kanda River","kind":"river"},"geometry":{"type":"LineString","coordinates":[[139.7649951,35.6999092],[139.7659405,35.6996559],[139.7664332,35.6995305],[139.7666681,35.6994707],[139.7669697,35.6993646],[139.7675129,35.6990877],[139.7688541,35.698382],[139.7688956,35.6983586],[139.7707125,35.6972411],[139.770996,35.6971411],[139.7712832,35.6970397],[139.7721043,35.6969731],[139.7727316,35.6969736],[139.7734556,35.6969742],[139.7748125,35.696945],[139.7754063,35.6969312]]}},{"type":"Feature","properties":{"name":"隅田川","name:en":"Sumida River","kind":"river"},"geometry":{"type":"LineString","coordinates":[[139.7760109,35.6630515],[139.7739149,35.6617416],[139.7735197,35.6614449]]}},{"type":"Feature","properties":{"name":"隅田川派川","name:en":"Sumida-River Distributary","kind":"river"},"geometry":{"type":"LineString","coordinates":[[139.7883769,35.6671038],[139.7884738,35.6662881],[139.7886398,35.6651886]]}},{"type":"Feature","properties":{"name":"神田川","name:en":"Kanda River","kind":"river"},"geometry":{"type":"LineString","coordinates":[[139.6957317,35.7150933],[139.69582,35.7151302],[139.6960795,35.7152452],[139.6963335,35.7153162],[139.6968301,35.7154221],[139.697042,35.7154461],[139.6972673,35.7154265],[139.6975427,35.7153918],[139.6987406,35.7151024],[139.6992007,35.7150364],[139.6994861,35.7150108],[139.6998272,35.7149961],[139.7009797,35.7149878],[139.7016752,35.7149812],[139.7020255,35.7149583],[139.7035951,35.7148126]]}},{"type":"Feature","properties":{"name":"神田川","name:en":"Kanda River","kind":"river"},"geometry":{"type":"LineString","coordinates":[[139.6880559,35.7060893],[139.6882406,35.7066891],[139.6883135,35.7069284],[139.6884596,35.7071753],[139.6886184,35.7073492],[139.6888179,35.7074813],[139.6891076,35.7076332],[139.6897969,35.7079673],[139.6907046,35.7084279],[139.6911984,35.7087145],[139.6916371,35.7090677],[139.6918344,35.709225],[139.6919861,35.709304],[139.6922023,35.7093864],[139.6923861,35.7094352],[139.6927291,35.7095081],[139.6929176,35.7095919],[139.6931093,35.7096751],[139.6933161,35.7098264],[139.6933989,35.7098995]]}},{"type":"Feature","properties":{"name":"神田川","name:en":"Kanda River","kind":"river"},"geometry":{"type":"LineString","coordinates":[[139.7406078,35.7084844],[139.7423816,35.7082259],[139.7427625,35.7081689],[139.7430465,35.7080511],[139.7433003,35.7077771]]}},{"type":"Feature","properties":{"name":"神田川","name:en":"Kanda River","kind":"river"},"geometry":{"type":"LineString","coordinates":[[139.7198647,35.7123043],[139.7201273,35.7122938],[139.7203756,35.7123011],[139.7205615,35.7123285],[139.7208576,35.712392],[139.7211318,35.7124617],[139.7213242,35.7125066],[139.7215461,35.712528],[139.7217488,35.7125283],[139.7219136,35.71251],[139.722056,35.7124817],[139.7222581,35.7124021],[139.7224201,35.7123067],[139.7224299,35.7123005],[139.7227338,35.7121096],[139.7228532,35.7120481],[139.7230439,35.7119965],[139.7232701,35.7119719],[139.7235223,35.7119444],[139.7238245,35.7118945],[139.7240108,35.7118323],[139.7244309,35.7115651],[139.7245697,35.7114323],[139.7246051,35.7113984],[139.7247083,35.7112996],[139.7249877,35.7109652],[139.7251677,35.7107652],[139.7253387,35.7105993],[139.7256611,35.7104609],[139.7260211,35.710368],[139.7263282,35.7103099],[139.7267807,35.7102589],[139.7271452,35.7102409],[139.7275871,35.7102366],[139.7283421,35.7102297],[139.7290344,35.7102749],[139.7295092,35.7104249],[139.7297012,35.7104629],[139.7299362,35.7105125],[139.7306261,35.7105949],[139.7313689,35.7106687],[139.7314768,35.7106528]]}},{"type":"Feature","properties":{"name":"神田川","name:en":"Kanda River","kind":"river"},"geometry":{"type":"LineString","coordinates":[[139.7184654,35.7126829],[139.7192958,35.7124798]]}},{"type":"Feature","properties":{"name":"神田川","name:en":"Kanda River","kind":"river"},"geometry":{"type":"LineString","coordinates":[[139.7094481,35.7139315],[139.7095416,35.7139567],[139.7096845,35.7140085]]}},{"type":"Feature","properties":{"name":"神田川","name:en":"Kanda River","kind":"river"},"geometry":{"type":"LineString","coordinates":[[139.7192958,35.7124798],[139.7193352,35.7124702],[139.719615,35.7123701],[139.7198647,35.7123043]]}},{"type":"Feature","properties":{"name":"神田川","name:en":"Kanda River","kind":"river"},"geometry":{"type":"LineString","coordinates":[[139.7170317,35.712955],[139.7171085,35.7129488],[139.7176395,35.7128752],[139.7178622,35.7128304],[139.7181457,35.7127611],[139.7184654,35.7126829]]}},{"type":"Feature","properties":{"name":"神田川","name:en":"Kanda River","kind":"river"},"geometry":{"type":"LineString","coordinates":[[139.7075325,35.7138486],[139.7078755,35.7138151],[139.7079941,35.7138123],[139.7088586,35.7138539],[139.7091781,35.7138814],[139.7094481,35.7139315]]}},{"type":"Feature","properties":{"name":"神田川","name:en":"Kanda River","kind":"river"},"geometry":{"type":"LineString","coordinates":[[139.7041857,35.7147657],[139.7045759,35.7146771],[139.705001,35.7146922],[139.7052845,35.7146519]]}},{"type":"Feature","properties":{"name":"神田川","name:en":"Kanda River","kind":"river"},"geometry":{"type":"LineString","coordinates":[[139.7052845,35.7146519],[139.7054364,35.7146191],[139.705617,35.7145596],[139.7059762,35.7143886],[139.7064717,35.7141573],[139.7067221,35.7140511],[139.7069546,35.713973],[139.7071439,35.7139164],[139.7073153,35.7138806],[139.7075325,35.7138486]]}},{"type":"Feature","properties":{"name":"多摩川","name:en":"Tama River","kind":"river"},"geometry":{"type":"LineString","coordinates":[[139.6263442,35.6092899],[139.6267778,35.6091287],[139.6271392,35.6090034],[139.6274688,35.6088655],[139.6278259,35.6086441],[139.6285624,35.6081419],[139.6293005,35.6078296],[139.6293733,35.6078017],[139.629868,35.6075249],[139.629994,35.6074816],[139.6303794,35.607299],[139.6308817,35.6070979]]}},{"type":"Feature","properties":{"name":"荒川","name:en":"Arakawa River","kind":"river"},"geometry":{"type":"LineString","coordinates":[[139.7413318,35.7818551],[139.7415839,35.7814222],[139.7428226,35.7792833],[139.7452741,35.7760492],[139.7496007,35.7733278],[139.7502398,35.7730489],[139.7559145,35.7705721],[139.7568164,35.7700461],[139.7585218,35.7690513],[139.7596774,35.7674618],[139.7601589,35.7655974],[139.7605089,35.7642828],[139.7608667,35.7635919],[139.7612361,35.7628786],[139.7616223,35.7621328],[139.7642718,35.7599371],[139.7684857,35.7579815],[139.7711791,35.7573637],[139.773628,35.7571215],[139.7775441,35.7570229],[139.7785499,35.7571134],[139.7812594,35.7573573],[139.782066,35.7574299],[139.7827909,35.7574951],[139.7832617,35.7575744],[139.788471,35.7584523],[139.7890041,35.7585421],[139.7891983,35.7585703],[139.7907884,35.758801],[139.7937415,35.7592296],[139.7938866,35.7592506],[139.797322,35.7597492],[139.8006381,35.759649]]}},{"type":"Feature","properties":{"name":"荒川","name:en":"Arakawa River","kind":"river"},"geometry":{"type":"LineString","coordinates":[[139.8149361,35.7517316],[139.8155256,35.7509887],[139.8171937,35.7488868]]}},{"type":"Feature","properties":{"name":"多摩川","name:en":"Tama River","kind":"river"},"geometry":{"type":"LineString","coordinates":[[139.5987759,35.6167125],[139.600771,35.6172092],[139.60246,35.617859],[139.604816,35.6172912],[139.6075797,35.616054],[139.6095436,35.6146925],[139.6103543,35.613981],[139.6117335,35.6132857],[139.6121565,35.6130725],[139.6171332,35.6118294],[139.619991,35.6119297],[139.6218308,35.6114068],[139.623194,35.6110269],[139.6262949,35.609339],[139.6263442,35.6092899],[139.6289587,35.6066845],[139.6310317,35.6053563],[139.6326901,35.6044337],[139.6347075,35.6034902],[139.6387896,35.600827]]}},{"type":"Feature","properties":{"name":"荒川","name:en":"Arakawa River","kind":"river"},"geometry":{"type":"LineString","coordinates":[[139.8464987,35.6543758],[139.8463374,35.6521552],[139.8460117,35.64831]]}},{"type":"Feature","properties":{"name":"隅田川","name:en":"Sumida River","kind":"river"},"geometry":{"type":"LineString","coordinates":[[139.7335051,35.785464],[139.7335977,35.7853981]]}},{"type":"Feature","properties":{"name":"隅田川","name:en":"Sumida River","kind":"river"},"geometry":{"type":"LineString","coordinates":[[139.7335977,35.7853981],[139.7346514,35.7845496],[139.7359841,35.7832633],[139.7377269,35.7807905],[139.7380389,35.7801769],[139.7383354,35.7795936],[139.73847,35.778638],[139.7381133,35.7774422],[139.7369421,35.7755473],[139.7368035,35.7752845],[139.7359645,35.7736941],[139.7356927,35.7724195],[139.7358451,35.7713815],[139.7363224,35.7704619],[139.737098,35.7700692],[139.7389672,35.7697304],[139.7405164,35.7692664],[139.7428193,35.7682559],[139.744838,35.7673701],[139.7458719,35.7671618],[139.7463871,35.767058],[139.7478833,35.7671475],[139.7506624,35.7673136],[139.7516396,35.7675536],[139.7531054,35.7679709],[139.7540826,35.7679396],[139.7551369,35.7675223],[139.7559213,35.7667294],[139.7563392,35.7654879],[139.7560884,35.7642515],[139.7554134,35.7633334]]}},{"type":"Feature","properties":{"name":"荒川","name:en":"Arakawa River","kind":"river"},"geometry":{"type":"LineString","coordinates":[[139.8460117,35.64831],[139.8459462,35.6475211],[139.845911,35.6471214],[139.8455211,35.6428286],[139.8448649,35.6356042]]}},{"type":"Feature","properties":{"name":"隅田川","name:en":"Sumida River","kind":"river"},"geometry":{"type":"LineString","coordinates":[[139.7821761,35.6705103],[139.7819283,35.6699471],[139.781306,35.6685325],[139.7810186,35.6678796],[139.780481,35.6666578],[139.7798801,35.6658733],[139.7795541,35.6655461],[139.7791506,35.6651411],[139.7780992,35.6643566],[139.7780341,35.6643159],[139.7762467,35.6631989],[139.7760109,35.6630515]]}},{"type":"Feature","properties":{"name":"隅田川","name:en":"Sumida River","kind":"river"},"geometry":{"type":"LineString","coordinates":[[139.7865749,35.6728636],[139.785266,35.6721314],[139.7844415,35.6717161],[139.7831202,35.6710507],[139.7828581,35.6709007],[139.7828479,35.6708948],[139.7826328,35.6707717],[139.7821761,35.6705103]]}},{"type":"Feature","properties":{"name":"隅田川","name:en":"Sumida River","kind":"river"},"geometry":{"type":"LineString","coordinates":[[139.7877977,35.6769237],[139.7877935,35.6769123],[139.7875677,35.6762985],[139.786828,35.6742871]]}},{"type":"Feature","properties":{"name":"隅田川","name:en":"Sumida River","kind":"river"},"geometry":{"type":"LineString","coordinates":[[139.786828,35.6742871],[139.7867895,35.674136],[139.7866459,35.6733177],[139.7865749,35.6728636]]}},{"type":"Feature","properties":{"name":"荒川","name:en":"Arakawa River","kind":"river"},"geometry":{"type":"LineString","coordinates":[[139.8006381,35.759649],[139.8017458,35.7595652],[139.8028483,35.7594528],[139.8059418,35.7584674]]}},{"type":"Feature","properties":{"name":"隅田川","name:en":"Sumida River","kind":"river"},"geometry":{"type":"LineString","coordinates":[[139.7554134,35.7633334],[139.7544841,35.7627849]]}},{"type":"Feature","properties":{"name":"隅田川","name:en":"Sumida River","kind":"river"},"geometry":{"type":"LineString","coordinates":[[139.8144644,35.7394536],[139.8147382,35.7374955],[139.8144807,35.7365202],[139.8138668,35.7357021],[139.8130973,35.7348668],[139.8116721,35.7333908],[139.8107972,35.7318849],[139.8100524,35.7302823],[139.8098047,35.7280328],[139.8093637,35.7240035],[139.8088531,35.7222673],[139.8082815,35.7203233],[139.8080286,35.7197414],[139.807328,35.7181298],[139.8066454,35.717438],[139.8056254,35.7164043],[139.8037236,35.7144523],[139.8034099,35.714186],[139.8019231,35.7129395],[139.8007126,35.7119227],[139.8004898,35.7116849],[139.7989421,35.7100326],[139.7979989,35.7090257],[139.7974148,35.7082377],[139.7965896,35.7071244],[139.7958332,35.7055978],[139.794028,35.7019545],[139.7937273,35.7013475],[139.7925499,35.6995836],[139.7922668,35.6991595],[139.790856,35.697585],[139.7899519,35.6964236],[139.789136,35.6953754],[139.7888965,35.6948029]]}},{"type":"Feature","properties":{"name":"隅田川","name:en":"Sumida River","kind":"river"},"geometry":{"type":"LineString","coordinates":[[139.7929853,35.685951],[139.7931533,35.6850259],[139.7926791,35.6835414],[139.7925231,35.6833509],[139.7908633,35.6813231],[139.7906557,35.6810695],[139.7893708,35.6794997],[139.7890378,35.6789544],[139.7877977,35.6769237]]}},{"type":"Feature","properties":{"name":"神田川","name:en":"Kanda River","kind":"river"},"geometry":{"type":"LineString","coordinates":[[139.6835441,35.6925642],[139.6837552,35.6926505],[139.684105,35.6928413],[139.684428,35.6930834],[139.6847719,35.6933838],[139.6850172,35.6936019],[139.6854017,35.6939914],[139.6855145,35.6941879],[139.6856299,35.6943979],[139.6858688,35.6948671],[139.6862629,35.6956617],[139.6865583,35.696227],[139.6866322,35.6963849]]}},{"type":"Feature","properties":{"name":"神田川","name:en":"Kanda River","kind":"river"},"geometry":{"type":"LineString","coordinates":[[139.6933989,35.7098995],[139.6935918,35.7100697],[139.6938064,35.7102666],[139.6939926,35.7104984],[139.6941577,35.7107642],[139.6942877,35.7110261]]}},{"type":"Feature","properties":{"name":"神田川","name:en":"Kanda River","kind":"river"},"geometry":{"type":"LineString","coordinates":[[139.6866322,35.6963849],[139.6867214,35.6965756],[139.6868759,35.6968613],[139.6870389,35.697175],[139.6872364,35.6974678],[139.6874525,35.6977317],[139.6877857,35.6980609],[139.688013,35.6983302],[139.6882018,35.6986521],[139.6883092,35.6989594],[139.6883607,35.6991476],[139.6883889,35.69946],[139.6883779,35.6998377],[139.6882772,35.7002213],[139.6881083,35.7006051],[139.6877473,35.7011756],[139.6875776,35.701429],[139.6875282,35.7015105],[139.6875014,35.701619]]}},{"type":"Feature","properties":{"name":"神田川","name:en":"Kanda River","kind":"river"},"geometry":{"type":"LineString","coordinates":[[139.6875014,35.701619],[139.6874509,35.7018241],[139.6874166,35.7023748],[139.687408,35.7028278],[139.6875196,35.7042636],[139.6876312,35.7047654],[139.68782,35.7053927],[139.6879831,35.7058527],[139.6880559,35.7060893]]}},{"type":"Feature","properties":{"name":"神田川","name:en":"Kanda River","kind":"river"},"geometry":{"type":"LineString","coordinates":[[139.6942877,35.7110261],[139.6943455,35.7111867],[139.6944367,35.7116177],[139.6945153,35.7122425],[139.694628,35.712848],[139.694746,35.7136668],[139.6948157,35.7139979],[139.6948855,35.7142069],[139.6950115,35.714453],[139.6952697,35.7147601],[139.6954816,35.7149479],[139.6956275,35.7150456],[139.6957317,35.7150933]]}},{"type":"Feature","properties":{"name":"神田川","name:en":"Kanda River","kind":"river"},"geometry":{"type":"LineString","coordinates":[[139.7444054,35.7041887],[139.7444939,35.7038812],[139.7446256,35.70351],[139.7447722,35.7031218],[139.7450852,35.7025771],[139.7451415,35.7025286]]}},{"type":"Feature","properties":{"name":"神田川","name:en":"Kanda River","kind":"river"},"geometry":{"type":"LineString","coordinates":[[139.7355472,35.7092327],[139.7363989,35.7090979],[139.7372302,35.7089767]]}},{"type":"Feature","properties":{"name":"神田川","name:en":"Kanda River","kind":"river"},"geometry":{"type":"LineString","coordinates":[[139.7387429,35.7087562],[139.7397389,35.708611]]}},{"type":"Feature","properties":{"name":"神田川","name:en":"Kanda River","kind":"river"},"geometry":{"type":"LineString","coordinates":[[139.7372302,35.7089767],[139.7387429,35.7087562]]}},{"type":"Feature","properties":{"name":"荒川","name:en":"Arakawa River","kind":"river"},"geometry":{"type":"LineString","coordinates":[[139.842841,35.7190151],[139.8449681,35.7168863],[139.8458613,35.7159924],[139.8485318,35.7133195],[139.8500484,35.7118015],[139.8509789,35.7108702],[139.8534036,35.7079281],[139.8547807,35.705611],[139.855638,35.7039378],[139.8557715,35.7036772],[139.8563072,35.7023221],[139.8564398,35.7019865],[139.8567104,35.7009176],[139.8570735,35.6994828],[139.8571412,35.6986894],[139.8572666,35.69722],[139.8571402,35.695244],[139.8571163,35.6948701],[139.8568214,35.6939158],[139.8562806,35.6921656],[139.8556748,35.6902047],[139.8551818,35.6894773],[139.8536618,35.6872347],[139.8518021,35.6844906],[139.8499857,35.6818061]]}},{"type":"Feature","properties":{"name":"荒川","name:en":"Arakawa River","kind":"river"},"geometry":{"type":"LineString","coordinates":[[139.8499857,35.6818061],[139.8485458,35.6796536],[139.8480793,35.6782469],[139.8477144,35.6771468],[139.8470187,35.6750491],[139.8470007,35.6747612],[139.8469781,35.6743795],[139.8467792,35.671325],[139.8466126,35.6692874],[139.846311,35.6656002],[139.8457472,35.658694],[139.8460038,35.6572112],[139.8464289,35.6547771],[139.8464987,35.6543758]]}},{"type":"Feature","properties":{"name":"荒川","name:en":"Ara River","kind":"river"},"geometry":{"type":"LineString","coordinates":[[139.8203015,35.743505],[139.8239568,35.7376543],[139.8253715,35.7354507],[139.8282182,35.7326414],[139.8290167,35.7319337],[139.8314843,35.7297468],[139.8343224,35.7270412],[139.8369225,35.7245623],[139.8404415,35.7212073],[139.8405935,35.7210624],[139.8423787,35.7194767],[139.842841,35.7190151]]}},{"type":"Feature","properties":{"name":"荒川","name:en":"Arakawa River","kind":"river"},"geometry":{"type":"LineString","coordinates":[[139.8182054,35.7472367],[139.8201805,35.7437205],[139.8203015,35.743505]]}},{"type":"Feature","properties":{"name":"荒川","name:en":"Arakawa River","kind":"river"},"geometry":{"type":"LineString","coordinates":[[139.8171937,35.7488868],[139.8174838,35.7485213],[139.8182054,35.7472367]]}},{"type":"Feature","properties":{"name":"荒川","name:en":"Arakawa River","kind":"river"},"geometry":{"type":"LineString","coordinates":[[139.8059418,35.7584674],[139.808438,35.7574626],[139.8090202,35.7570416],[139.8110285,35.7555893],[139.8122989,35.7545347],[139.8135857,35.7533738],[139.8143875,35.7524229],[139.8149361,35.7517316]]}},{"type":"Feature","properties":{"name":"神田川","name:en":"Kanda River","kind":"river"},"geometry":{"type":"LineString","coordinates":[[139.7622715,35.7012388],[139.76237,35.7011671],[139.7625722,35.7009804],[139.7627925,35.7007111],[139.7629786,35.7005214],[139.7631897,35.7003783],[139.7634573,35.700263],[139.7647483,35.6999753],[139.7649951,35.6999092]]}},{"type":"Feature","properties":{"name":"神田川","name:en":"Kanda River","kind":"river"},"geometry":{"type":"LineString","coordinates":[[139.7617922,35.7014705],[139.7618951,35.7014421],[139.7621688,35.7013137],[139.7622715,35.7012388]]}},{"type":"Feature","properties":{"name":"神田川","name:en":"Kanda River","kind":"river"},"geometry":{"type":"LineString","coordinates":[[139.7566652,35.7017695],[139.7574423,35.701602],[139.7578746,35.7015754],[139.7585916,35.7015847]]}},{"type":"Feature","properties":{"name":"神田川","name:en":"Kanda River","kind":"river"},"geometry":{"type":"LineString","coordinates":[[139.755376,35.7020474],[139.7566652,35.7017695]]}},{"type":"Feature","properties":{"name":"神田川","name:en":"Kanda River","kind":"river"},"geometry":{"type":"LineString","coordinates":[[139.7433003,35.7077771],[139.7433518,35.7077216],[139.7434202,35.7075772],[139.7436583,35.7067859],[139.7444054,35.7041887]]}},{"type":"Feature","properties":{"name":"神田川","name:en":"Kanda River","kind":"river"},"geometry":{"type":"LineString","coordinates":[[139.7397389,35.708611],[139.7406078,35.7084844]]}},{"type":"Feature","properties":{"name":"神田川","name:en":"Kanda River","kind":"river"},"geometry":{"type":"LineString","coordinates":[[139.7314768,35.7106528],[139.7318265,35.7106015],[139.7323457,35.7103762],[139.7332831,35.7099703],[139.7343239,35.7095607],[139.7348723,35.7093812],[139.7351665,35.7093131],[139.7355472,35.7092327]]}},{"type":"Feature","properties":{"name":"隅田川","name:en":"Sumida River","kind":"river"},"geometry":{"type":"LineString","coordinates":[[139.7735197,35.6614449],[139.7734591,35.6613994],[139.7712363,35.6597308],[139.76998,35.6587876],[139.7680968,35.6573738],[139.7674826,35.6569126]]}},{"type":"Feature","properties":{"name":"隅田川","name:en":"Sumida River","kind":"river"},"geometry":{"type":"LineString","coordinates":[[139.7888965,35.6948029],[139.7888134,35.6938532],[139.7887254,35.6928464],[139.7889028,35.6920556],[139.7889666,35.6917712],[139.7889815,35.6917045],[139.789047,35.6914124],[139.7893145,35.6909584],[139.7901876,35.6894767],[139.790471,35.6892126],[139.7919976,35.6877896],[139.79216,35.6874874],[139.7928966,35.6861162],[139.7929436,35.6860287],[139.7929853,35.685951]]}},{"type":"Feature","properties":{"name":"隅田川","name:en":"Sumida River","kind":"river"},"geometry":{"type":"LineString","coordinates":[[139.8008684,35.7387336],[139.8013361,35.73871],[139.8023304,35.7386597],[139.8037677,35.7389471],[139.8090682,35.7408699],[139.8110721,35.7412124],[139.8111757,35.7412301],[139.8130138,35.7408571],[139.8140993,35.740259],[139.8144644,35.7394536]]}},{"type":"Feature","properties":{"name":"隅田川","name:en":"Sumida River","kind":"river"},"geometry":{"type":"LineString","coordinates":[[139.7530251,35.7619239],[139.7493718,35.7601398],[139.7488273,35.7598739],[139.7487616,35.7597997],[139.7482131,35.7591803],[139.7482293,35.7588353],[139.7482575,35.7582349],[139.7484635,35.7578789]]}},{"type":"Feature","properties":{"name":"隅田川","name:en":"Sumida River","kind":"river"},"geometry":{"type":"LineString","coordinates":[[139.7544841,35.7627849],[139.7530251,35.7619239]]}},{"type":"Feature","properties":{"name":"多摩川","name:en":"Tama River","kind":"river"},"geometry":{"type":"LineString","coordinates":[[139.6308817,35.6070979],[139.6312043,35.6069183],[139.6313515,35.6068226],[139.6316575,35.606563],[139.6319622,35.6064053],[139.6330843,35.6057454],[139.634618,35.6046713],[139.6349466,35.6043707],[139.6347075,35.6034902]]}}]}