{"type":"FeatureCollection","features":[{"type":"Feature","properties":{"name":"杉並区","name:en":"Suginami"},"geometry":{"type":"Polygon","coordinates":[[[139.5944792,35.7037571],[139.5944471,35.7036894],[139.594371,35.703526],[139.5943312,35.7034936],[139.5941456,35.7032225],[139.5939951,35.7029644],[139.5937433,35.7024821],[139.5935821,35.7021763],[139.5933017,35.7016731],[139.593128,35.7013592],[139.5928942,35.7009293],[139.5928493,35.7008571],[139.59276,35.7009017],[139.5926818,35.7007335],[139.5925256,35.7003821],[139.5924137,35.7001254],[139.5922735,35.6998032],[139.5922063,35.6996544],[139.5919992,35.6992215],[139.5918881,35.6989408],[139.5917438,35.6985851],[139.5915182,35.6980318],[139.5914384,35.6978432],[139.5913697,35.6977132],[139.5912299,35.6974034],[139.5910318,35.6969447],[139.5908698,35.6965866],[139.590816,35.6964607],[139.5906946,35.6961473],[139.5905415,35.6957892],[139.5903657,35.6954128],[139.5902035,35.6950474],[139.5901131,35.6948193],[139.5898334,35.6949234],[139.5893851,35.6951085],[139.5890694,35.6952399],[139.5888638,35.6953362],[139.5885763,35.6954604],[139.5882998,35.6955491],[139.5881439,35.6955975],[139.5877687,35.6952082],[139.5872811,35.694707],[139.5870626,35.6944485],[139.586895,35.6942897],[139.58681,35.69421],[139.5867659,35.6941626],[139.5867528,35.6941284],[139.5871928,35.6937232],[139.5875758,35.6935951],[139.5877555,35.693404],[139.5879555,35.6931994],[139.5883018,35.6930171],[139.5884868,35.6929543],[139.5887827,35.6928548],[139.5890712,35.6927571],[139.5896664,35.6925204],[139.5898668,35.6924221],[139.5899267,35.6923758],[139.5900846,35.692174],[139.5902176,35.6921087],[139.5906462,35.6918909],[139.5909776,35.691702],[139.5912793,35.6914928],[139.5914378,35.6912975],[139.5915054,35.6911449],[139.591705,35.6910131],[139.591891,35.690881],[139.5920136,35.6908342],[139.5922493,35.6906891],[139.5924303,35.6905167],[139.592392,35.6903769],[139.5925637,35.6902223],[139.5928067,35.6900073],[139.592999,35.6898456],[139.5933648,35.6895448],[139.5935448,35.689377],[139.5934084,35.6892768],[139.5936707,35.6890057],[139.5938409,35.6888351],[139.5937762,35.6887865],[139.5936429,35.688692],[139.5933209,35.6888824],[139.5932089,35.6889907],[139.5931291,35.689064],[139.5929889,35.6889999],[139.5928229,35.6889991],[139.5928394,35.6888613],[139.5928791,35.6887357],[139.5928798,35.6885461],[139.5929252,35.6883399],[139.5930472,35.68827],[139.5929633,35.6881503],[139.5928611,35.6880113],[139.5927942,35.6880155],[139.5927002,35.6880183],[139.592512,35.687984],[139.5923215,35.6879419],[139.5921724,35.6879102],[139.5919963,35.6878728],[139.5917933,35.6877815],[139.5915589,35.6876794],[139.591199,35.6874385],[139.5908836,35.6871716],[139.5906332,35.6869542],[139.5905515,35.686885],[139.5908853,35.6866624],[139.5910562,35.6865472],[139.5913067,35.6863775],[139.5915187,35.6862208],[139.5917093,35.6860471],[139.5917493,35.6860079],[139.5916401,35.6857858],[139.5914687,35.685759],[139.5913517,35.6857407],[139.5914939,35.6854255],[139.5919165,35.6853101],[139.5925422,35.6851472],[139.5924146,35.6848262],[139.5925551,35.6847682],[139.5923894,35.6844765],[139.5922062,35.6845423],[139.5920784,35.6842798],[139.592203,35.6842002],[139.5922982,35.684109],[139.5925031,35.6838964],[139.5926302,35.6837337],[139.5928438,35.6834716],[139.593023,35.6833103],[139.5930384,35.6832183],[139.5928431,35.6829309],[139.5936024,35.6825088],[139.5939106,35.6823752],[139.5939421,35.6823557],[139.5939609,35.6823086],[139.594175,35.6823312],[139.5944504,35.6823552],[139.594542,35.6823567],[139.5947366,35.6823415],[139.5950116,35.6823143],[139.5953865,35.6822798],[139.5955457,35.6822643],[139.595765,35.6822465],[139.5959621,35.6822299],[139.5961343,35.6822101],[139.5964161,35.6821912],[139.5966702,35.6821745],[139.597092,35.6821445],[139.5975301,35.6820819],[139.59786,35.6820333],[139.5981771,35.6819872],[139.5984679,35.6819378],[139.5987509,35.681892],[139.5991054,35.6818114],[139.5994065,35.6817376],[139.5998025,35.6816357],[139.6001708,35.6815403],[139.6005075,35.6814445],[139.6009666,35.6813092],[139.6015809,35.6811123],[139.6018304,35.6810393],[139.6020415,35.6809745],[139.6025539,35.6808113],[139.6029571,35.6806544],[139.6030787,35.6805859],[139.6031519,35.6805179],[139.6032528,35.6803826],[139.6033289,35.6803264],[139.6033909,35.6802615],[139.603505,35.6801419],[139.6037422,35.6799648],[139.6043218,35.6795607],[139.6047302,35.6792738],[139.6050117,35.6790849],[139.6050989,35.6790157],[139.6054005,35.6788161],[139.6054712,35.6787468],[139.6056044,35.6785689],[139.6056457,35.6785142],[139.6056963,35.6784653],[139.6060485,35.6781999],[139.606342,35.6779799],[139.6063965,35.6779296],[139.6066482,35.6776901],[139.6068183,35.6775488],[139.6068844,35.6774517],[139.6070978,35.6771372],[139.607186,35.6769788],[139.6072786,35.6767919],[139.6073923,35.6764791],[139.6074075,35.6764016],[139.6074522,35.6762083],[139.6074688,35.6761092],[139.6074854,35.6760155],[139.6077346,35.6760389],[139.6076958,35.6762368],[139.607663,35.6763527],[139.607784,35.67637],[139.607831,35.676376],[139.607891,35.676381],[139.6079592,35.6763898],[139.6080847,35.676403],[139.6082218,35.6764168],[139.6083631,35.676426],[139.6084887,35.676434],[139.6084864,35.6762306],[139.6084913,35.6761253],[139.6086654,35.6761129],[139.6087592,35.6759171],[139.6088233,35.6757851],[139.608883,35.6756897],[139.6088967,35.6756428],[139.6089533,35.6754723],[139.6090144,35.6753269],[139.6091427,35.6750689],[139.6091501,35.6748872],[139.6088462,35.6748848],[139.6088791,35.6746844],[139.6091312,35.6747036],[139.6092942,35.6747168],[139.6093125,35.6744692],[139.6093563,35.6739894],[139.6089106,35.6739875],[139.6089205,35.6737561],[139.6089381,35.67359],[139.6089847,35.6731455],[139.6090082,35.6729065],[139.6089893,35.6728359],[139.6089844,35.6726912],[139.6089875,35.6725123],[139.6089713,35.672005],[139.6089666,35.6717406],[139.6089827,35.6715277],[139.6090396,35.6709987],[139.6090705,35.6707017],[139.6090947,35.6706309],[139.6091489,35.6704726],[139.6091858,35.6703492],[139.6091984,35.6702117],[139.6092944,35.6702386],[139.6094245,35.6702434],[139.6094179,35.6703245],[139.6093937,35.6705252],[139.6093756,35.6706729],[139.609642,35.6706865],[139.6100123,35.6707171],[139.6101956,35.6707503],[139.6106181,35.67086],[139.6106578,35.6705352],[139.6111329,35.6704961],[139.6114201,35.670466],[139.6114247,35.6703056],[139.6112525,35.6702654],[139.6113065,35.6699802],[139.6114291,35.6700173],[139.611566,35.6700544],[139.6118505,35.6701203],[139.6122201,35.6702146],[139.6124904,35.6702828],[139.6134454,35.6704978],[139.6134564,35.67063],[139.6136266,35.6706232],[139.6136738,35.6704907],[139.6136912,35.6702925],[139.6137653,35.6700854],[139.613894,35.6698978],[139.6139973,35.6697831],[139.6142211,35.6695217],[139.6143173,35.6694496],[139.6145039,35.6693171],[139.6146689,35.6692038],[139.6147653,35.6691546],[139.6150919,35.6692515],[139.6152334,35.6693244],[139.6153574,35.6694225],[139.6154592,35.66952],[139.6155417,35.6695777],[139.6156105,35.6695748],[139.6157147,35.6695749],[139.6156892,35.6695181],[139.6156318,35.6694085],[139.6154372,35.669247],[139.6152955,35.6690851],[139.6153543,35.6690151],[139.6154416,35.6690579],[139.6155812,35.6691517],[139.6157695,35.6691642],[139.6159418,35.6691625],[139.6159746,35.6692794],[139.6160208,35.6693564],[139.6161208,35.6695003],[139.6162154,35.6696669],[139.6164739,35.6698829],[139.6164371,35.6700903],[139.6164284,35.6702462],[139.6164184,35.6704051],[139.6164216,35.6706576],[139.6164622,35.6712061],[139.6164938,35.6715409],[139.6166211,35.6715246],[139.6166333,35.6716767],[139.6166445,35.6719095],[139.6166608,35.6722482],[139.6166764,35.6725498],[139.6160486,35.672602],[139.6158466,35.6726281],[139.615687,35.6726394],[139.6153016,35.6726803],[139.6149531,35.6727185],[139.6143474,35.6727583],[139.613433,35.6727981],[139.6135067,35.6737391],[139.6133939,35.673782],[139.6133443,35.6738783],[139.6131252,35.6739922],[139.6130533,35.6740694],[139.6130023,35.6741495],[139.6128792,35.6742495],[139.6126877,35.6743113],[139.6123029,35.6744245],[139.6120381,35.674506],[139.6118691,35.6745788],[139.6117773,35.6746329],[139.611489,35.6748977],[139.6113997,35.6750006],[139.6111813,35.675287],[139.611024,35.6754903],[139.6109057,35.6756463],[139.6108056,35.6757755],[139.6106975,35.6759132],[139.6105695,35.6760821],[139.6104365,35.6762545],[139.6103091,35.6764138],[139.6102364,35.6764981],[139.6103907,35.6765149],[139.6105449,35.6765119],[139.6107124,35.6765088],[139.6107739,35.6764963],[139.6109584,35.6764506],[139.6113397,35.6763502],[139.611917,35.6761888],[139.6119436,35.6760264],[139.6119057,35.6756221],[139.6119195,35.6754699],[139.612244,35.6754621],[139.6122674,35.6755301],[139.6124316,35.6758793],[139.6124983,35.67603],[139.6126164,35.6759982],[139.6127865,35.6758097],[139.6129425,35.6757172],[139.6131556,35.6755956],[139.6132742,35.6755148],[139.6132873,35.6754213],[139.6138252,35.6753618],[139.6138886,35.6753301],[139.6139508,35.6752989],[139.6140995,35.675243],[139.6146316,35.6750309],[139.6149482,35.6749011],[139.6152125,35.6748134],[139.615452,35.6747323],[139.6157359,35.6746364],[139.6160804,35.6745245],[139.6163554,35.6744591],[139.6166452,35.6743662],[139.6168931,35.6742915],[139.6171335,35.6742252],[139.6174323,35.6741633],[139.6175776,35.6741178],[139.6180533,35.6739523],[139.6183393,35.6738571],[139.6187314,35.6737198],[139.6189078,35.6736611],[139.6190968,35.6735987],[139.6195082,35.6734623],[139.6198271,35.6733413],[139.6202589,35.6731772],[139.6205614,35.6730582],[139.6209777,35.6728854],[139.621146,35.6728058],[139.6214754,35.6726437],[139.6216656,35.6725144],[139.6219441,35.672341],[139.6221442,35.6722301],[139.6224269,35.6721035],[139.6231706,35.6714869],[139.6231657,35.6713161],[139.6231608,35.6709851],[139.6231585,35.6707253],[139.6231571,35.6706092],[139.6235315,35.670559],[139.62362,35.6705458],[139.6239319,35.670491],[139.6242762,35.670432],[139.6245525,35.670387],[139.624791,35.6703482],[139.6248165,35.6700478],[139.624823,35.669877],[139.6248392,35.669641],[139.6248512,35.6694927],[139.6248682,35.6692589],[139.6250468,35.6692351],[139.6253561,35.6692121],[139.6255345,35.6691993],[139.6260265,35.6691583],[139.6267286,35.6690959],[139.6271238,35.6690663],[139.6275451,35.6690083],[139.6279551,35.6689534],[139.6285764,35.6688766],[139.6289489,35.668829],[139.6291483,35.6688062],[139.6292849,35.6687941],[139.6295714,35.6687563],[139.6299247,35.668698],[139.6306209,35.6685794],[139.6310405,35.6685071],[139.6315487,35.6684169],[139.6322944,35.6682846],[139.6325103,35.6682429],[139.6326982,35.6682149],[139.6327117,35.6682089],[139.6328827,35.668139],[139.6330753,35.6680486],[139.6333627,35.6679411],[139.6336043,35.6678997],[139.63389,35.6678312],[139.6341999,35.6677413],[139.6345537,35.6676247],[139.6349849,35.6674489],[139.6353322,35.6673009],[139.6356825,35.6671505],[139.6358715,35.6670699],[139.6360413,35.6670077],[139.6360769,35.666993],[139.6365479,35.6667983],[139.6369612,35.6666796],[139.6368983,35.6665098],[139.6368508,35.6662671],[139.6368386,35.6661157],[139.6368935,35.6661152],[139.637051,35.6660829],[139.6374416,35.6660144],[139.6376877,35.6659676],[139.6378663,35.6659507],[139.6380933,35.66593],[139.6383038,35.665932],[139.6385234,35.6659441],[139.6387345,35.6659573],[139.6388815,35.6659392],[139.638994,35.6659258],[139.6391145,35.6659114],[139.6393475,35.6658826],[139.6395166,35.66594],[139.6398095,35.6660769],[139.6400761,35.6661918],[139.6402954,35.6662859],[139.6403358,35.6662983],[139.6405135,35.6663527],[139.6406892,35.6664242],[139.640968,35.6665075],[139.6415011,35.6666819],[139.6414632,35.6670627],[139.6413671,35.6675444],[139.6414416,35.6675523],[139.6416102,35.6675705],[139.6418141,35.6675926],[139.6421352,35.6676327],[139.6425559,35.6676948],[139.642854,35.6677361],[139.6432281,35.6677887],[139.6435419,35.6678272],[139.6438862,35.6678736],[139.6442971,35.6679258],[139.6447171,35.6679882],[139.6448236,35.6680019],[139.6449973,35.6680242],[139.6452583,35.6680746],[139.6455064,35.668127],[139.6457593,35.6681965],[139.6460924,35.6682992],[139.6463473,35.6683808],[139.646555,35.6684574],[139.6468124,35.6685392],[139.6472902,35.6687141],[139.6475135,35.6688035],[139.6477271,35.668902],[139.647939,35.6690082],[139.6481801,35.6691315],[139.6483686,35.6692439],[139.6485694,35.6693568],[139.64888,35.6695432],[139.6490768,35.6696626],[139.6492982,35.6697875],[139.6495561,35.6699272],[139.649806,35.6700329],[139.6500163,35.6701116],[139.6501967,35.6701681],[139.6504899,35.6702446],[139.6507145,35.670291],[139.6510308,35.6703429],[139.6512904,35.6703841],[139.6515545,35.6704233],[139.6519216,35.6704846],[139.6522916,35.670545],[139.6526091,35.6705925],[139.6529133,35.670641],[139.6532669,35.6706834],[139.6536132,35.6707141],[139.6538909,35.6707351],[139.6541642,35.6707576],[139.6545615,35.6707974],[139.6548493,35.6708448],[139.6551332,35.6709029],[139.6554705,35.6710088],[139.6559226,35.6711748],[139.6563188,35.6713259],[139.6565608,35.6714187],[139.6568821,35.6715418],[139.6570926,35.671618],[139.6572408,35.6716716],[139.6576709,35.6717991],[139.6583102,35.6719619],[139.6591698,35.6721879],[139.6598144,35.6723428],[139.6605179,35.6725217],[139.6606768,35.672564],[139.6610027,35.6726508],[139.6615191,35.6727799],[139.6615254,35.6728909],[139.6614678,35.6730699],[139.6615317,35.6732055],[139.6615783,35.6732816],[139.6616541,35.6733813],[139.6617086,35.6734523],[139.6617396,35.673491],[139.6617805,35.6735899],[139.661811,35.6736601],[139.6618185,35.6736651],[139.6617562,35.6738311],[139.6617136,35.6739855],[139.6616865,35.6741146],[139.661673,35.6742153],[139.6615103,35.674371],[139.6614369,35.6744447],[139.6614035,35.6744877],[139.6614095,35.6745306],[139.6613861,35.6745616],[139.6613778,35.6746041],[139.6615957,35.6748178],[139.6616818,35.674964],[139.6617348,35.6751685],[139.6617527,35.6751843],[139.6617704,35.675213],[139.6618025,35.6752729],[139.6618277,35.6753252],[139.6617867,35.6754641],[139.6617849,35.675539],[139.6617927,35.6755677],[139.6618246,35.6755919],[139.6618589,35.675614],[139.6618822,35.6756728],[139.6621912,35.6757845],[139.6623341,35.675838],[139.6625097,35.6759072],[139.6626927,35.6759773],[139.662847,35.676039],[139.6630313,35.6761187],[139.6631825,35.6761694],[139.6632928,35.6762055],[139.6634195,35.6762478],[139.6634928,35.6762851],[139.6637331,35.6764136],[139.66385,35.6764762],[139.6639653,35.6765326],[139.6640269,35.6765608],[139.6639189,35.6767693],[139.6638523,35.676922],[139.6637817,35.6771127],[139.663718,35.6772744],[139.6635229,35.6772128],[139.6634894,35.6773229],[139.6634597,35.6774326],[139.663415,35.6776045],[139.6634074,35.6777288],[139.6634029,35.6778649],[139.663399,35.6779926],[139.6636255,35.6779276],[139.6638475,35.677879],[139.6640694,35.6778246],[139.6643338,35.6777745],[139.6644921,35.6777544],[139.6645846,35.6777468],[139.6645838,35.6779729],[139.6647634,35.6779758],[139.664772,35.6783241],[139.6647927,35.6785754],[139.6648009,35.6788348],[139.6648033,35.6789244],[139.664626,35.6789264],[139.664415,35.6789283],[139.6642128,35.6789203],[139.6640678,35.6789141],[139.6639183,35.6788912],[139.6638366,35.6788631],[139.6638928,35.6790897],[139.6639263,35.6791897],[139.6639842,35.6793448],[139.6640146,35.6794346],[139.6639982,35.6794981],[139.6639133,35.6796097],[139.6637117,35.6795846],[139.6635229,35.6795853],[139.6631997,35.6795881],[139.6630424,35.6795689],[139.6629061,35.6795282],[139.6627,35.6796109],[139.6625476,35.6795577],[139.6625145,35.6796037],[139.6624083,35.6797187],[139.6622996,35.6797942],[139.6621451,35.6798291],[139.6620316,35.6798225],[139.6618564,35.6800629],[139.6617265,35.6801893],[139.6617016,35.6802766],[139.6616886,35.6803609],[139.661063,35.6801866],[139.6607332,35.6800816],[139.6606196,35.6800725],[139.6600823,35.6798668],[139.6598443,35.6798011],[139.6597914,35.6798024],[139.659682,35.679846],[139.6594877,35.679927],[139.6594429,35.679991],[139.6594188,35.6800562],[139.6594823,35.6800683],[139.6595862,35.6800737],[139.6596129,35.6801128],[139.659664,35.68016],[139.659671,35.680233],[139.659674,35.680271],[139.6596782,35.6803292],[139.659727,35.6803661],[139.659775,35.6803591],[139.6600098,35.6804735],[139.6602426,35.6807625],[139.6603385,35.6808185],[139.6604377,35.6808698],[139.6605797,35.681086],[139.6606238,35.6811482],[139.6604977,35.6811964],[139.6603747,35.6812483],[139.6602405,35.6812953],[139.6600643,35.6813452],[139.6601525,35.6816876],[139.6599184,35.6817594],[139.6600176,35.6820659],[139.6598664,35.6821111],[139.6596267,35.6821706],[139.6593743,35.68221],[139.6593761,35.6824718],[139.6593767,35.6827386],[139.6593767,35.6829565],[139.6593783,35.6831901],[139.6592794,35.6831893],[139.6594671,35.6834936],[139.6595556,35.6836563],[139.6599552,35.6836415],[139.6600543,35.6838674],[139.6601626,35.6841155],[139.6605266,35.6842191],[139.6603817,35.6845408],[139.6601904,35.6849169],[139.6598586,35.684773],[139.6597771,35.6849709],[139.6597845,35.6851158],[139.6593997,35.6851523],[139.6595128,35.6855382],[139.6595384,35.6857382],[139.6594422,35.685792],[139.659394,35.6858468],[139.6593816,35.6858837],[139.6593778,35.6859709],[139.6593543,35.6860189],[139.659265,35.6860481],[139.6592288,35.6860714],[139.6591861,35.6865277],[139.6591774,35.6866384],[139.6591731,35.6866948],[139.659763,35.686708],[139.660542,35.686741],[139.660804,35.686759],[139.660932,35.686774],[139.661002,35.686795],[139.661224,35.686862],[139.661401,35.686927],[139.661478,35.686961],[139.661746,35.687097],[139.6618732,35.6871715],[139.661891,35.687182],[139.662012,35.687253],[139.662239,35.687353],[139.662402,35.687435],[139.662669,35.687589],[139.663078,35.687818],[139.663178,35.687883],[139.663453,35.688062],[139.6635282,35.6881269],[139.663649,35.688337],[139.663752,35.68856],[139.663783,35.688692],[139.66382,35.688801],[139.663834,35.688836],[139.66387,35.688917],[139.663936,35.689004],[139.664113,35.689199],[139.664428,35.689369],[139.664724,35.689514],[139.664941,35.689637],[139.665181,35.689773],[139.665515,35.689956],[139.665703,35.690074],[139.666405,35.690425],[139.666574,35.690592],[139.666766,35.690781],[139.6668681,35.6908834],[139.6670006,35.6909491],[139.6669317,35.6911817],[139.667131,35.6912311],[139.6673676,35.6912794],[139.6676943,35.6913527],[139.6677991,35.6913697],[139.6676878,35.6918652],[139.6675712,35.6918468],[139.6675245,35.6918399],[139.6675211,35.6918689],[139.667471,35.692063],[139.66746,35.692123],[139.667454,35.692151],[139.667446,35.692192],[139.667391,35.692475],[139.6673424,35.6926163],[139.6673096,35.6927353],[139.6672979,35.6928039],[139.6673479,35.6928513],[139.6673013,35.693166],[139.667361,35.69354],[139.667398,35.6936],[139.6673988,35.6936266],[139.6673502,35.6937297],[139.6672277,35.6936737],[139.6671116,35.6936209],[139.6669231,35.6935355],[139.6668061,35.6934895],[139.6667391,35.6934789],[139.6665225,35.693828],[139.6664737,35.6938437],[139.6664182,35.693934],[139.6663903,35.6939969],[139.6663255,35.6941308],[139.6662813,35.6942036],[139.6661902,35.6943351],[139.6661201,35.6944348],[139.6660653,35.694526],[139.6660086,35.694622],[139.6659039,35.6947834],[139.6658466,35.6947629],[139.6657784,35.6947406],[139.6656595,35.6947077],[139.6654319,35.6946434],[139.6651007,35.6951622],[139.6649694,35.6953646],[139.6647719,35.6953106],[139.6647011,35.6953973],[139.6645967,35.69548],[139.6645248,35.6954288],[139.664429,35.6953875],[139.6643309,35.6953537],[139.6640457,35.6953505],[139.6639281,35.695349],[139.6637452,35.6953325],[139.6636165,35.695315],[139.6634339,35.6952897],[139.6631415,35.6952546],[139.6629253,35.6952408],[139.6627718,35.6952366],[139.6626158,35.6952366],[139.6624375,35.6952377],[139.6622877,35.6952154],[139.6621037,35.6951881],[139.6618541,35.6951478],[139.6616327,35.6951099],[139.661504,35.6950775],[139.6614463,35.6950608],[139.6612952,35.6949895],[139.6610542,35.6948541],[139.6609722,35.6947998],[139.6609071,35.6951542],[139.6608414,35.6954551],[139.6607234,35.6957331],[139.6606495,35.6958885],[139.6605939,35.696],[139.6605437,35.6961043],[139.6604466,35.6963185],[139.6603764,35.6964599],[139.6605937,35.6964967],[139.6608095,35.6965284],[139.661003,35.6965526],[139.6610718,35.6965627],[139.6610499,35.6966999],[139.6610361,35.6967646],[139.6610119,35.6969054],[139.6610148,35.6970097],[139.6610122,35.6972051],[139.6613069,35.6971412],[139.6615508,35.697087],[139.6617837,35.6970338],[139.6619325,35.6970044],[139.6619697,35.6972552],[139.6619694,35.6974881],[139.6619693,35.6975436],[139.6619717,35.6976262],[139.6620035,35.697703],[139.6620398,35.6978078],[139.6621067,35.6980557],[139.662274,35.6981461],[139.662409,35.6984589],[139.6623905,35.6988403],[139.6622685,35.6990646],[139.662188,35.6992223],[139.6621527,35.6993178],[139.6618232,35.6993189],[139.6618614,35.699541],[139.661936,35.699659],[139.6619674,35.6997514],[139.6619874,35.6997935],[139.6619934,35.6999808],[139.661985,35.7000098],[139.6617615,35.7000968],[139.6617767,35.7002531],[139.66148,35.7002376],[139.6614888,35.7004173],[139.6614941,35.7005822],[139.6615642,35.7006784],[139.6615679,35.700808],[139.661545,35.7009638],[139.661524,35.7011886],[139.6614364,35.7012585],[139.6613591,35.70136],[139.6612427,35.7014059],[139.6611373,35.7014419],[139.6609747,35.7014231],[139.6608207,35.7013755],[139.6607334,35.7013764],[139.6607399,35.7014297],[139.660771,35.7014983],[139.6608522,35.7015872],[139.6608658,35.7017056],[139.6608888,35.7018202],[139.6609485,35.7019922],[139.6609928,35.7021534],[139.66102,35.7022627],[139.6610321,35.7023269],[139.6610606,35.7023564],[139.6611191,35.702449],[139.6611755,35.7025419],[139.6611479,35.7027967],[139.6611238,35.7030311],[139.6611079,35.7031843],[139.6610987,35.7033342],[139.6610848,35.7035565],[139.6610733,35.7037828],[139.6610552,35.7040251],[139.6610379,35.7043506],[139.6610145,35.7048109],[139.6608233,35.7048409],[139.6606369,35.7048701],[139.6603023,35.7049044],[139.6594729,35.705013],[139.6592487,35.7050369],[139.6588137,35.7050997],[139.6585584,35.7051329],[139.6584221,35.7051497],[139.6582184,35.7051741],[139.6580463,35.7051941],[139.6581,35.705299],[139.6581519,35.7054033],[139.6581792,35.7054464],[139.6581812,35.7054577],[139.6581898,35.7056092],[139.6581946,35.7056847],[139.6582051,35.7057078],[139.6581453,35.7064538],[139.6580692,35.7072957],[139.6580494,35.7076705],[139.6580767,35.7077317],[139.6580196,35.7083611],[139.6580006,35.7086185],[139.657954,35.7091729],[139.657949,35.709244],[139.6574858,35.7092242],[139.6568121,35.7091953],[139.6562859,35.7091721],[139.6562798,35.7092864],[139.6560659,35.7092889],[139.6560748,35.7091627],[139.6560003,35.7091048],[139.6558899,35.7091037],[139.655886,35.7091602],[139.6557912,35.7091607],[139.6557169,35.7091439],[139.6555156,35.7091504],[139.6552853,35.7091575],[139.6551972,35.7092333],[139.6551616,35.7092345],[139.6551705,35.7090953],[139.6550463,35.709114],[139.6547571,35.7091115],[139.6543912,35.7091054],[139.6543029,35.7091039],[139.6541519,35.7091008],[139.6541291,35.7092931],[139.6539883,35.7092817],[139.6533459,35.709209],[139.6525262,35.7091233],[139.6522237,35.70908],[139.6518379,35.7090308],[139.6516238,35.7089994],[139.6516144,35.7090176],[139.6514935,35.7090101],[139.6514875,35.7089797],[139.6512897,35.7089552],[139.6512708,35.7090631],[139.65099,35.709031],[139.6509483,35.7092147],[139.650917,35.7094389],[139.6507962,35.7094524],[139.6503907,35.7095637],[139.6502334,35.7096073],[139.6500684,35.7096529],[139.6499474,35.7096852],[139.6497069,35.7097505],[139.6492561,35.7098541],[139.6488819,35.7099404],[139.6486157,35.710008],[139.6482563,35.7101175],[139.6479979,35.7101977],[139.6478252,35.7102514],[139.6475221,35.7103466],[139.6473517,35.7104002],[139.647103,35.7104773],[139.6465928,35.7106309],[139.6461366,35.7107656],[139.6460035,35.7108035],[139.6459299,35.7108245],[139.6457078,35.7108861],[139.6451989,35.7110275],[139.644795,35.7111301],[139.6441989,35.7112996],[139.6437102,35.7114315],[139.6434986,35.7114918],[139.6433552,35.7115326],[139.6429054,35.7116596],[139.6427026,35.7117161],[139.6427086,35.7117775],[139.6425686,35.7118921],[139.6424356,35.7119904],[139.6423935,35.7120252],[139.6422649,35.712166],[139.6421651,35.7122763],[139.6420136,35.712369],[139.6417933,35.7125091],[139.6415256,35.7126793],[139.6414171,35.7127419],[139.6414419,35.7128735],[139.6415383,35.7133842],[139.6415624,35.7137574],[139.6415202,35.7142445],[139.6415051,35.7144819],[139.6415319,35.7146738],[139.6415624,35.7148984],[139.6413846,35.7149726],[139.6411982,35.7150444],[139.6408484,35.7151861],[139.6407218,35.7152371],[139.640324,35.7153533],[139.640102,35.7154189],[139.6399881,35.715449],[139.6395823,35.7155807],[139.6391269,35.7157062],[139.6388935,35.7157713],[139.6386389,35.7158432],[139.6382796,35.7159426],[139.6381542,35.7159788],[139.6379187,35.7161098],[139.6375942,35.7162917],[139.6373626,35.716472],[139.6372163,35.71652],[139.6370126,35.7165691],[139.6367795,35.7166018],[139.6366626,35.7166181],[139.6364177,35.716651],[139.6361553,35.7166851],[139.6359923,35.7167097],[139.6354676,35.7167601],[139.6350525,35.7168023],[139.6347551,35.7168324],[139.6345379,35.7168608],[139.6342539,35.7168965],[139.6339808,35.7169359],[139.6337523,35.7169626],[139.6333766,35.7170019],[139.6330247,35.7170361],[139.6326926,35.7170702],[139.6323088,35.7170992],[139.6322337,35.7171067],[139.6320318,35.7171012],[139.6320381,35.7172663],[139.6320143,35.7173635],[139.6318374,35.7174459],[139.6316568,35.7176905],[139.6315029,35.7178987],[139.6313255,35.7181043],[139.6313179,35.718116],[139.6312144,35.7182762],[139.6311119,35.7184347],[139.6311179,35.718529],[139.6311224,35.7186921],[139.631164,35.7189025],[139.6311758,35.7189354],[139.6313211,35.7191696],[139.631453,35.7193551],[139.6314864,35.7194072],[139.6315314,35.7195364],[139.6315871,35.7197017],[139.6316079,35.7197724],[139.6316019,35.7198444],[139.6315731,35.7199082],[139.6315068,35.7199728],[139.6310651,35.7203934],[139.630708,35.7206575],[139.6305666,35.7206054],[139.6304057,35.7208547],[139.6301087,35.7206426],[139.6300067,35.720629],[139.6295106,35.7203899],[139.6291118,35.7207368],[139.6287968,35.720972],[139.6287586,35.7210364],[139.6286674,35.7211746],[139.6285186,35.7213865],[139.6283701,35.7215979],[139.6282847,35.7217245],[139.6281357,35.7218747],[139.6281263,35.7219359],[139.6281169,35.721998],[139.6281018,35.7221908],[139.6280903,35.7222634],[139.6280641,35.7223946],[139.628037,35.7225328],[139.62795,35.7227309],[139.6278538,35.7229241],[139.6276685,35.7233018],[139.6276182,35.7234167],[139.6275698,35.7235541],[139.6275604,35.723594],[139.627551,35.7236335],[139.6275123,35.7236782],[139.6274363,35.723766],[139.6271929,35.7241006],[139.6270296,35.7243835],[139.6268514,35.724693],[139.6266695,35.7250237],[139.6265268,35.7252829],[139.6263257,35.7256521],[139.6261423,35.7259723],[139.6260469,35.7261523],[139.6259059,35.7264152],[139.6254991,35.7272142],[139.625437,35.7273338],[139.6253818,35.7274402],[139.6252511,35.7276713],[139.6250566,35.7280212],[139.624778,35.7285205],[139.6246227,35.7287662],[139.62437,35.7292715],[139.624329,35.729412],[139.6242862,35.7295451],[139.624272,35.7296402],[139.6243421,35.7298407],[139.6244626,35.7300865],[139.6241999,35.730138],[139.624034,35.7301616],[139.6236743,35.7301904],[139.6233039,35.7302373],[139.6227946,35.7303133],[139.6219397,35.7303901],[139.621853,35.730397],[139.621626,35.730413],[139.6213055,35.7304511],[139.6209793,35.7304315],[139.6207022,35.7303974],[139.6205426,35.7303858],[139.6203132,35.7303419],[139.6201021,35.7302911],[139.6199008,35.730246],[139.6200528,35.730827],[139.6202189,35.7314266],[139.6189962,35.7311939],[139.6183492,35.7310617],[139.6179001,35.7309278],[139.6171599,35.7306658],[139.61667,35.7304871],[139.6169975,35.7300255],[139.616968,35.7300196],[139.6167579,35.7299773],[139.6165489,35.7299393],[139.6163433,35.7298808],[139.6161177,35.729829],[139.6158871,35.7297684],[139.6157542,35.7298559],[139.6158879,35.7299374],[139.6157962,35.7300033],[139.6157063,35.7301859],[139.6151133,35.7300129],[139.6146446,35.7298854],[139.6145273,35.729846],[139.6139972,35.7296795],[139.6136163,35.7295633],[139.6132486,35.7294661],[139.6129412,35.72939],[139.6125966,35.7293177],[139.6123848,35.7292736],[139.612137,35.7292119],[139.6118349,35.7291273],[139.6109591,35.7288607],[139.6107674,35.7288034],[139.6102463,35.7286986],[139.6098236,35.7286209],[139.6095604,35.7285524],[139.6094011,35.7284951],[139.6092424,35.7284245],[139.6089794,35.7282983],[139.6087018,35.7281367],[139.6086635,35.7281141],[139.608269,35.7279502],[139.6079893,35.7278398],[139.6075938,35.7277004],[139.6072019,35.7275855],[139.607035,35.7275396],[139.6064789,35.7274062],[139.6059645,35.7272828],[139.6047441,35.7269805],[139.6043575,35.7268487],[139.604124,35.7267592],[139.6039398,35.7266812],[139.603532,35.7264659],[139.6034556,35.7264267],[139.6030373,35.7262492],[139.6026826,35.7261006],[139.6021408,35.7258764],[139.6018677,35.7257835],[139.6019519,35.7255608],[139.6020042,35.7253597],[139.6016992,35.7253672],[139.60144,35.7252782],[139.6012517,35.7251361],[139.6000362,35.7238904],[139.5998027,35.7237452],[139.5997032,35.7237125],[139.59933,35.723593],[139.599001,35.7234957],[139.5987465,35.7234193],[139.5986912,35.723398],[139.598624,35.7233693],[139.5985466,35.7233299],[139.5982608,35.7231851],[139.5975641,35.7228398],[139.5973494,35.7226692],[139.5971362,35.7224462],[139.5968384,35.7222304],[139.596734,35.7221651],[139.5966616,35.722152],[139.5965114,35.7221288],[139.5960062,35.7220575],[139.5957815,35.7220432],[139.5958056,35.7217417],[139.595831,35.7215549],[139.5955515,35.721081],[139.5952438,35.7205693],[139.5951991,35.7204692],[139.5950386,35.7201751],[139.5947676,35.7196589],[139.5944192,35.7189873],[139.5942775,35.718726],[139.5939389,35.7180942],[139.5938481,35.718085],[139.5936029,35.7180743],[139.5934911,35.7181325],[139.593111,35.718294],[139.5928912,35.7184003],[139.5927179,35.7185396],[139.5924838,35.7187095],[139.5922584,35.7189101],[139.5921178,35.7189759],[139.5915839,35.7193971],[139.5915509,35.7194966],[139.5913067,35.7196655],[139.5910486,35.7198445],[139.5908691,35.7199758],[139.5907202,35.720065],[139.5904678,35.72018],[139.5902531,35.7202722],[139.5898972,35.7202785],[139.5897339,35.7202746],[139.5894951,35.7202544],[139.5893864,35.7202433],[139.5888626,35.7201875],[139.5884574,35.7201204],[139.5881292,35.7200512],[139.5880522,35.7200225],[139.5876623,35.7199163],[139.5873953,35.7198289],[139.5871225,35.7197273],[139.5868456,35.7195882],[139.5867724,35.7195535],[139.5864457,35.7193287],[139.5862192,35.7191194],[139.5859847,35.7188857],[139.5858978,35.718798],[139.585707,35.718576],[139.5856374,35.718488],[139.585513,35.7183294],[139.585333,35.7181265],[139.5852849,35.7180522],[139.5851934,35.7178702],[139.5851775,35.7178051],[139.5851788,35.7176785],[139.5851576,35.7174343],[139.5851479,35.7173624],[139.5850878,35.716994],[139.5850982,35.7167237],[139.5851296,35.7164171],[139.5851803,35.7162505],[139.5851964,35.7162234],[139.5854424,35.7159404],[139.58555,35.7157473],[139.5856841,35.7154787],[139.5857384,35.7154067],[139.5861768,35.7148075],[139.5863567,35.7146012],[139.5864201,35.7145084],[139.5864758,35.714398],[139.5865844,35.7141651],[139.5866666,35.7139697],[139.5867982,35.7136495],[139.5868259,35.7135774],[139.5868823,35.7134105],[139.5869385,35.713248],[139.5869687,35.7130274],[139.5869726,35.7129987],[139.5870225,35.7126097],[139.5869481,35.7123902],[139.5868795,35.7121722],[139.586784,35.711881],[139.5867278,35.7117161],[139.5873717,35.7114637],[139.5875318,35.7113754],[139.5877063,35.7112382],[139.5888922,35.710367],[139.589218,35.7101449],[139.5899165,35.7097067],[139.5902606,35.7095282],[139.5908153,35.7091371],[139.591006,35.7089511],[139.5912949,35.7087034],[139.5918889,35.708194],[139.5922867,35.7078422],[139.5927246,35.7074551],[139.593035,35.7071833],[139.5932775,35.7069795],[139.5935843,35.706818],[139.5940576,35.7065758],[139.5946182,35.7062694],[139.5950068,35.7060359],[139.5952452,35.7058678],[139.5954924,35.7056757],[139.5953635,35.7054459],[139.5952521,35.7052358],[139.5951557,35.7050645],[139.5949879,35.7047654],[139.5946701,35.7041597],[139.5944792,35.7037571]]]}},{"type":"Feature","properties":{"name":"中野区","name:en":"Nakano"},"geometry":{"type":"Polygon","coordinates":[[[139.6866295,35.6963858],[139.6867394,35.6966154],[139.6868838,35.6968838],[139.6870334,35.6971716],[139.687138,35.6973273],[139.6872296,35.697464],[139.6873533,35.6976151],[139.6874472,35.6977301],[139.6875578,35.6978405],[139.6877806,35.6980595],[139.6878615,35.6981546],[139.68801,35.698332],[139.6881995,35.6986537],[139.6882339,35.6987541],[139.688305,35.6989571],[139.6883575,35.6991466],[139.6883663,35.6992456],[139.6883859,35.6994597],[139.6883833,35.6995472],[139.6883749,35.6998372],[139.6882746,35.7002198],[139.6882285,35.7003258],[139.6881063,35.7006026],[139.6879264,35.7008879],[139.6877106,35.7012247],[139.6875258,35.7015072],[139.6875021,35.7016071],[139.6874981,35.7016231],[139.6874583,35.7017825],[139.6874476,35.7018263],[139.6874338,35.7020397],[139.6874115,35.7024719],[139.6874046,35.7028253],[139.6874121,35.7029228],[139.6874734,35.703716],[139.6875167,35.7042646],[139.6875397,35.704369],[139.6876271,35.7047627],[139.6877047,35.7050197],[139.6878607,35.7055177],[139.6879788,35.7058492],[139.68804,35.7060571],[139.6880503,35.7060901],[139.6882599,35.7067643],[139.6883083,35.7069257],[139.6884553,35.7071757],[139.688613,35.7073491],[139.6888145,35.7074827],[139.6890772,35.7076206],[139.6893046,35.7077313],[139.6896051,35.7078766],[139.6899678,35.708057],[139.6903614,35.7082564],[139.6906962,35.7084261],[139.6908626,35.708523],[139.6911953,35.7087146],[139.6913985,35.7088786],[139.6916093,35.7090479],[139.6918315,35.7092265],[139.6919857,35.709306],[139.6922015,35.709389],[139.6923772,35.7094353],[139.6927275,35.7095096],[139.6931081,35.7096768],[139.6933118,35.7098262],[139.6933482,35.7098585],[139.6933971,35.7099006],[139.6936379,35.7101166],[139.6938031,35.7102679],[139.693862,35.7103412],[139.6939894,35.7104984],[139.6940645,35.7106195],[139.6941529,35.7107615],[139.6941785,35.7108126],[139.6942608,35.7109766],[139.6942731,35.7110004],[139.6942858,35.7110266],[139.6941477,35.711039],[139.6927089,35.7111683],[139.6926959,35.711147],[139.6926878,35.7109641],[139.6926758,35.710888],[139.692654,35.7108024],[139.6925367,35.7105834],[139.6923324,35.7107122],[139.6922133,35.7107677],[139.6921726,35.710788],[139.6919345,35.7108833],[139.6915467,35.7110328],[139.6914065,35.7107413],[139.6911832,35.7107931],[139.6911107,35.7104896],[139.690937,35.7105341],[139.6902092,35.7107399],[139.6900675,35.7107933],[139.6900522,35.710821],[139.6900752,35.7109635],[139.6901322,35.7113007],[139.6896076,35.7112718],[139.689023,35.7112415],[139.6886042,35.711212],[139.6883458,35.7111935],[139.6881674,35.7111708],[139.6879696,35.7111375],[139.6874079,35.7110126],[139.6872727,35.7109771],[139.6865936,35.7108104],[139.6850625,35.7104482],[139.6847227,35.7103711],[139.6846085,35.7103489],[139.6844796,35.710325],[139.6843647,35.7102996],[139.683778,35.7101876],[139.6827623,35.710007],[139.6827458,35.710053],[139.6826756,35.7100997],[139.6820084,35.7105584],[139.6818717,35.7106753],[139.6818241,35.7107319],[139.6818005,35.7107533],[139.6817732,35.7107758],[139.6812261,35.7109713],[139.6811374,35.7110024],[139.6809775,35.7110547],[139.6806648,35.7111102],[139.6806375,35.7111115],[139.6805227,35.711107],[139.6804489,35.7110932],[139.6803766,35.711068],[139.6803067,35.7110578],[139.6802064,35.71104],[139.6801247,35.7110383],[139.680028,35.7110527],[139.6800234,35.7113291],[139.6800765,35.7113685],[139.6801409,35.7114032],[139.680329,35.7114241],[139.680551,35.7114423],[139.6807503,35.71159],[139.6807887,35.7116683],[139.6808585,35.7117187],[139.6808715,35.7117447],[139.6808562,35.7117695],[139.6808241,35.7118076],[139.6808039,35.7118538],[139.6808328,35.7119221],[139.6809942,35.7120657],[139.681176,35.7121182],[139.6812192,35.7121519],[139.681269,35.712219],[139.6813528,35.7123419],[139.6814771,35.7124237],[139.6815259,35.7125],[139.6815968,35.7125782],[139.6816897,35.7126822],[139.6817618,35.7127507],[139.6818055,35.7128252],[139.6818599,35.7128831],[139.681953,35.7129663],[139.6819747,35.7129983],[139.6819923,35.7130335],[139.6820106,35.7131194],[139.6820177,35.7131999],[139.682025,35.7133015],[139.6817545,35.7133133],[139.681663,35.7133341],[139.6815043,35.7133238],[139.6813639,35.7132972],[139.6813011,35.71323],[139.6811292,35.7132686],[139.6809926,35.7132659],[139.680993,35.7134689],[139.6810777,35.7134886],[139.6810649,35.7136908],[139.6812595,35.7137579],[139.6815653,35.7138483],[139.681866,35.7139184],[139.681841,35.7141315],[139.6813713,35.7140753],[139.6811545,35.7140494],[139.6809336,35.7140336],[139.6808072,35.7140244],[139.6808076,35.7140824],[139.6808651,35.7145034],[139.6802953,35.7145747],[139.6800176,35.714245],[139.6799589,35.7141673],[139.6797583,35.7142792],[139.6796198,35.7143643],[139.6794009,35.7145352],[139.679299,35.7146143],[139.6791844,35.7147709],[139.6791173,35.7148866],[139.6790907,35.7149792],[139.6790641,35.7150848],[139.679062,35.7151375],[139.6790644,35.7152171],[139.6790808,35.7152879],[139.6791144,35.7154139],[139.6791285,35.7154916],[139.6791414,35.7155629],[139.6791602,35.7156671],[139.6792479,35.7156575],[139.6793693,35.7159433],[139.6794574,35.7161293],[139.6795241,35.7162634],[139.6795344,35.7163297],[139.6795175,35.7164559],[139.679503,35.7164907],[139.6794816,35.7165251],[139.6793312,35.7166759],[139.6792225,35.7166419],[139.679052,35.7169535],[139.6791346,35.7169806],[139.6790844,35.717117],[139.6790801,35.7171286],[139.678966,35.7175053],[139.6789295,35.7176558],[139.6789146,35.7177378],[139.6789102,35.7179206],[139.6789119,35.7179771],[139.6789165,35.7181307],[139.6789046,35.7181366],[139.6787962,35.7181697],[139.6786105,35.7181675],[139.6785263,35.7181676],[139.6783271,35.7181651],[139.6781771,35.718413],[139.6776438,35.7189166],[139.6771839,35.7193427],[139.6768261,35.7195588],[139.6766472,35.7196226],[139.6764287,35.7196734],[139.6763691,35.7194718],[139.6762276,35.7195095],[139.6756557,35.7196449],[139.6757114,35.7197961],[139.6755875,35.7198529],[139.6756237,35.7199042],[139.6754386,35.7199997],[139.675303,35.7200376],[139.6752621,35.7199579],[139.6752164,35.7198562],[139.6751929,35.7195463],[139.675188,35.7194593],[139.6752022,35.7193627],[139.6752839,35.7190845],[139.6734446,35.7184841],[139.6734181,35.7187856],[139.6737827,35.719273],[139.6735351,35.7195176],[139.6732748,35.7196639],[139.6732832,35.7196972],[139.6734933,35.7204464],[139.6735391,35.7206143],[139.6735925,35.7206107],[139.6736975,35.7205735],[139.6738744,35.7205046],[139.6741122,35.7204674],[139.6743434,35.720423],[139.6743733,35.7204989],[139.674409,35.7206594],[139.6744816,35.7206547],[139.6745682,35.7213766],[139.6757121,35.7213751],[139.6758378,35.7220266],[139.6758336,35.7221965],[139.67582,35.7223016],[139.6757902,35.7224181],[139.6757073,35.7226622],[139.6756231,35.7229298],[139.6754707,35.7234215],[139.6754124,35.7236315],[139.6753535,35.7239007],[139.6753461,35.7241519],[139.6754529,35.7245395],[139.6755999,35.7251451],[139.6756411,35.7253057],[139.6757039,35.7255911],[139.6757605,35.7258551],[139.6759019,35.7260886],[139.6761281,35.7264537],[139.6763281,35.7267708],[139.6764805,35.7270133],[139.6765645,35.7272088],[139.6766046,35.7273113],[139.6767582,35.7277121],[139.6767394,35.7283056],[139.6767388,35.7286286],[139.6767846,35.7292308],[139.676797,35.7295265],[139.6768171,35.7299039],[139.6773046,35.7296689],[139.6775274,35.7295612],[139.6775357,35.7296135],[139.6775956,35.7297724],[139.6776878,35.7300202],[139.6777815,35.7302619],[139.6778585,35.7304234],[139.6778781,35.7304579],[139.6779284,35.7305463],[139.6779776,35.7306047],[139.6779903,35.7306204],[139.6778686,35.7306519],[139.6777503,35.7307385],[139.6776365,35.7308231],[139.6774896,35.7309313],[139.6772374,35.7311149],[139.6769787,35.7313512],[139.6767787,35.7315165],[139.6765282,35.7317176],[139.6760562,35.7320914],[139.6760083,35.73213],[139.6759085,35.7322269],[139.6758535,35.7322744],[139.675672,35.7324187],[139.6755185,35.7325454],[139.6753328,35.7327014],[139.6751762,35.7328307],[139.6750105,35.7329535],[139.6749324,35.7330096],[139.674785,35.7331051],[139.6745529,35.7331906],[139.6743813,35.7332522],[139.6741173,35.7333434],[139.6739699,35.7333943],[139.6737215,35.7335519],[139.6736706,35.7335855],[139.6732651,35.7335664],[139.6732145,35.7336458],[139.6729496,35.7336805],[139.6728515,35.733693],[139.6724489,35.7337012],[139.6723377,35.7337031],[139.6720592,35.7337071],[139.6717558,35.7337096],[139.6713815,35.7337098],[139.6712501,35.7337103],[139.671016,35.7331941],[139.6709651,35.7331151],[139.6708782,35.7330334],[139.6706615,35.7328345],[139.6705079,35.7326926],[139.6704117,35.7326135],[139.6701223,35.732711],[139.6699136,35.7327823],[139.6696884,35.732872],[139.6694266,35.7325345],[139.6692652,35.7323218],[139.6693455,35.732106],[139.668865,35.7321495],[139.66842,35.7321889],[139.6682287,35.732207],[139.6680748,35.7319156],[139.6680554,35.7317613],[139.6680004,35.7313545],[139.6669385,35.7314732],[139.6669438,35.731343],[139.6669496,35.7312467],[139.6669549,35.7311521],[139.6669301,35.7311711],[139.6668226,35.7312305],[139.6667374,35.7312687],[139.6665978,35.7313052],[139.6664407,35.7313394],[139.6662082,35.7313902],[139.6660473,35.731429],[139.6659374,35.7314433],[139.6654583,35.7314603],[139.6654038,35.731457],[139.6653515,35.7314538],[139.6652654,35.7314375],[139.665222,35.7314304],[139.6651454,35.7314033],[139.6650958,35.7313853],[139.6649759,35.73133],[139.664814,35.7312287],[139.6647163,35.7311374],[139.6646934,35.7311062],[139.6646508,35.7310468],[139.6645792,35.7309183],[139.6644893,35.7306934],[139.6643871,35.7304551],[139.6643163,35.7302905],[139.6642247,35.7300763],[139.6641053,35.7297668],[139.6640187,35.7295446],[139.6639803,35.729371],[139.6639414,35.7292488],[139.6639102,35.7291501],[139.6638793,35.7291044],[139.6636914,35.7289184],[139.6636633,35.728878],[139.6635816,35.7287132],[139.6635619,35.7286463],[139.6635245,35.7284233],[139.6634962,35.7283643],[139.6634203,35.728241],[139.663282,35.7280277],[139.663191,35.727894],[139.6631516,35.727858],[139.6631171,35.7278252],[139.663116,35.727824],[139.662504,35.7273368],[139.6624228,35.7272738],[139.662357,35.7272082],[139.6621053,35.7270715],[139.6618882,35.7269692],[139.6616938,35.7269028],[139.6615372,35.7268547],[139.6614607,35.7268305],[139.66125,35.726781],[139.6609733,35.7267442],[139.6608081,35.7267243],[139.6605738,35.7267129],[139.660443,35.7267121],[139.6599789,35.726741],[139.6596648,35.7267617],[139.6596658,35.7265478],[139.6596787,35.7262509],[139.659694,35.7257249],[139.6583829,35.7257599],[139.6581019,35.7257675],[139.6579002,35.7257751],[139.6573404,35.7259471],[139.6567773,35.7260972],[139.6563299,35.7262056],[139.6562502,35.7262203],[139.6559548,35.726267],[139.6557922,35.7262931],[139.6556087,35.7263128],[139.6551428,35.7263167],[139.6545808,35.726349],[139.6539654,35.726376],[139.653911,35.7263787],[139.6537672,35.7262085],[139.6536375,35.7262127],[139.6532052,35.7262298],[139.6521212,35.726248],[139.6520568,35.7260833],[139.6518026,35.7261215],[139.6516907,35.7261574],[139.6515312,35.7262102],[139.6513307,35.7262811],[139.6511047,35.7263846],[139.6506276,35.7266182],[139.6504881,35.7267145],[139.6503219,35.7268312],[139.6502867,35.7268608],[139.650135,35.7265922],[139.6498945,35.7266143],[139.6497428,35.7266288],[139.6495864,35.7266359],[139.6488604,35.7266684],[139.6486929,35.7266686],[139.6483007,35.7266569],[139.6475034,35.726633],[139.6475026,35.7265215],[139.6475023,35.7263914],[139.647504,35.7260377],[139.6475054,35.7258435],[139.6475076,35.7255571],[139.6475093,35.7253596],[139.6465915,35.7253632],[139.6462557,35.7253663],[139.6460401,35.7253669],[139.6454163,35.7253677],[139.6449268,35.7253731],[139.6447204,35.7253741],[139.6442062,35.725376],[139.6437951,35.7253774],[139.6437644,35.7252216],[139.6437568,35.7251563],[139.6433465,35.725277],[139.6428181,35.7254348],[139.64235,35.7255695],[139.6420266,35.7256599],[139.6416813,35.7257545],[139.6412521,35.7258849],[139.6412024,35.7258992],[139.6411381,35.7259132],[139.641005,35.725941],[139.640701,35.7259938],[139.6401715,35.7260778],[139.6398032,35.7261352],[139.6396704,35.7261568],[139.6396231,35.7261658],[139.6396273,35.7263884],[139.6396298,35.7267022],[139.639654,35.7268798],[139.6396713,35.7270028],[139.6397035,35.7272396],[139.6397077,35.7272762],[139.6397077,35.7274059],[139.6396378,35.7274688],[139.6395623,35.7275147],[139.6394665,35.7276689],[139.6393599,35.7278435],[139.639285,35.7279349],[139.6392243,35.7279734],[139.6390949,35.7279973],[139.6388121,35.7280505],[139.6387472,35.7280625],[139.6386791,35.7280717],[139.638599,35.728109],[139.6384184,35.7282148],[139.6383377,35.7282642],[139.6380204,35.7284139],[139.6378731,35.7284841],[139.6379944,35.7285981],[139.6379783,35.728617],[139.6378887,35.7288299],[139.6378441,35.7289262],[139.637835,35.7289481],[139.6377889,35.7290229],[139.6377576,35.7290512],[139.6376846,35.7291066],[139.6375962,35.7291802],[139.6375579,35.729247],[139.6374976,35.7293265],[139.6374133,35.7294612],[139.637548,35.7295078],[139.6374717,35.7296425],[139.6374097,35.7297518],[139.6373465,35.7299341],[139.6373292,35.7299731],[139.6372704,35.7300885],[139.6372226,35.7301661],[139.6371903,35.730209],[139.6371729,35.730232],[139.6371269,35.7303131],[139.6371057,35.7303497],[139.6370757,35.7303963],[139.6370224,35.7304851],[139.6369616,35.7305936],[139.636928,35.7306692],[139.6368213,35.7308435],[139.6366658,35.7310799],[139.6365962,35.731221],[139.6366515,35.7312482],[139.6365383,35.7315737],[139.6364613,35.7317511],[139.6366842,35.7318201],[139.6366227,35.7319783],[139.6365627,35.7320628],[139.6363975,35.7322611],[139.6362732,35.7324146],[139.6362492,35.7324456],[139.636062,35.7324052],[139.6358765,35.7323629],[139.6353756,35.7322596],[139.6351692,35.7322026],[139.6351367,35.7322518],[139.6350488,35.7325326],[139.6349544,35.7328503],[139.634892,35.7330557],[139.6348445,35.7332076],[139.6347835,35.733397],[139.6346657,35.7337628],[139.6345708,35.7340518],[139.6345108,35.7342354],[139.6344767,35.7343436],[139.6343276,35.7343154],[139.6338645,35.734193],[139.6337376,35.7344928],[139.6336668,35.7346578],[139.6335653,35.7348504],[139.6335402,35.7348877],[139.6333769,35.7351996],[139.6333499,35.7352573],[139.6332898,35.7353833],[139.6333602,35.7354053],[139.6335105,35.7354545],[139.6334038,35.7355031],[139.632721,35.7354817],[139.6326675,35.7354852],[139.6325624,35.7354843],[139.6324245,35.7354842],[139.6319947,35.7355478],[139.6317562,35.7355569],[139.6312544,35.7354779],[139.6310222,35.7354444],[139.6308813,35.7354393],[139.6307021,35.735432],[139.6306773,35.7354351],[139.6305518,35.7354115],[139.6305461,35.7353341],[139.6303596,35.7353335],[139.630057,35.7353333],[139.6299343,35.7353279],[139.6296854,35.7353196],[139.6296085,35.7353187],[139.6295581,35.7353176],[139.6295348,35.7353121],[139.6294046,35.7352958],[139.6291487,35.7352466],[139.6291007,35.7352373],[139.6290625,35.7352338],[139.6288963,35.7352095],[139.6286668,35.7351815],[139.6284761,35.7351664],[139.6283402,35.7351564],[139.6280123,35.7351539],[139.6279816,35.7351338],[139.6277915,35.7351132],[139.6277444,35.7350974],[139.6277178,35.7350856],[139.6275922,35.735063],[139.6272374,35.735027],[139.6272789,35.7347289],[139.6273558,35.7342335],[139.627373,35.734076],[139.6271086,35.7339903],[139.626961,35.73393],[139.6266626,35.7338166],[139.6264976,35.7337629],[139.6265432,35.733643],[139.6265039,35.7335218],[139.6264855,35.7334659],[139.6264337,35.7333244],[139.6265727,35.7330671],[139.6260607,35.7328916],[139.6260263,35.7328059],[139.6259608,35.7326389],[139.6258911,35.7325147],[139.6258266,35.7323995],[139.6257012,35.7322372],[139.6256251,35.7321015],[139.6255691,35.7320592],[139.6255194,35.7319828],[139.6254609,35.7318721],[139.6253976,35.7317477],[139.6253345,35.7316276],[139.6252319,35.7314652],[139.625183,35.731388],[139.625122,35.7312796],[139.6250455,35.7311526],[139.6249724,35.7310116],[139.6249014,35.7308828],[139.6247998,35.7306961],[139.6247388,35.7306021],[139.6246623,35.7304781],[139.6246142,35.7303759],[139.6245817,35.7303318],[139.6245283,35.7302306],[139.6244626,35.7300865],[139.6243421,35.7298407],[139.624272,35.7296402],[139.6242862,35.7295451],[139.624329,35.729412],[139.62437,35.7292715],[139.6246227,35.7287662],[139.624778,35.7285205],[139.6250566,35.7280212],[139.6252511,35.7276713],[139.6253818,35.7274402],[139.625437,35.7273338],[139.6254991,35.7272142],[139.6259059,35.7264152],[139.6260469,35.7261523],[139.6261423,35.7259723],[139.6263257,35.7256521],[139.6265268,35.7252829],[139.6266695,35.7250237],[139.6268514,35.724693],[139.6270296,35.7243835],[139.6271929,35.7241006],[139.6274363,35.723766],[139.6275123,35.7236782],[139.627551,35.7236335],[139.6275604,35.723594],[139.6275698,35.7235541],[139.6276182,35.7234167],[139.6276685,35.7233018],[139.6278538,35.7229241],[139.62795,35.7227309],[139.628037,35.7225328],[139.6280641,35.7223946],[139.6280903,35.7222634],[139.6281018,35.7221908],[139.6281169,35.721998],[139.6281263,35.7219359],[139.6281357,35.7218747],[139.6282847,35.7217245],[139.6283701,35.7215979],[139.6285186,35.7213865],[139.6286674,35.7211746],[139.6287586,35.7210364],[139.6287968,35.720972],[139.6291118,35.7207368],[139.6295106,35.7203899],[139.6300067,35.720629],[139.6301087,35.7206426],[139.6304057,35.7208547],[139.6305666,35.7206054],[139.630708,35.7206575],[139.6310651,35.7203934],[139.6315068,35.7199728],[139.6315731,35.7199082],[139.6316019,35.7198444],[139.6316079,35.7197724],[139.6315871,35.7197017],[139.6315314,35.7195364],[139.6314864,35.7194072],[139.631453,35.7193551],[139.6313211,35.7191696],[139.6311758,35.7189354],[139.631164,35.7189025],[139.6311224,35.7186921],[139.6311179,35.718529],[139.6311119,35.7184347],[139.6312144,35.7182762],[139.6313179,35.718116],[139.6313255,35.7181043],[139.6315029,35.7178987],[139.6316568,35.7176905],[139.6318374,35.7174459],[139.6320143,35.7173635],[139.6320381,35.7172663],[139.6320318,35.7171012],[139.6322337,35.7171067],[139.6323088,35.7170992],[139.6326926,35.7170702],[139.6330247,35.7170361],[139.6333766,35.7170019],[139.6337523,35.7169626],[139.6339808,35.7169359],[139.6342539,35.7168965],[139.6345379,35.7168608],[139.6347551,35.7168324],[139.6350525,35.7168023],[139.6354676,35.7167601],[139.6359923,35.7167097],[139.6361553,35.7166851],[139.6364177,35.716651],[139.6366626,35.7166181],[139.6367795,35.7166018],[139.6370126,35.7165691],[139.6372163,35.71652],[139.6373626,35.716472],[139.6375942,35.7162917],[139.6379187,35.7161098],[139.6381542,35.7159788],[139.6382796,35.7159426],[139.6386389,35.7158432],[139.6388935,35.7157713],[139.6391269,35.7157062],[139.6395823,35.7155807],[139.6399881,35.715449],[139.640102,35.7154189],[139.640324,35.7153533],[139.6407218,35.7152371],[139.6408484,35.7151861],[139.6411982,35.7150444],[139.6413846,35.7149726],[139.6415624,35.7148984],[139.6415319,35.7146738],[139.6415051,35.7144819],[139.6415202,35.7142445],[139.6415624,35.7137574],[139.6415383,35.7133842],[139.6414419,35.7128735],[139.6414171,35.7127419],[139.6415256,35.7126793],[139.6417933,35.7125091],[139.6420136,35.712369],[139.6421651,35.7122763],[139.6422649,35.712166],[139.6423935,35.7120252],[139.6424356,35.7119904],[139.6425686,35.7118921],[139.6427086,35.7117775],[139.6427026,35.7117161],[139.6429054,35.7116596],[139.6433552,35.7115326],[139.6434986,35.7114918],[139.6437102,35.7114315],[139.6441989,35.7112996],[139.644795,35.7111301],[139.6451989,35.7110275],[139.6457078,35.7108861],[139.6459299,35.7108245],[139.6460035,35.7108035],[139.6461366,35.7107656],[139.6465928,35.7106309],[139.647103,35.7104773],[139.6473517,35.7104002],[139.6475221,35.7103466],[139.6478252,35.7102514],[139.6479979,35.7101977],[139.6482563,35.7101175],[139.6486157,35.710008],[139.6488819,35.7099404],[139.6492561,35.7098541],[139.6497069,35.7097505],[139.6499474,35.7096852],[139.6500684,35.7096529],[139.6502334,35.7096073],[139.6503907,35.7095637],[139.6507962,35.7094524],[139.650917,35.7094389],[139.6509483,35.7092147],[139.65099,35.709031],[139.6512708,35.7090631],[139.6512897,35.7089552],[139.6514875,35.7089797],[139.6514935,35.7090101],[139.6516144,35.7090176],[139.6516238,35.7089994],[139.6518379,35.7090308],[139.6522237,35.70908],[139.6525262,35.7091233],[139.6533459,35.709209],[139.6539883,35.7092817],[139.6541291,35.7092931],[139.6541519,35.7091008],[139.6543029,35.7091039],[139.6543912,35.7091054],[139.6547571,35.7091115],[139.6550463,35.709114],[139.6551705,35.7090953],[139.6551616,35.7092345],[139.6551972,35.7092333],[139.6552853,35.7091575],[139.6555156,35.7091504],[139.6557169,35.7091439],[139.6557912,35.7091607],[139.655886,35.7091602],[139.6558899,35.7091037],[139.6560003,35.7091048],[139.6560748,35.7091627],[139.6560659,35.7092889],[139.6562798,35.7092864],[139.6562859,35.7091721],[139.6568121,35.7091953],[139.6574858,35.7092242],[139.657949,35.709244],[139.657954,35.7091729],[139.6580006,35.7086185],[139.6580196,35.7083611],[139.6580767,35.7077317],[139.6580494,35.7076705],[139.6580692,35.7072957],[139.6581453,35.7064538],[139.6582051,35.7057078],[139.6581946,35.7056847],[139.6581898,35.7056092],[139.6581812,35.7054577],[139.6581792,35.7054464],[139.6581519,35.7054033],[139.6581,35.705299],[139.6580463,35.7051941],[139.6582184,35.7051741],[139.6584221,35.7051497],[139.6585584,35.7051329],[139.6588137,35.7050997],[139.6592487,35.7050369],[139.6594729,35.705013],[139.6603023,35.7049044],[139.6606369,35.7048701],[139.6608233,35.7048409],[139.6610145,35.7048109],[139.6610379,35.7043506],[139.6610552,35.7040251],[139.6610733,35.7037828],[139.6610848,35.7035565],[139.6610987,35.7033342],[139.6611079,35.7031843],[139.6611238,35.7030311],[139.6611479,35.7027967],[139.6611755,35.7025419],[139.6611191,35.702449],[139.6610606,35.7023564],[139.6610321,35.7023269],[139.66102,35.7022627],[139.6609928,35.7021534],[139.6609485,35.7019922],[139.6608888,35.7018202],[139.6608658,35.7017056],[139.6608522,35.7015872],[139.660771,35.7014983],[139.6607399,35.7014297],[139.6607334,35.7013764],[139.6608207,35.7013755],[139.6609747,35.7014231],[139.6611373,35.7014419],[139.6612427,35.7014059],[139.6613591,35.70136],[139.6614364,35.7012585],[139.661524,35.7011886],[139.661545,35.7009638],[139.6615679,35.700808],[139.6615642,35.7006784],[139.6614941,35.7005822],[139.6614888,35.7004173],[139.66148,35.7002376],[139.6617767,35.7002531],[139.6617615,35.7000968],[139.661985,35.7000098],[139.6619934,35.6999808],[139.6619874,35.6997935],[139.6619674,35.6997514],[139.661936,35.699659],[139.6618614,35.699541],[139.6618232,35.6993189],[139.6621527,35.6993178],[139.662188,35.6992223],[139.6622685,35.6990646],[139.6623905,35.6988403],[139.662409,35.6984589],[139.662274,35.6981461],[139.6621067,35.6980557],[139.6620398,35.6978078],[139.6620035,35.697703],[139.6619717,35.6976262],[139.6619693,35.6975436],[139.6619694,35.6974881],[139.6619697,35.6972552],[139.6619325,35.6970044],[139.6617837,35.6970338],[139.6615508,35.697087],[139.6613069,35.6971412],[139.6610122,35.6972051],[139.6610148,35.6970097],[139.6610119,35.6969054],[139.6610361,35.6967646],[139.6610499,35.6966999],[139.6610718,35.6965627],[139.661003,35.6965526],[139.6608095,35.6965284],[139.6605937,35.6964967],[139.6603764,35.6964599],[139.6604466,35.6963185],[139.6605437,35.6961043],[139.6605939,35.696],[139.6606495,35.6958885],[139.6607234,35.6957331],[139.6608414,35.6954551],[139.6609071,35.6951542],[139.6609722,35.6947998],[139.6610542,35.6948541],[139.6612952,35.6949895],[139.6614463,35.6950608],[139.661504,35.6950775],[139.6616327,35.6951099],[139.6618541,35.6951478],[139.6621037,35.6951881],[139.6622877,35.6952154],[139.6624375,35.6952377],[139.6626158,35.6952366],[139.6627718,35.6952366],[139.6629253,35.6952408],[139.6631415,35.6952546],[139.6634339,35.6952897],[139.6636165,35.695315],[139.6637452,35.6953325],[139.6639281,35.695349],[139.6640457,35.6953505],[139.6643309,35.6953537],[139.664429,35.6953875],[139.6645248,35.6954288],[139.6645967,35.69548],[139.6647011,35.6953973],[139.6647719,35.6953106],[139.6649694,35.6953646],[139.6651007,35.6951622],[139.6654319,35.6946434],[139.6656595,35.6947077],[139.6657784,35.6947406],[139.6658466,35.6947629],[139.6659039,35.6947834],[139.6660086,35.694622],[139.6660653,35.694526],[139.6661201,35.6944348],[139.6661902,35.6943351],[139.6662813,35.6942036],[139.6663255,35.6941308],[139.6663903,35.6939969],[139.6664182,35.693934],[139.6664737,35.6938437],[139.6665225,35.693828],[139.6667391,35.6934789],[139.6668061,35.6934895],[139.6669231,35.6935355],[139.6671116,35.6936209],[139.6672277,35.6936737],[139.6673502,35.6937297],[139.6673988,35.6936266],[139.667398,35.6936],[139.667361,35.69354],[139.6673013,35.693166],[139.6673479,35.6928513],[139.6672979,35.6928039],[139.6673096,35.6927353],[139.6673424,35.6926163],[139.667391,35.692475],[139.667446,35.692192],[139.667454,35.692151],[139.66746,35.692123],[139.667471,35.692063],[139.6675211,35.6918689],[139.6675245,35.6918399],[139.6675712,35.6918468],[139.6676878,35.6918652],[139.6677991,35.6913697],[139.6676943,35.6913527],[139.6673676,35.6912794],[139.667131,35.6912311],[139.6669317,35.6911817],[139.6670006,35.6909491],[139.6668681,35.6908834],[139.666766,35.690781],[139.666574,35.690592],[139.666405,35.690425],[139.665703,35.690074],[139.665515,35.689956],[139.665181,35.689773],[139.664941,35.689637],[139.664724,35.689514],[139.664428,35.689369],[139.664113,35.689199],[139.663936,35.689004],[139.66387,35.688917],[139.663834,35.688836],[139.66382,35.688801],[139.663783,35.688692],[139.663752,35.68856],[139.663649,35.688337],[139.6635282,35.6881269],[139.663453,35.688062],[139.663178,35.687883],[139.663078,35.687818],[139.662669,35.687589],[139.662402,35.687435],[139.662239,35.687353],[139.662012,35.687253],[139.661891,35.687182],[139.6618732,35.6871715],[139.661746,35.687097],[139.661478,35.686961],[139.661401,35.686927],[139.661224,35.686862],[139.661002,35.686795],[139.660932,35.686774],[139.660804,35.686759],[139.660542,35.686741],[139.659763,35.686708],[139.6591731,35.6866948],[139.6591774,35.6866384],[139.6591861,35.6865277],[139.6592288,35.6860714],[139.659265,35.6860481],[139.6593543,35.6860189],[139.6593778,35.6859709],[139.6593816,35.6858837],[139.659394,35.6858468],[139.6594422,35.685792],[139.6595384,35.6857382],[139.6595128,35.6855382],[139.6593997,35.6851523],[139.6597845,35.6851158],[139.6597771,35.6849709],[139.6598586,35.684773],[139.6601904,35.6849169],[139.6603817,35.6845408],[139.6605266,35.6842191],[139.6601626,35.6841155],[139.6600543,35.6838674],[139.6599552,35.6836415],[139.6595556,35.6836563],[139.6594671,35.6834936],[139.6592794,35.6831893],[139.6593783,35.6831901],[139.6593767,35.6829565],[139.6593767,35.6827386],[139.6593761,35.6824718],[139.6593743,35.68221],[139.6596267,35.6821706],[139.6598664,35.6821111],[139.6600176,35.6820659],[139.6599184,35.6817594],[139.6601525,35.6816876],[139.6600643,35.6813452],[139.6602405,35.6812953],[139.6603747,35.6812483],[139.6604977,35.6811964],[139.6606238,35.6811482],[139.6605797,35.681086],[139.6604377,35.6808698],[139.6603385,35.6808185],[139.6602426,35.6807625],[139.6600098,35.6804735],[139.659775,35.6803591],[139.659727,35.6803661],[139.6596782,35.6803292],[139.659674,35.680271],[139.659671,35.680233],[139.659664,35.68016],[139.6596129,35.6801128],[139.6595862,35.6800737],[139.6594823,35.6800683],[139.6594188,35.6800562],[139.6594429,35.679991],[139.6594877,35.679927],[139.659682,35.679846],[139.6597914,35.6798024],[139.6598443,35.6798011],[139.6600823,35.6798668],[139.6606196,35.6800725],[139.6607332,35.6800816],[139.661063,35.6801866],[139.6616886,35.6803609],[139.6617016,35.6802766],[139.6617265,35.6801893],[139.6618564,35.6800629],[139.6620316,35.6798225],[139.6621451,35.6798291],[139.6622996,35.6797942],[139.6624083,35.6797187],[139.6625145,35.6796037],[139.6625476,35.6795577],[139.6627,35.6796109],[139.6629061,35.6795282],[139.6630424,35.6795689],[139.6631997,35.6795881],[139.6635229,35.6795853],[139.6637117,35.6795846],[139.6639133,35.6796097],[139.6639982,35.6794981],[139.6640146,35.6794346],[139.6639842,35.6793448],[139.6639263,35.6791897],[139.6638928,35.6790897],[139.6638366,35.6788631],[139.6639183,35.6788912],[139.6640678,35.6789141],[139.6642128,35.6789203],[139.664415,35.6789283],[139.664626,35.6789264],[139.6648033,35.6789244],[139.6648009,35.6788348],[139.6647927,35.6785754],[139.664772,35.6783241],[139.6647634,35.6779758],[139.6645838,35.6779729],[139.6645846,35.6777468],[139.6644921,35.6777544],[139.6643338,35.6777745],[139.6640694,35.6778246],[139.6638475,35.677879],[139.6636255,35.6779276],[139.663399,35.6779926],[139.6634029,35.6778649],[139.6634074,35.6777288],[139.663415,35.6776045],[139.6634597,35.6774326],[139.6634894,35.6773229],[139.6635229,35.6772128],[139.663718,35.6772744],[139.6637817,35.6771127],[139.6638523,35.676922],[139.6639189,35.6767693],[139.6640269,35.6765608],[139.6642344,35.6766272],[139.6645477,35.6767539],[139.6645848,35.6767698],[139.6647111,35.676825],[139.6649721,35.6768991],[139.6650948,35.6769342],[139.6653138,35.6770651],[139.6653574,35.6771364],[139.6654107,35.6771936],[139.6656434,35.6774617],[139.6657794,35.6777713],[139.6660241,35.6782315],[139.6661594,35.6783445],[139.6662339,35.6784173],[139.6663918,35.6787221],[139.6665409,35.6788462],[139.6665588,35.6788601],[139.6671214,35.6793706],[139.6675677,35.6797738],[139.667452,35.6799205],[139.6676106,35.6799958],[139.667782,35.6800912],[139.6679655,35.6802281],[139.6680747,35.6803096],[139.6682302,35.6803992],[139.6683288,35.6802996],[139.668546,35.68032],[139.6689135,35.6805705],[139.669012,35.680608],[139.6692572,35.6806861],[139.6695717,35.6807473],[139.6696645,35.6807809],[139.6697899,35.6808261],[139.6700775,35.6809498],[139.6701534,35.6809821],[139.6703834,35.6810627],[139.6707541,35.6811894],[139.6709979,35.6813045],[139.6710336,35.6813351],[139.671181,35.6814059],[139.6714132,35.6815067],[139.671477,35.6815818],[139.6715857,35.6817114],[139.6717172,35.6818469],[139.6717137,35.6819461],[139.6718878,35.6820783],[139.6722495,35.6823659],[139.6723897,35.6825053],[139.6727933,35.6828155],[139.6728869,35.6829024],[139.6731463,35.6831071],[139.6733884,35.6832918],[139.6734247,35.6832657],[139.6734601,35.6832865],[139.6738475,35.6835023],[139.674101,35.6835781],[139.6741976,35.6836458],[139.674314,35.683776],[139.6746151,35.6841378],[139.6746327,35.6841602],[139.6749272,35.6844259],[139.6748689,35.6845077],[139.6752374,35.6846772],[139.6752339,35.6847457],[139.6752381,35.6847561],[139.675273,35.6848565],[139.6755576,35.685262],[139.6755702,35.6852865],[139.6755857,35.6853096],[139.6757964,35.6856651],[139.6758832,35.6857859],[139.6761878,35.6860818],[139.6763124,35.6862033],[139.6765211,35.6863517],[139.6766894,35.686491],[139.676835,35.6866198],[139.6769971,35.6867132],[139.6773102,35.6869217],[139.6773755,35.6869916],[139.6775391,35.6871285],[139.6778187,35.6873466],[139.6779455,35.6874402],[139.6780081,35.6874835],[139.6779993,35.6875063],[139.677978,35.6875542],[139.6785209,35.6877228],[139.6784847,35.6878017],[139.6789195,35.6881537],[139.6790405,35.6882653],[139.6791991,35.6883924],[139.679238,35.6884238],[139.6794052,35.6885938],[139.6794657,35.6886593],[139.6795473,35.6887557],[139.6796491,35.6888811],[139.6797558,35.6889272],[139.6798798,35.6890732],[139.6799881,35.6892076],[139.6800577,35.6893328],[139.6800889,35.6893987],[139.680165,35.6894753],[139.6802139,35.6895223],[139.680372,35.6896842],[139.6804937,35.689776],[139.68076,35.6899966],[139.6808805,35.6900823],[139.6811572,35.6902968],[139.6814264,35.6904983],[139.6819582,35.6908394],[139.6821422,35.6909637],[139.6826164,35.6912937],[139.6826223,35.6912978],[139.6827128,35.691367],[139.6827964,35.6914614],[139.6828916,35.691532],[139.6830277,35.6916456],[139.6830646,35.6916959],[139.6830962,35.6917242],[139.6831196,35.6917455],[139.6833575,35.6920045],[139.6833744,35.6920183],[139.6834387,35.6920644],[139.6835241,35.6921005],[139.6836195,35.6921153],[139.6837409,35.6921123],[139.6836411,35.6923402],[139.6835793,35.6924946],[139.6835427,35.6925661],[139.6837532,35.6926522],[139.6841025,35.6928425],[139.6844229,35.6930826],[139.6847624,35.6933791],[139.6850136,35.693602],[139.6851684,35.6937582],[139.6853987,35.6939927],[139.6855298,35.6942216],[139.6855856,35.6943238],[139.6856734,35.6944898],[139.6857372,35.6946146],[139.6858713,35.6948789],[139.6860136,35.6951663],[139.6861029,35.695347],[139.6861914,35.6955245],[139.6862699,35.6956822],[139.6863721,35.6958768],[139.6864578,35.6960422],[139.6865517,35.6962195],[139.6866132,35.6963504],[139.6866295,35.6963858]]]}},{"type":"Feature","properties":{"name":"新宿区","name:en":"Shinjuku"},"geometry":{"type":"Polygon","coordinates":[[[139.7372297,35.7089752],[139.7372055,35.7089787],[139.7369983,35.7090093],[139.7365807,35.7090701],[139.7362326,35.7091232],[139.7360406,35.7091527],[139.7357721,35.709196],[139.7355466,35.7092313],[139.7353122,35.7081374],[139.7347469,35.7082365],[139.7347378,35.7082054],[139.7342838,35.708292],[139.7342345,35.7081788],[139.7342202,35.7081833],[139.7341855,35.7080836],[139.7341751,35.7080507],[139.7341485,35.7080309],[139.7340734,35.7078036],[139.733673,35.7078785],[139.7336294,35.7077283],[139.733487,35.7077535],[139.7334876,35.7077404],[139.7334387,35.7077319],[139.7332808,35.7077046],[139.7332016,35.7076888],[139.7331394,35.7076656],[139.7330846,35.7076358],[139.7330007,35.7074917],[139.7329274,35.7074816],[139.7327895,35.7075162],[139.732494,35.7074855],[139.7323544,35.7077218],[139.7321784,35.7077942],[139.7321602,35.7077975],[139.7320831,35.7078307],[139.7319858,35.7079118],[139.7318995,35.7079837],[139.7317183,35.7080239],[139.731687,35.7080479],[139.7313537,35.7080881],[139.7314074,35.7083724],[139.7314418,35.7085968],[139.7314988,35.7089014],[139.7315502,35.709216],[139.7315745,35.7093814],[139.7313123,35.7094052],[139.7312873,35.7092629],[139.7311162,35.709285],[139.7311411,35.7094561],[139.7309488,35.7094742],[139.7309228,35.7093061],[139.7307422,35.7093267],[139.7307661,35.7094985],[139.7306303,35.7095057],[139.7306576,35.7093342],[139.7303049,35.7093008],[139.7299968,35.7092762],[139.729967,35.70942],[139.7298968,35.70941],[139.7298985,35.7093753],[139.7298011,35.7093625],[139.7297471,35.7094707],[139.7293869,35.709395],[139.7292921,35.7093764],[139.7292656,35.7094514],[139.7290788,35.7094133],[139.7291082,35.709319],[139.7288092,35.709287],[139.7286664,35.7092845],[139.7286645,35.7092633],[139.7284121,35.7092267],[139.7283568,35.7093169],[139.7280685,35.7093209],[139.7280794,35.7094083],[139.7279494,35.7094145],[139.7279392,35.7097948],[139.7279326,35.709906],[139.727771,35.7099016],[139.7277548,35.709784],[139.7275881,35.7097778],[139.7275276,35.709782],[139.7275539,35.7099214],[139.7273933,35.7099361],[139.7270191,35.709986],[139.7268999,35.7100006],[139.7269119,35.7100969],[139.7266629,35.7101078],[139.7265601,35.7099914],[139.72649,35.7099998],[139.7263978,35.709677],[139.7260063,35.7097675],[139.7259321,35.7095378],[139.7260827,35.7095064],[139.7261036,35.709576],[139.7262622,35.709542],[139.7261782,35.709269],[139.7258663,35.7093345],[139.725846,35.7092766],[139.7257142,35.709318],[139.7252488,35.7094573],[139.7253732,35.7097698],[139.7251775,35.7098327],[139.7251408,35.7097601],[139.7249947,35.7098108],[139.7250256,35.7098681],[139.7248098,35.7099326],[139.7247911,35.70989],[139.7246028,35.7099491],[139.724128,35.7101016],[139.7240562,35.710118],[139.723987,35.7100397],[139.7238748,35.7099298],[139.7238641,35.7099111],[139.7237158,35.7099574],[139.7237974,35.7101284],[139.7235336,35.7101998],[139.7235675,35.7102811],[139.7234382,35.7103154],[139.7234882,35.7104325],[139.7234254,35.7106701],[139.7232187,35.7107269],[139.723346,35.7110037],[139.722939,35.7111182],[139.7229909,35.7112332],[139.7228024,35.7112822],[139.7227704,35.7112121],[139.7225771,35.7112656],[139.7226314,35.7113915],[139.7220522,35.71156],[139.7221409,35.7117119],[139.7222557,35.7119279],[139.7223166,35.7120368],[139.7224302,35.7123013],[139.7222601,35.7124031],[139.7221469,35.7124474],[139.7220563,35.7124827],[139.7219153,35.7125121],[139.7217497,35.7125308],[139.7215463,35.7125316],[139.7213269,35.7125094],[139.7211303,35.7124636],[139.7209475,35.7125038],[139.7208568,35.7124824],[139.7208169,35.7126214],[139.7206615,35.7125945],[139.7206643,35.7125789],[139.7205422,35.7125682],[139.7206135,35.7127127],[139.7206757,35.7126945],[139.7206907,35.7127329],[139.7208282,35.712724],[139.7208369,35.7127972],[139.7207322,35.7128091],[139.7207286,35.7127962],[139.7205293,35.7128507],[139.7204257,35.7126297],[139.7203385,35.7125569],[139.7203653,35.7124287],[139.7202295,35.7124143],[139.720247,35.7123006],[139.7201272,35.7122973],[139.7198647,35.7123077],[139.7197332,35.7124582],[139.719757,35.7125524],[139.7198763,35.7125386],[139.7199059,35.7127651],[139.719921,35.7128848],[139.719783,35.7129289],[139.7197443,35.7129609],[139.7196067,35.713019],[139.7195729,35.7129765],[139.7195441,35.7129314],[139.7195165,35.7128845],[139.7194856,35.7128573],[139.719453,35.7127878],[139.7193994,35.7128014],[139.7193771,35.712758],[139.7193372,35.7126771],[139.7193867,35.7126595],[139.7192969,35.7124822],[139.719208,35.7125041],[139.7187172,35.7126231],[139.7184658,35.7126849],[139.7184064,35.7125042],[139.7180829,35.7125836],[139.7181464,35.7127635],[139.7178639,35.7128319],[139.7176434,35.7128766],[139.7175583,35.712888],[139.7173482,35.7129171],[139.7171088,35.7129507],[139.7170336,35.7129571],[139.7167639,35.7129786],[139.7166832,35.7131102],[139.7166161,35.7132798],[139.7165064,35.7134099],[139.716391,35.7134859],[139.716243,35.713535],[139.7160666,35.7135848],[139.715746,35.7136491],[139.7156678,35.713473],[139.7154987,35.713127],[139.71509,35.7131476],[139.7148952,35.7131847],[139.7148658,35.7130733],[139.7146487,35.7131101],[139.7142772,35.7132702],[139.7142676,35.7132743],[139.7138196,35.7134676],[139.7137313,35.7135325],[139.7134525,35.7137385],[139.7133215,35.7138455],[139.7128835,35.7142035],[139.7125786,35.7144485],[139.7122594,35.7146769],[139.7119461,35.714801],[139.7116705,35.7147961],[139.7115747,35.7147947],[139.7114838,35.7147933],[139.7113954,35.7147262],[139.71136,35.7147183],[139.7110813,35.7145401],[139.7109805,35.714448],[139.7107763,35.7142224],[139.7105493,35.713956],[139.7105152,35.7138951],[139.7104109,35.7136964],[139.7103079,35.7135613],[139.7101731,35.7135839],[139.7101959,35.7136657],[139.7101537,35.7136732],[139.7101231,35.7135656],[139.7100163,35.7135698],[139.7100256,35.713619],[139.7098832,35.7136708],[139.7098775,35.7136501],[139.7098041,35.7136503],[139.7098017,35.7137526],[139.7096211,35.7137619],[139.7094947,35.7137626],[139.7094314,35.7139217],[139.7091822,35.7138767],[139.7089525,35.7138547],[139.7085351,35.7138329],[139.7080833,35.713812],[139.7079246,35.7138065],[139.7077855,35.7138178],[139.7075179,35.7138435],[139.7075164,35.7137644],[139.7075136,35.7137268],[139.7073697,35.7137273],[139.7073692,35.7136954],[139.7070233,35.7137021],[139.7070171,35.7136188],[139.7068726,35.7136187],[139.7067964,35.7136106],[139.706534,35.7135613],[139.7063831,35.7135326],[139.7063478,35.7135261],[139.7062445,35.7135269],[139.7060543,35.7135285],[139.7058047,35.7136207],[139.7058658,35.7137661],[139.7058725,35.7138317],[139.7052181,35.713906],[139.7052517,35.7140785],[139.7057807,35.7140251],[139.705793,35.7141205],[139.7056677,35.7141326],[139.7056987,35.7143226],[139.7055526,35.7143362],[139.7055799,35.7144728],[139.7054992,35.7145155],[139.7053968,35.7145447],[139.7052837,35.7146447],[139.7049988,35.7146867],[139.704569,35.7146721],[139.7043087,35.7147319],[139.7041864,35.7147668],[139.7046376,35.7161358],[139.7047469,35.7164672],[139.7054176,35.7163345],[139.7054826,35.7163327],[139.7054919,35.7165529],[139.7053114,35.7165568],[139.7053903,35.7167815],[139.7055387,35.7167452],[139.7055384,35.7166613],[139.7056504,35.7166613],[139.7056373,35.7169836],[139.7055492,35.7171631],[139.705549,35.7172312],[139.7056605,35.7174132],[139.7056769,35.7176794],[139.7054841,35.7177164],[139.7057707,35.7185699],[139.7055418,35.7188065],[139.7054506,35.7188774],[139.705315,35.7189909],[139.705232,35.7190862],[139.7051617,35.7191853],[139.7051056,35.7193085],[139.7050334,35.7194931],[139.7049017,35.7197769],[139.7045287,35.7201327],[139.7047059,35.7202702],[139.7048674,35.7205474],[139.7047958,35.7206763],[139.7047036,35.7206868],[139.7047205,35.7208565],[139.7049268,35.7208395],[139.7050184,35.7207924],[139.7050686,35.7208232],[139.7051179,35.7207991],[139.7054136,35.721067],[139.7055873,35.7212291],[139.7057326,35.7213509],[139.7058247,35.7214791],[139.7054655,35.7216215],[139.7050876,35.7217698],[139.705032,35.7218004],[139.7046938,35.7220197],[139.7044554,35.7222047],[139.7043045,35.7222158],[139.7043181,35.7223009],[139.7043635,35.722386],[139.7044387,35.7225066],[139.7045002,35.7225928],[139.7046109,35.722689],[139.7046431,35.7227192],[139.704689,35.7227916],[139.7045788,35.722841],[139.704233,35.7229487],[139.7038464,35.7230637],[139.7036088,35.723125],[139.7031491,35.7232115],[139.7028399,35.7232612],[139.7027345,35.7232781],[139.7023844,35.7233349],[139.701665,35.7233912],[139.700898,35.7234518],[139.7005418,35.7234311],[139.7003579,35.7234218],[139.7002374,35.7234256],[139.7001236,35.7234446],[139.6999097,35.7234956],[139.6998376,35.7233618],[139.699733,35.7231771],[139.6996708,35.7230779],[139.6995706,35.7229478],[139.699523,35.7228247],[139.6995097,35.7227852],[139.6993962,35.7227738],[139.6991755,35.722739],[139.6991371,35.7227244],[139.6991501,35.7226956],[139.6990364,35.7226479],[139.6989729,35.7227469],[139.698893,35.722708],[139.6989588,35.7225977],[139.6987791,35.7224973],[139.6986634,35.7223924],[139.6985364,35.7223312],[139.6985005,35.7223199],[139.6983915,35.7222854],[139.6981994,35.7221969],[139.6980619,35.7221496],[139.6979704,35.7221302],[139.6979717,35.7221918],[139.6977139,35.7221384],[139.6975371,35.7221098],[139.697312,35.7221003],[139.6973053,35.7221458],[139.6969672,35.7221473],[139.6969681,35.7221741],[139.696593,35.7221808],[139.6965933,35.7221243],[139.6964561,35.722124],[139.6964529,35.7222631],[139.6960489,35.7222583],[139.6960499,35.722147],[139.6958255,35.7221486],[139.6958236,35.722078],[139.6957351,35.7220781],[139.6957341,35.7221051],[139.6955195,35.7221159],[139.6955213,35.7221396],[139.6953068,35.7221515],[139.6953005,35.7221358],[139.6952242,35.7221481],[139.6952546,35.7222458],[139.6947044,35.7223933],[139.6946483,35.7222728],[139.6946011,35.722186],[139.6942548,35.7223185],[139.6941469,35.7223635],[139.6940469,35.7223917],[139.6939654,35.7224067],[139.6938288,35.7224212],[139.6932167,35.7224655],[139.6925988,35.7225189],[139.6924378,35.7225373],[139.692223,35.7225621],[139.6916805,35.7226161],[139.6910724,35.7226758],[139.6907559,35.7227042],[139.6900178,35.7227806],[139.6896761,35.7228106],[139.6895515,35.7228145],[139.6895334,35.7228151],[139.6892913,35.7228211],[139.6886721,35.7228353],[139.6876985,35.7228515],[139.6871086,35.7228631],[139.6866192,35.7228799],[139.6863301,35.7228833],[139.6860817,35.7228814],[139.6860625,35.7228791],[139.6856046,35.7228245],[139.6850596,35.7227548],[139.6846409,35.7227164],[139.6843949,35.7226885],[139.6843679,35.7228872],[139.6843665,35.722983],[139.6843577,35.723129],[139.6843335,35.7232752],[139.6842125,35.7237629],[139.6839124,35.7237336],[139.6836503,35.7236987],[139.6833825,35.7236511],[139.6832648,35.7236318],[139.6831703,35.7236071],[139.6829884,35.723576],[139.6828958,35.7237922],[139.6827121,35.7237485],[139.6825832,35.7240029],[139.6821955,35.7238877],[139.6819373,35.7245105],[139.6822895,35.7245555],[139.6822185,35.7247195],[139.6821987,35.7247146],[139.6821013,35.724707],[139.6820803,35.7247614],[139.681977,35.7248691],[139.6819386,35.7249517],[139.6819116,35.7250534],[139.6819068,35.7251227],[139.6819097,35.7251973],[139.6819192,35.7252329],[139.6819228,35.7252466],[139.6818641,35.7253625],[139.6818439,35.7254118],[139.6818199,35.7254899],[139.6818207,35.7255535],[139.6817311,35.7260147],[139.6817285,35.7260246],[139.6816448,35.7263428],[139.6817707,35.726371],[139.6817442,35.7264703],[139.6815322,35.7264395],[139.68148,35.7266632],[139.6816591,35.7266871],[139.6815337,35.7268754],[139.6814813,35.726947],[139.6814619,35.7271181],[139.6814181,35.7271791],[139.6813407,35.7272635],[139.6812115,35.7273923],[139.6810335,35.7275321],[139.6807143,35.7277559],[139.6806258,35.7276437],[139.6806287,35.7276062],[139.6804597,35.7276947],[139.6800934,35.7278834],[139.6799131,35.7279763],[139.679407,35.7282301],[139.679266,35.7284424],[139.6792852,35.7284511],[139.6793228,35.7284846],[139.6793661,35.7285155],[139.6791044,35.7286652],[139.6786994,35.7288914],[139.6780328,35.7292765],[139.6776569,35.7294985],[139.6775274,35.7295612],[139.6773046,35.7296689],[139.6768171,35.7299039],[139.676797,35.7295265],[139.6767846,35.7292308],[139.6767388,35.7286286],[139.6767394,35.7283056],[139.6767582,35.7277121],[139.6766046,35.7273113],[139.6765645,35.7272088],[139.6764805,35.7270133],[139.6763281,35.7267708],[139.6761281,35.7264537],[139.6759019,35.7260886],[139.6757605,35.7258551],[139.6757039,35.7255911],[139.6756411,35.7253057],[139.6755999,35.7251451],[139.6754529,35.7245395],[139.6753461,35.7241519],[139.6753535,35.7239007],[139.6754124,35.7236315],[139.6754707,35.7234215],[139.6756231,35.7229298],[139.6757073,35.7226622],[139.6757902,35.7224181],[139.67582,35.7223016],[139.6758336,35.7221965],[139.6758378,35.7220266],[139.6757121,35.7213751],[139.6745682,35.7213766],[139.6744816,35.7206547],[139.674409,35.7206594],[139.6743733,35.7204989],[139.6743434,35.720423],[139.6741122,35.7204674],[139.6738744,35.7205046],[139.6736975,35.7205735],[139.6735925,35.7206107],[139.6735391,35.7206143],[139.6734933,35.7204464],[139.6732832,35.7196972],[139.6732748,35.7196639],[139.6735351,35.7195176],[139.6737827,35.719273],[139.6734181,35.7187856],[139.6734446,35.7184841],[139.6752839,35.7190845],[139.6752022,35.7193627],[139.675188,35.7194593],[139.6751929,35.7195463],[139.6752164,35.7198562],[139.6752621,35.7199579],[139.675303,35.7200376],[139.6754386,35.7199997],[139.6756237,35.7199042],[139.6755875,35.7198529],[139.6757114,35.7197961],[139.6756557,35.7196449],[139.6762276,35.7195095],[139.6763691,35.7194718],[139.6764287,35.7196734],[139.6766472,35.7196226],[139.6768261,35.7195588],[139.6771839,35.7193427],[139.6776438,35.7189166],[139.6781771,35.718413],[139.6783271,35.7181651],[139.6785263,35.7181676],[139.6786105,35.7181675],[139.6787962,35.7181697],[139.6789046,35.7181366],[139.6789165,35.7181307],[139.6789119,35.7179771],[139.6789102,35.7179206],[139.6789146,35.7177378],[139.6789295,35.7176558],[139.678966,35.7175053],[139.6790801,35.7171286],[139.6790844,35.717117],[139.6791346,35.7169806],[139.679052,35.7169535],[139.6792225,35.7166419],[139.6793312,35.7166759],[139.6794816,35.7165251],[139.679503,35.7164907],[139.6795175,35.7164559],[139.6795344,35.7163297],[139.6795241,35.7162634],[139.6794574,35.7161293],[139.6793693,35.7159433],[139.6792479,35.7156575],[139.6791602,35.7156671],[139.6791414,35.7155629],[139.6791285,35.7154916],[139.6791144,35.7154139],[139.6790808,35.7152879],[139.6790644,35.7152171],[139.679062,35.7151375],[139.6790641,35.7150848],[139.6790907,35.7149792],[139.6791173,35.7148866],[139.6791844,35.7147709],[139.679299,35.7146143],[139.6794009,35.7145352],[139.6796198,35.7143643],[139.6797583,35.7142792],[139.6799589,35.7141673],[139.6800176,35.714245],[139.6802953,35.7145747],[139.6808651,35.7145034],[139.6808076,35.7140824],[139.6808072,35.7140244],[139.6809336,35.7140336],[139.6811545,35.7140494],[139.6813713,35.7140753],[139.681841,35.7141315],[139.681866,35.7139184],[139.6815653,35.7138483],[139.6812595,35.7137579],[139.6810649,35.7136908],[139.6810777,35.7134886],[139.680993,35.7134689],[139.6809926,35.7132659],[139.6811292,35.7132686],[139.6813011,35.71323],[139.6813639,35.7132972],[139.6815043,35.7133238],[139.681663,35.7133341],[139.6817545,35.7133133],[139.682025,35.7133015],[139.6820177,35.7131999],[139.6820106,35.7131194],[139.6819923,35.7130335],[139.6819747,35.7129983],[139.681953,35.7129663],[139.6818599,35.7128831],[139.6818055,35.7128252],[139.6817618,35.7127507],[139.6816897,35.7126822],[139.6815968,35.7125782],[139.6815259,35.7125],[139.6814771,35.7124237],[139.6813528,35.7123419],[139.681269,35.712219],[139.6812192,35.7121519],[139.681176,35.7121182],[139.6809942,35.7120657],[139.6808328,35.7119221],[139.6808039,35.7118538],[139.6808241,35.7118076],[139.6808562,35.7117695],[139.6808715,35.7117447],[139.6808585,35.7117187],[139.6807887,35.7116683],[139.6807503,35.71159],[139.680551,35.7114423],[139.680329,35.7114241],[139.6801409,35.7114032],[139.6800765,35.7113685],[139.6800234,35.7113291],[139.680028,35.7110527],[139.6801247,35.7110383],[139.6802064,35.71104],[139.6803067,35.7110578],[139.6803766,35.711068],[139.6804489,35.7110932],[139.6805227,35.711107],[139.6806375,35.7111115],[139.6806648,35.7111102],[139.6809775,35.7110547],[139.6811374,35.7110024],[139.6812261,35.7109713],[139.6817732,35.7107758],[139.6818005,35.7107533],[139.6818241,35.7107319],[139.6818717,35.7106753],[139.6820084,35.7105584],[139.6826756,35.7100997],[139.6827458,35.710053],[139.6827623,35.710007],[139.683778,35.7101876],[139.6843647,35.7102996],[139.6844796,35.710325],[139.6846085,35.7103489],[139.6847227,35.7103711],[139.6850625,35.7104482],[139.6865936,35.7108104],[139.6872727,35.7109771],[139.6874079,35.7110126],[139.6879696,35.7111375],[139.6881674,35.7111708],[139.6883458,35.7111935],[139.6886042,35.711212],[139.689023,35.7112415],[139.6896076,35.7112718],[139.6901322,35.7113007],[139.6900752,35.7109635],[139.6900522,35.710821],[139.6900675,35.7107933],[139.6902092,35.7107399],[139.690937,35.7105341],[139.6911107,35.7104896],[139.6911832,35.7107931],[139.6914065,35.7107413],[139.6915467,35.7110328],[139.6919345,35.7108833],[139.6921726,35.710788],[139.6922133,35.7107677],[139.6923324,35.7107122],[139.6925367,35.7105834],[139.692654,35.7108024],[139.6926758,35.710888],[139.6926878,35.7109641],[139.6926959,35.711147],[139.6927089,35.7111683],[139.6941477,35.711039],[139.6942858,35.7110266],[139.6942731,35.7110004],[139.6942608,35.7109766],[139.6941785,35.7108126],[139.6941529,35.7107615],[139.6940645,35.7106195],[139.6939894,35.7104984],[139.693862,35.7103412],[139.6938031,35.7102679],[139.6936379,35.7101166],[139.6933971,35.7099006],[139.6933482,35.7098585],[139.6933118,35.7098262],[139.6931081,35.7096768],[139.6927275,35.7095096],[139.6923772,35.7094353],[139.6922015,35.709389],[139.6919857,35.709306],[139.6918315,35.7092265],[139.6916093,35.7090479],[139.6913985,35.7088786],[139.6911953,35.7087146],[139.6908626,35.708523],[139.6906962,35.7084261],[139.6903614,35.7082564],[139.6899678,35.708057],[139.6896051,35.7078766],[139.6893046,35.7077313],[139.6890772,35.7076206],[139.6888145,35.7074827],[139.688613,35.7073491],[139.6884553,35.7071757],[139.6883083,35.7069257],[139.6882599,35.7067643],[139.6880503,35.7060901],[139.68804,35.7060571],[139.6879788,35.7058492],[139.6878607,35.7055177],[139.6877047,35.7050197],[139.6876271,35.7047627],[139.6875397,35.704369],[139.6875167,35.7042646],[139.6874734,35.703716],[139.6874121,35.7029228],[139.6874046,35.7028253],[139.6874115,35.7024719],[139.6874338,35.7020397],[139.6874476,35.7018263],[139.6874583,35.7017825],[139.6874981,35.7016231],[139.6875021,35.7016071],[139.6875258,35.7015072],[139.6877106,35.7012247],[139.6879264,35.7008879],[139.6881063,35.7006026],[139.6882285,35.7003258],[139.6882746,35.7002198],[139.6883749,35.6998372],[139.6883833,35.6995472],[139.6883859,35.6994597],[139.6883663,35.6992456],[139.6883575,35.6991466],[139.688305,35.6989571],[139.6882339,35.6987541],[139.6881995,35.6986537],[139.68801,35.698332],[139.6878615,35.6981546],[139.6877806,35.6980595],[139.6875578,35.6978405],[139.6874472,35.6977301],[139.6873533,35.6976151],[139.6872296,35.697464],[139.687138,35.6973273],[139.6870334,35.6971716],[139.6868838,35.6968838],[139.6867394,35.6966154],[139.6866295,35.6963858],[139.6866132,35.6963504],[139.6865517,35.6962195],[139.6864578,35.6960422],[139.6863721,35.6958768],[139.6862699,35.6956822],[139.6861914,35.6955245],[139.6861029,35.695347],[139.6860136,35.6951663],[139.6858713,35.6948789],[139.6857372,35.6946146],[139.6856734,35.6944898],[139.6855856,35.6943238],[139.6855298,35.6942216],[139.6853987,35.6939927],[139.6851684,35.6937582],[139.6850136,35.693602],[139.6847624,35.6933791],[139.6844229,35.6930826],[139.6841025,35.6928425],[139.6837532,35.6926522],[139.6835427,35.6925661],[139.6835793,35.6924946],[139.6836411,35.6923402],[139.6837409,35.6921123],[139.6839439,35.6921088],[139.6842212,35.6921396],[139.6844768,35.6921567],[139.6844896,35.6920859],[139.6844808,35.6920261],[139.6844495,35.6919944],[139.6842244,35.6918052],[139.6845157,35.691631],[139.6848679,35.6914403],[139.6848495,35.6913539],[139.6848074,35.6912271],[139.6847741,35.6911551],[139.6846693,35.6909952],[139.6844393,35.6906929],[139.6843672,35.690519],[139.6843263,35.6905289],[139.6842257,35.6904272],[139.6840697,35.69021],[139.683962,35.6900532],[139.6838589,35.6900222],[139.6837457,35.6899705],[139.6836974,35.6898604],[139.6838606,35.6896052],[139.6834523,35.689423],[139.6833778,35.6891782],[139.683306,35.6891851],[139.6832869,35.6890791],[139.6833739,35.6890687],[139.6833385,35.68903],[139.6833095,35.6889647],[139.6831576,35.6886289],[139.6833227,35.688482],[139.6833205,35.6883276],[139.6834321,35.6881361],[139.6834295,35.6879942],[139.6835225,35.6878989],[139.6837047,35.6877356],[139.6837624,35.6876761],[139.6839125,35.6875335],[139.6840322,35.687429],[139.6845172,35.6875404],[139.6857389,35.6877652],[139.6857502,35.6876421],[139.6858158,35.6873606],[139.6858158,35.6873302],[139.6857965,35.687309],[139.6855684,35.6872415],[139.6855219,35.6872144],[139.6855031,35.6871819],[139.6856258,35.6864933],[139.6855896,35.6864415],[139.6850728,35.6864038],[139.6846841,35.6863337],[139.6847222,35.686157],[139.684773,35.6858593],[139.684825,35.6857393],[139.6848811,35.685573],[139.6849771,35.6853901],[139.6852493,35.6848992],[139.685428,35.6845877],[139.6854939,35.6845429],[139.6856589,35.6841574],[139.6856943,35.6841018],[139.6857046,35.6840855],[139.6859372,35.6836101],[139.6859299,35.6835418],[139.685819,35.6834756],[139.6874409,35.6817221],[139.6883256,35.6822951],[139.6884919,35.6824028],[139.6888314,35.6826234],[139.6898722,35.6833559],[139.6907856,35.683934],[139.6908673,35.6839831],[139.6910216,35.6840761],[139.6913119,35.6842512],[139.6914265,35.684333],[139.6919761,35.6847312],[139.6923676,35.6850173],[139.6926105,35.6852017],[139.6929543,35.685449],[139.6934285,35.6858101],[139.6941691,35.6863478],[139.6942699,35.6864168],[139.6946073,35.6866425],[139.694759,35.6867175],[139.6949839,35.6868313],[139.695376,35.6870029],[139.6954624,35.6870407],[139.695716,35.6871441],[139.6957935,35.6871691],[139.6958401,35.6871691],[139.6959197,35.6871553],[139.695995,35.6871613],[139.6963452,35.6873509],[139.6963844,35.6874112],[139.6966433,35.6875637],[139.6969436,35.6877025],[139.6972841,35.68783],[139.6978413,35.6880428],[139.6983921,35.6882561],[139.6988457,35.6884191],[139.6991181,35.6885208],[139.6995072,35.6886749],[139.6996203,35.6883974],[139.6998465,35.6884685],[139.6997273,35.6887736],[139.6998343,35.6888003],[139.7000848,35.6888339],[139.7001396,35.6888404],[139.7004535,35.6888775],[139.7005757,35.6888928],[139.7008834,35.6889388],[139.7011676,35.6889809],[139.7012585,35.6889956],[139.7012542,35.6890129],[139.701357,35.6890267],[139.7014993,35.6890672],[139.7016039,35.6891013],[139.7017498,35.6891487],[139.7018921,35.6892169],[139.7020806,35.6893166],[139.7021537,35.6893449],[139.7022595,35.6889812],[139.7019443,35.6883156],[139.7023335,35.6883729],[139.7025443,35.6882698],[139.7026241,35.6880818],[139.7026878,35.6879465],[139.7027864,35.6878983],[139.7028597,35.6878813],[139.7030652,35.6879074],[139.7035448,35.6879821],[139.7037311,35.6880097],[139.7041427,35.6880136],[139.7047138,35.6880349],[139.7050715,35.6880511],[139.7051283,35.6880205],[139.7050977,35.6878353],[139.7055409,35.6878319],[139.706176,35.686842],[139.7068053,35.6861823],[139.7068541,35.6854617],[139.7070057,35.6846414],[139.7072154,35.6846398],[139.7075528,35.6846161],[139.7079926,35.6843315],[139.7092651,35.6841918],[139.7092935,35.6841888],[139.7095614,35.6840497],[139.7097986,35.683956],[139.7100561,35.6837058],[139.7112711,35.6833385],[139.7132196,35.6820107],[139.7136873,35.6816967],[139.7137063,35.6816839],[139.7136614,35.6816113],[139.7137887,35.6815426],[139.713753,35.6814831],[139.7141194,35.6811222],[139.7144384,35.680808],[139.7144998,35.6807475],[139.7143419,35.6801658],[139.7142465,35.6799503],[139.71422,35.6798904],[139.714161,35.6798409],[139.7141315,35.6798289],[139.7140401,35.6797978],[139.7140058,35.6792271],[139.7139879,35.6791616],[139.7139185,35.679127],[139.7133095,35.6779615],[139.7133724,35.6778801],[139.7133234,35.6777794],[139.7129862,35.677151],[139.7129677,35.6769983],[139.7129438,35.6768012],[139.7129033,35.6764967],[139.7127222,35.6763631],[139.7127667,35.6758076],[139.7127709,35.6756671],[139.7126993,35.6744221],[139.7127607,35.6744328],[139.7131085,35.6744885],[139.7133536,35.6745094],[139.7136009,35.6745188],[139.7136124,35.6745566],[139.7136703,35.674605],[139.713799,35.674652],[139.7138949,35.6747007],[139.7140018,35.6747418],[139.7141552,35.674821],[139.7148522,35.6748986],[139.7152251,35.6741495],[139.7150748,35.674098],[139.7151287,35.6740072],[139.715071,35.6739095],[139.7153677,35.673792],[139.7156144,35.6737672],[139.7162738,35.6732207],[139.7165117,35.6732954],[139.7186507,35.6740122],[139.7194673,35.6749821],[139.7198617,35.6753389],[139.719795,35.6755815],[139.7197082,35.6758915],[139.7196106,35.6762032],[139.7194658,35.67673],[139.7196965,35.6767857],[139.7196224,35.6769782],[139.7195312,35.6772674],[139.7192831,35.6780954],[139.7192422,35.6784048],[139.7191635,35.6785725],[139.7197353,35.6784067],[139.719737,35.6786651],[139.7197726,35.6788563],[139.7197775,35.6791629],[139.7198866,35.6791695],[139.7200372,35.6788762],[139.7204543,35.679052],[139.7207082,35.6791753],[139.7208366,35.6790891],[139.7208837,35.6790279],[139.7211152,35.6791182],[139.7211742,35.6789377],[139.7213637,35.678862],[139.7217057,35.6789372],[139.7217182,35.6790545],[139.7219265,35.6791222],[139.7221944,35.6791233],[139.7224485,35.6792023],[139.7224583,35.6791763],[139.722686,35.6791651],[139.7227415,35.6791955],[139.722804,35.6790534],[139.7233122,35.6790342],[139.7235441,35.6789587],[139.7235637,35.6789583],[139.7239079,35.6789508],[139.723926,35.678937],[139.7241411,35.6786771],[139.7244577,35.678843],[139.7246746,35.6789595],[139.7250114,35.6791636],[139.7251027,35.6792187],[139.7251518,35.6792354],[139.7253582,35.6792808],[139.7256734,35.6793462],[139.7258157,35.6793781],[139.7259875,35.6794395],[139.7261486,35.6795201],[139.726286,35.6796062],[139.726328,35.6796412],[139.7264428,35.679738],[139.7265688,35.6798666],[139.7266841,35.6800302],[139.7267474,35.6801475],[139.7269056,35.6805207],[139.7269129,35.6805378],[139.727193,35.6811657],[139.7274882,35.6818418],[139.7275503,35.6819602],[139.727568,35.6819931],[139.7280862,35.6825898],[139.7281172,35.6826246],[139.7281258,35.6826343],[139.728154,35.682649],[139.7281771,35.6826516],[139.7300023,35.6824868],[139.7300213,35.6824737],[139.7304734,35.6816255],[139.7306744,35.6812546],[139.7307391,35.6811654],[139.7307916,35.6811148],[139.7317655,35.6814442],[139.7315753,35.6818161],[139.7306814,35.6835905],[139.73036,35.6842285],[139.7301347,35.6850171],[139.7303824,35.6859677],[139.7304856,35.6863457],[139.7307463,35.6873351],[139.730834,35.6875813],[139.7309823,35.6879974],[139.7313095,35.6887599],[139.7316172,35.689112],[139.7323985,35.6900059],[139.7337211,35.6907525],[139.7342351,35.691043],[139.7352553,35.6916195],[139.7354585,35.6917678],[139.7356188,35.6918848],[139.7356149,35.6919328],[139.7357143,35.6919781],[139.7357468,35.6919391],[139.7374279,35.6930834],[139.7375817,35.6932288],[139.7378195,35.6934537],[139.7390212,35.6949829],[139.7391957,35.6952325],[139.7401638,35.6966166],[139.7402675,35.6967416],[139.7410596,35.697697],[139.7414932,35.698247],[139.7418804,35.6987382],[139.7428406,35.6998382],[139.7430052,35.7000119],[139.7429704,35.7000359],[139.743028,35.7001056],[139.7430539,35.7000876],[139.7431598,35.7002586],[139.7434683,35.7001195],[139.7439561,35.700856],[139.7441385,35.7011369],[139.7443078,35.7013586],[139.7440352,35.7015018],[139.7440051,35.7014675],[139.7436148,35.7016875],[139.7444309,35.7024742],[139.7447418,35.7023285],[139.7447806,35.7023497],[139.7448905,35.7024109],[139.7449497,35.7024438],[139.7449675,35.7024537],[139.7451394,35.7025289],[139.7450836,35.7025762],[139.7450662,35.7026068],[139.7449984,35.7027248],[139.7449389,35.702828],[139.7448387,35.7030023],[139.7447706,35.7031206],[139.7447018,35.703303],[139.744648,35.7034449],[139.7445869,35.7036137],[139.744524,35.7037909],[139.7444923,35.7038812],[139.7444446,35.7040463],[139.744416,35.704147],[139.744404,35.7041883],[139.7444001,35.7042018],[139.7443829,35.7042629],[139.7443643,35.7043286],[139.7443408,35.7044101],[139.7443242,35.7044677],[139.7443024,35.7045441],[139.7442865,35.7045984],[139.7442665,35.7046679],[139.744242,35.7047534],[139.7442307,35.7047923],[139.7442051,35.7048812],[139.7441806,35.7049664],[139.7441441,35.7050936],[139.7441131,35.7052015],[139.7440761,35.70533],[139.7440533,35.7054082],[139.7440173,35.7055327],[139.7439784,35.7056691],[139.7439317,35.7058312],[139.7438924,35.7059677],[139.7438518,35.7061088],[139.7438,35.7062891],[139.7437433,35.7064858],[139.743673,35.7067304],[139.7436243,35.7068919],[139.7435663,35.7070858],[139.7434953,35.707322],[139.7434183,35.7075774],[139.74335,35.7077208],[139.7433037,35.707771],[139.7432597,35.7078187],[139.7431214,35.7079672],[139.7430449,35.7080498],[139.742762,35.708167],[139.7424407,35.7082154],[139.7421287,35.7082612],[139.7417994,35.708309],[139.7413541,35.7083738],[139.7410484,35.7084184],[139.7406076,35.7084825],[139.7405897,35.7084851],[139.7399865,35.7085729],[139.7397319,35.7086101],[139.7396793,35.7086173],[139.7394126,35.7086568],[139.7391005,35.7087027],[139.7387426,35.7087549],[139.7387122,35.7087593],[139.73841,35.7088033],[139.738036,35.7088578],[139.7376144,35.7089191],[139.7372297,35.7089752]]]}},{"type":"Feature","properties":{"name":"文京区","name:en":"Bunkyō"},"geometry":{"type":"Polygon","coordinates":[[[139.7617909,35.7014682],[139.761801,35.7014655],[139.7618941,35.7014402],[139.762168,35.7013113],[139.7622701,35.7012367],[139.7623008,35.7012143],[139.762368,35.7011659],[139.762506,35.7010383],[139.7625714,35.7009779],[139.7626886,35.7008344],[139.7627906,35.7007096],[139.7629034,35.7005944],[139.7629791,35.7005182],[139.7631893,35.7003758],[139.7634565,35.700261],[139.7637304,35.7001999],[139.7643333,35.7000657],[139.7647471,35.699973],[139.7649946,35.6999082],[139.7650018,35.6999063],[139.7652205,35.6998471],[139.765455,35.6997842],[139.7657437,35.6997069],[139.7660303,35.6996308],[139.7662661,35.6995711],[139.7664336,35.6995314],[139.7665418,35.6998221],[139.7670269,35.6996733],[139.767276,35.7001309],[139.7674374,35.700038],[139.7675299,35.6999792],[139.7676198,35.699948],[139.7675676,35.6998611],[139.7683229,35.6994885],[139.7684361,35.6998445],[139.7686197,35.6998329],[139.7686689,35.7005224],[139.7686704,35.7005437],[139.7682643,35.7005457],[139.7681562,35.7006283],[139.7680637,35.700632],[139.767888,35.7007971],[139.7679269,35.7008302],[139.767774,35.7009267],[139.7673623,35.7011304],[139.7671477,35.7009366],[139.7669507,35.7010526],[139.766972,35.7011304],[139.7669808,35.7013274],[139.7662051,35.7018239],[139.7665618,35.7027011],[139.7666907,35.7026793],[139.7666611,35.7024887],[139.7666583,35.702471],[139.7674535,35.7025237],[139.7675661,35.7025527],[139.7676023,35.702556],[139.7675903,35.7027204],[139.7679483,35.7027422],[139.7679564,35.7026126],[139.7681468,35.7026246],[139.7681334,35.7027948],[139.7681012,35.7027945],[139.7680898,35.7028809],[139.7680189,35.7033247],[139.7680235,35.7033251],[139.7685003,35.7033864],[139.7691098,35.70333],[139.7693246,35.7032974],[139.7694229,35.7037002],[139.7696757,35.7036472],[139.7696837,35.7036886],[139.7698558,35.7037126],[139.7699122,35.704627],[139.7699582,35.7052349],[139.7700791,35.7073526],[139.7722986,35.7071741],[139.7724289,35.7080645],[139.7724617,35.7081441],[139.7724489,35.7083118],[139.7722455,35.7082995],[139.7721072,35.7082927],[139.7721028,35.7083253],[139.7715528,35.7082898],[139.7714732,35.7091435],[139.7699501,35.7088312],[139.7698465,35.7088121],[139.769177,35.7087019],[139.7691745,35.7087399],[139.7688884,35.7089135],[139.7688011,35.7088678],[139.7681709,35.7088211],[139.7679787,35.7087645],[139.7676602,35.7086309],[139.7665895,35.7086276],[139.7665886,35.708675],[139.7668843,35.708684],[139.7668754,35.7088063],[139.766587,35.7088003],[139.7665912,35.7091908],[139.7671691,35.709194],[139.7671674,35.7093919],[139.7667591,35.7093896],[139.7667483,35.7094282],[139.7667877,35.7094282],[139.766789,35.7094676],[139.7668157,35.7094677],[139.766813,35.7098234],[139.7666605,35.7098227],[139.7666554,35.7101894],[139.7668522,35.710193],[139.7668498,35.710282],[139.7666474,35.7102783],[139.766635,35.710387],[139.7667454,35.7103865],[139.7671891,35.7103788],[139.768038,35.7102563],[139.7680958,35.7103363],[139.7680973,35.7110428],[139.7673061,35.7110723],[139.7669715,35.7110848],[139.7669809,35.7112819],[139.7668535,35.7112993],[139.7668642,35.7114049],[139.7676273,35.7114692],[139.7676595,35.7120779],[139.7677507,35.7124165],[139.7677896,35.7125799],[139.7677269,35.7127676],[139.7677139,35.7127962],[139.7675576,35.7129107],[139.7673711,35.7130078],[139.7671478,35.7131098],[139.7667898,35.7131884],[139.7664942,35.7132404],[139.766032,35.7134055],[139.7656414,35.713544],[139.7656624,35.7136415],[139.7656954,35.7138104],[139.7657171,35.7139211],[139.7656702,35.7140304],[139.7655671,35.7142705],[139.7656576,35.7143976],[139.7658171,35.7146216],[139.7658944,35.7147583],[139.7659354,35.7148669],[139.765937,35.7149682],[139.7660361,35.714953],[139.7660605,35.7150779],[139.7660157,35.7154674],[139.76595,35.7156961],[139.7659253,35.7157383],[139.7658895,35.7158118],[139.7658722,35.7158201],[139.7658291,35.7158884],[139.7657851,35.7159532],[139.7655672,35.7162699],[139.7655216,35.7163728],[139.7654717,35.7164856],[139.7653024,35.7167673],[139.7652003,35.7167844],[139.7649923,35.7167655],[139.764701,35.7168313],[139.7646521,35.7168623],[139.7646181,35.7169111],[139.7645236,35.7170511],[139.7645074,35.7170802],[139.7644476,35.7171903],[139.7644358,35.7172123],[139.7644965,35.7172515],[139.7648389,35.717466],[139.7649266,35.7175211],[139.765281,35.7171741],[139.7654296,35.7170269],[139.7655252,35.7169341],[139.7657267,35.7167361],[139.7658887,35.7165785],[139.765932,35.7165282],[139.7659824,35.7164966],[139.766313,35.7166515],[139.766422,35.7166744],[139.7665253,35.7166954],[139.7667804,35.7168044],[139.7670601,35.716492],[139.7672663,35.7162341],[139.7673985,35.7160577],[139.7675884,35.7158037],[139.7677043,35.715645],[139.7680246,35.7156192],[139.7681613,35.7156694],[139.7686217,35.7156962],[139.7687471,35.7157272],[139.7687006,35.7158254],[139.7685727,35.7160691],[139.7685094,35.7161915],[139.768409,35.7163899],[139.7683793,35.7164349],[139.7683126,35.7165632],[139.7683099,35.7165672],[139.7682379,35.7166741],[139.7681785,35.7167872],[139.7681144,35.7169088],[139.76808,35.717008],[139.7680074,35.7171679],[139.7678986,35.7173],[139.7675808,35.7176533],[139.7674829,35.7177588],[139.7673204,35.7179361],[139.7671705,35.7180907],[139.7669461,35.7183221],[139.7668638,35.7184058],[139.7667765,35.7184947],[139.7665348,35.7187443],[139.7664875,35.7187994],[139.7664826,35.7188634],[139.7663514,35.7190078],[139.7662107,35.7191659],[139.7660662,35.7193188],[139.7659775,35.7194115],[139.7658356,35.7195545],[139.7657128,35.7196767],[139.7655901,35.7197865],[139.7653428,35.7200047],[139.7650008,35.7202922],[139.7646937,35.7205525],[139.76447,35.7207416],[139.7642561,35.7209264],[139.7640475,35.7211078],[139.763831,35.7212923],[139.7636725,35.7214361],[139.7636039,35.7214997],[139.7635671,35.7215458],[139.7635485,35.7215753],[139.7635455,35.7216011],[139.7635449,35.7216471],[139.7635498,35.7217419],[139.7635437,35.7217774],[139.7635298,35.7218011],[139.7634619,35.7218579],[139.7634157,35.7219002],[139.7634096,35.7219362],[139.7634197,35.7219572],[139.7634518,35.7220028],[139.7634928,35.7220456],[139.7635266,35.7220704],[139.7635544,35.7220935],[139.7635695,35.7221173],[139.7635805,35.7221702],[139.7635755,35.7222065],[139.7635588,35.7222346],[139.7635246,35.7222699],[139.7634923,35.7223116],[139.763479,35.7223453],[139.7634791,35.7223786],[139.7634874,35.7224391],[139.7634997,35.7224573],[139.7635225,35.7224805],[139.7636146,35.7225397],[139.7636666,35.7225686],[139.763689,35.7225915],[139.7637002,35.7226375],[139.7637517,35.7229206],[139.7637912,35.7229985],[139.7638401,35.7230533],[139.7638328,35.7230788],[139.7637725,35.7231878],[139.7637696,35.723222],[139.7637986,35.7232865],[139.7638407,35.7233682],[139.7638753,35.7234283],[139.7638916,35.7234776],[139.7639028,35.7235254],[139.7638907,35.7236527],[139.7638936,35.7237137],[139.7639098,35.7237421],[139.7639458,35.7237832],[139.7640028,35.723838],[139.7640312,35.7238845],[139.764039,35.7239086],[139.7640302,35.7239503],[139.7640154,35.7240267],[139.7640119,35.7240724],[139.7640153,35.7241092],[139.7640383,35.7241463],[139.7641785,35.7242502],[139.7642273,35.72434],[139.7642927,35.7244601],[139.7643014,35.7245265],[139.7643147,35.7245749],[139.7642234,35.7245938],[139.7642295,35.7246288],[139.7642275,35.7247221],[139.7642206,35.7247524],[139.7641554,35.7249234],[139.764139,35.7249902],[139.7641432,35.7250174],[139.7641534,35.7250636],[139.7641778,35.7251926],[139.7642134,35.7253872],[139.7642478,35.7255627],[139.7642974,35.725742],[139.7643639,35.7259558],[139.7644019,35.7261068],[139.764462,35.7263373],[139.7644857,35.7264112],[139.7645011,35.7264472],[139.7645477,35.7265247],[139.7645868,35.7266365],[139.7647138,35.7270251],[139.7647812,35.7271693],[139.7647775,35.7272448],[139.7647768,35.7273733],[139.7647826,35.7273928],[139.7648104,35.7274531],[139.7648351,35.7275548],[139.7648447,35.7276201],[139.76481,35.7277605],[139.7646697,35.7279922],[139.7645885,35.7281936],[139.7644966,35.7284997],[139.7644359,35.7286715],[139.7643895,35.7287582],[139.7642728,35.7289567],[139.7641135,35.7291828],[139.764014,35.729344],[139.7638818,35.7295644],[139.7638393,35.7296212],[139.763759,35.7297336],[139.7636896,35.7298187],[139.7634901,35.7300618],[139.7634643,35.7300972],[139.7632932,35.7303322],[139.7632224,35.7304128],[139.763159,35.7304898],[139.7630557,35.7306164],[139.7629645,35.7307278],[139.7629039,35.7308011],[139.7628061,35.7309192],[139.7627444,35.7309956],[139.7627241,35.7310202],[139.762661,35.7310986],[139.7625847,35.7311909],[139.7625518,35.7312325],[139.7625479,35.7312349],[139.7624603,35.7313472],[139.7623101,35.731543],[139.7622652,35.7316014],[139.7622456,35.7316157],[139.762083,35.731724],[139.7619889,35.7317095],[139.7617193,35.7317482],[139.7616408,35.7317888],[139.7615191,35.7319589],[139.7614344,35.7321322],[139.7614085,35.7321872],[139.7613509,35.7323935],[139.7612916,35.7323608],[139.7612234,35.7322982],[139.7611661,35.7322742],[139.7610754,35.7322125],[139.7609378,35.7321198],[139.7607977,35.7320146],[139.760628,35.7318848],[139.7605753,35.7318571],[139.7603754,35.7318078],[139.7601501,35.7317111],[139.7599406,35.7318648],[139.7598876,35.7318926],[139.7595688,35.7320571],[139.7594634,35.7321419],[139.759403,35.7322268],[139.7593448,35.7322648],[139.7591215,35.7324234],[139.7589125,35.7325658],[139.7587215,35.7326586],[139.7586609,35.7326755],[139.7586528,35.7326778],[139.7583632,35.7327582],[139.7580356,35.7328701],[139.7576531,35.7330098],[139.7573618,35.733161],[139.757033,35.7333761],[139.7567199,35.7335504],[139.756452,35.7336652],[139.7561841,35.7337798],[139.7559909,35.7338277],[139.7559158,35.7338299],[139.7555544,35.7339487],[139.7552528,35.7340973],[139.7551081,35.7341812],[139.7549578,35.7342451],[139.7549361,35.7342538],[139.7547694,35.734321],[139.7545493,35.7344112],[139.7543197,35.7345908],[139.7541647,35.7346344],[139.753935,35.7347679],[139.7537732,35.734887],[139.753642,35.7349929],[139.753535,35.7350824],[139.7534013,35.7349774],[139.7533786,35.7350102],[139.7532045,35.7350816],[139.7531248,35.7351299],[139.7530138,35.7351341],[139.752923,35.7351711],[139.7528409,35.735212],[139.7526838,35.7352491],[139.7526568,35.7352683],[139.7525896,35.7352477],[139.7522006,35.7351287],[139.7521463,35.735097],[139.7520317,35.7350664],[139.7519329,35.7350322],[139.7517204,35.7349589],[139.7516557,35.7348873],[139.7515126,35.7347441],[139.7514563,35.7347736],[139.7513828,35.7348063],[139.7508943,35.7346694],[139.7509113,35.7344308],[139.7503047,35.7343771],[139.7503093,35.7342644],[139.7501863,35.7342388],[139.7504768,35.7340963],[139.7506043,35.7340991],[139.7506244,35.7339454],[139.7505318,35.7338388],[139.7504311,35.7337553],[139.7501991,35.7335607],[139.750302,35.7334781],[139.7500203,35.7333169],[139.7499737,35.7333631],[139.7498897,35.7333131],[139.7499364,35.7332594],[139.7498759,35.7332276],[139.7498298,35.7332003],[139.7497701,35.73327],[139.7496386,35.7332064],[139.7496712,35.7331625],[139.7495178,35.7330814],[139.7495504,35.7330421],[139.7494311,35.7329743],[139.7493977,35.7329557],[139.7494113,35.732937],[139.7492575,35.7328575],[139.7491801,35.7329534],[139.7489529,35.7328321],[139.7489383,35.7328566],[139.7491482,35.7329716],[139.749054,35.7330779],[139.74888,35.7329867],[139.7487538,35.7331348],[139.7485933,35.7330344],[139.7485554,35.733076],[139.7490385,35.7333986],[139.7489311,35.7335303],[139.7487752,35.7334508],[139.7486979,35.7335603],[139.7486272,35.7336483],[139.748574,35.7336244],[139.7484803,35.7337511],[139.7482421,35.7334866],[139.747843,35.7340404],[139.7474432,35.7345976],[139.7476787,35.7347012],[139.7477105,35.7346575],[139.7478319,35.7347155],[139.7477738,35.7347942],[139.7477477,35.7347851],[139.7476929,35.7348775],[139.7477708,35.7349142],[139.7476127,35.735172],[139.7475104,35.7351289],[139.747469,35.735193],[139.7473716,35.735152],[139.7472426,35.7353575],[139.7469415,35.7352094],[139.7468647,35.7351623],[139.746672,35.7352563],[139.7462308,35.7354698],[139.7460525,35.7355562],[139.7456953,35.7357366],[139.745292,35.7359098],[139.7452514,35.7358052],[139.7444448,35.7355321],[139.7441075,35.7350888],[139.7435893,35.7348791],[139.7433972,35.7346813],[139.7433313,35.7346139],[139.7430429,35.7347149],[139.7423231,35.7335579],[139.7425721,35.7333979],[139.7426827,35.7334947],[139.7428854,35.7333478],[139.7429524,35.7333443],[139.7430621,35.7332629],[139.7431398,35.7332484],[139.7432716,35.7331591],[139.7432715,35.7331198],[139.7433632,35.7330376],[139.7431854,35.7329163],[139.7433292,35.7327848],[139.7434286,35.7326968],[139.7433093,35.7326097],[139.7428918,35.7323069],[139.7425872,35.7320864],[139.742233,35.7318336],[139.7420525,35.7317058],[139.7417447,35.7314866],[139.7415609,35.7313612],[139.7414563,35.731292],[139.741363,35.731221],[139.7412741,35.7311556],[139.7416971,35.730747],[139.7416181,35.7307023],[139.7413841,35.7305744],[139.7411031,35.7304225],[139.741,35.73036],[139.74082,35.7302532],[139.7407642,35.7302207],[139.7406518,35.730335],[139.7404271,35.7305629],[139.740347,35.7306443],[139.7399946,35.7310094],[139.7397172,35.7312455],[139.7395423,35.7313943],[139.739414,35.7315026],[139.7392598,35.7316337],[139.7391998,35.7316855],[139.7391585,35.7316486],[139.7390923,35.7317112],[139.7389518,35.7318418],[139.738802,35.7319846],[139.7386499,35.7318771],[139.7386211,35.7318267],[139.7384096,35.7316631],[139.7381687,35.7314771],[139.7379215,35.7312961],[139.7377149,35.7311418],[139.7375684,35.7310302],[139.7372482,35.7308859],[139.7370662,35.7308071],[139.7369567,35.7307569],[139.7366765,35.7306245],[139.7365441,35.7305684],[139.7364211,35.7305165],[139.7364635,35.730456],[139.7365756,35.730318],[139.7366064,35.7302928],[139.7367278,35.7301949],[139.7367403,35.7301843],[139.7366861,35.7301412],[139.7365929,35.7300668],[139.7364799,35.7299765],[139.7363505,35.7298734],[139.7362233,35.7297784],[139.7361038,35.7296879],[139.7360626,35.7296654],[139.7359831,35.7296117],[139.7358533,35.7295119],[139.735633,35.729341],[139.7355885,35.7293099],[139.7354987,35.7292469],[139.7356737,35.7290798],[139.7357239,35.7290317],[139.7358233,35.7289624],[139.7359526,35.7288739],[139.7360389,35.7288696],[139.7360747,35.7288338],[139.736185,35.7287243],[139.73622,35.7286426],[139.7362348,35.7286272],[139.736321,35.7285386],[139.7363863,35.728471],[139.73647,35.7283846],[139.7365136,35.7283498],[139.7366187,35.7282657],[139.7367082,35.7281941],[139.7368056,35.7281162],[139.7368559,35.728036],[139.7368629,35.7280184],[139.7368814,35.7279867],[139.7369583,35.7278551],[139.736952,35.7278401],[139.7370521,35.7276953],[139.7370761,35.7276408],[139.7371413,35.7275562],[139.7370653,35.727513],[139.7368572,35.7274027],[139.7367708,35.7273574],[139.7369093,35.7271063],[139.7372488,35.7272296],[139.7374092,35.7269191],[139.7374406,35.7268581],[139.7371146,35.7267345],[139.7369612,35.7266759],[139.7365235,35.7265095],[139.7362602,35.7264105],[139.7359869,35.7263041],[139.7356811,35.7261848],[139.7354987,35.726117],[139.7353617,35.7260662],[139.7353908,35.7260427],[139.7356604,35.7257654],[139.7358451,35.7256482],[139.7359145,35.7255944],[139.7359516,35.72553],[139.7360048,35.7253634],[139.7360431,35.7253009],[139.7361014,35.7252075],[139.7358221,35.7250575],[139.7355788,35.7249292],[139.7353037,35.7252776],[139.7351159,35.7251823],[139.7350151,35.7253161],[139.7346053,35.7251075],[139.734474,35.7252718],[139.7342705,35.7251699],[139.734189,35.7252773],[139.734156,35.7253195],[139.734073,35.7254284],[139.7340032,35.7255207],[139.7337681,35.7254232],[139.7335774,35.7253321],[139.7335831,35.7252685],[139.7336264,35.725216],[139.7336236,35.7251885],[139.7333547,35.725041],[139.7333101,35.7250458],[139.7331634,35.7251592],[139.7331194,35.7252127],[139.7330546,35.725293],[139.7330144,35.7253445],[139.7327192,35.72519],[139.732832,35.7249862],[139.7329151,35.7247978],[139.7325976,35.7246893],[139.7325126,35.7247005],[139.7321955,35.7246585],[139.7324003,35.724384],[139.7324124,35.7243472],[139.7324163,35.7242528],[139.7319632,35.7241055],[139.7316906,35.7242532],[139.731396,35.7242533],[139.7311504,35.7243706],[139.7311271,35.7244722],[139.7310571,35.7245748],[139.7309312,35.7248766],[139.7308054,35.7248776],[139.7307597,35.7249351],[139.7307236,35.7249479],[139.7306045,35.7251758],[139.730593,35.7251745],[139.7305716,35.7252373],[139.7305176,35.725432],[139.7303692,35.7255422],[139.7302249,35.7256476],[139.7301909,35.7256751],[139.7302207,35.7256865],[139.7302584,35.7257045],[139.7303904,35.7257784],[139.7303355,35.7258982],[139.7302757,35.7260219],[139.7300545,35.7259607],[139.7300018,35.7260698],[139.7299109,35.7262653],[139.729832,35.7262372],[139.7296211,35.7262085],[139.7295848,35.7261782],[139.7295497,35.7261494],[139.7294846,35.7260961],[139.729681,35.72597],[139.7295946,35.7258804],[139.7294711,35.7257224],[139.7294164,35.7256494],[139.7293416,35.7255422],[139.7291774,35.7255928],[139.7289403,35.7256764],[139.7288251,35.7257173],[139.7287439,35.7257386],[139.7287338,35.7258258],[139.7285165,35.725934],[139.7284804,35.7259742],[139.7283844,35.7260835],[139.728319,35.7261412],[139.7282027,35.7262637],[139.7280708,35.7263411],[139.7279867,35.7263867],[139.7278798,35.726454],[139.7277535,35.7265103],[139.7276512,35.7265569],[139.7275644,35.7266124],[139.7274801,35.7266717],[139.727387,35.7267167],[139.7272651,35.7267695],[139.7271259,35.7268172],[139.7269926,35.7268577],[139.7268764,35.7269003],[139.7268015,35.7269304],[139.7266426,35.7269905],[139.7266288,35.7269604],[139.7263585,35.7270674],[139.7263082,35.7269128],[139.726255,35.7267434],[139.7262267,35.7266417],[139.7261706,35.7265085],[139.7260096,35.7265843],[139.7255899,35.7267993],[139.7255081,35.7266935],[139.7254017,35.7266967],[139.7253853,35.7265418],[139.7252257,35.7265393],[139.7249924,35.7264845],[139.725122,35.7267112],[139.7249294,35.7267689],[139.7249171,35.7266469],[139.7249121,35.726556],[139.7248158,35.7265496],[139.7248067,35.7266606],[139.7246801,35.7266623],[139.7246751,35.7265866],[139.7246791,35.7264628],[139.7246928,35.7263917],[139.72475,35.7263463],[139.7248069,35.7263202],[139.7248845,35.7262963],[139.7251151,35.726299],[139.725325,35.7263207],[139.7253627,35.7260961],[139.7252099,35.7260761],[139.7251186,35.7260729],[139.7249508,35.726072],[139.7248052,35.7260718],[139.724782,35.7260827],[139.7246367,35.7260772],[139.7243843,35.7260529],[139.7243907,35.7259391],[139.7244104,35.7255989],[139.724425,35.7254269],[139.7240417,35.7253536],[139.7239102,35.725326],[139.7236414,35.7252709],[139.7234099,35.7252181],[139.7231068,35.7251507],[139.7229446,35.7251087],[139.7226783,35.7250288],[139.7227521,35.7249015],[139.7227943,35.7248297],[139.722823,35.7247759],[139.722855,35.7246995],[139.7229332,35.7245105],[139.7229796,35.7243695],[139.7230088,35.7243294],[139.7230253,35.7243009],[139.7230341,35.7241881],[139.7230621,35.7238187],[139.7230773,35.7235945],[139.7230554,35.7234034],[139.7230307,35.7233776],[139.7229959,35.7233415],[139.723032,35.723261],[139.7230699,35.7231547],[139.723086,35.7230963],[139.7230988,35.723049],[139.7231249,35.7229037],[139.7231557,35.7226745],[139.723198,35.7224333],[139.7232293,35.7222976],[139.7236416,35.7221173],[139.7237243,35.7220255],[139.7237361,35.7218784],[139.7237562,35.7216038],[139.7238163,35.7214234],[139.723961,35.7211727],[139.7240231,35.7210472],[139.7241723,35.7207438],[139.7242401,35.7206385],[139.7244089,35.7203198],[139.724463,35.72025],[139.7245693,35.7201466],[139.7247305,35.7200216],[139.7248135,35.7199651],[139.7247874,35.7198637],[139.7248792,35.7198186],[139.7250465,35.7197854],[139.7249743,35.7197177],[139.724832,35.7195759],[139.7246724,35.7196257],[139.7245052,35.7197193],[139.7244395,35.719772],[139.7243198,35.7198715],[139.7242337,35.7199682],[139.7241629,35.7200508],[139.7238462,35.7199596],[139.7231082,35.7197465],[139.722994,35.7196607],[139.7230445,35.7195212],[139.7230375,35.719417],[139.7229942,35.7193163],[139.7229902,35.7191974],[139.7230172,35.7191801],[139.7230027,35.7191208],[139.7229324,35.7190325],[139.7228858,35.7190548],[139.7227761,35.7189351],[139.7223531,35.7187824],[139.7221165,35.7186775],[139.721994,35.718861],[139.7218738,35.7188188],[139.7217873,35.7189229],[139.7215363,35.7188294],[139.7216599,35.7186892],[139.7215627,35.7186085],[139.721441,35.7185469],[139.7210627,35.7184803],[139.7209046,35.7185372],[139.7208215,35.7184398],[139.7199202,35.7182736],[139.7198172,35.7182559],[139.7197137,35.7182895],[139.7195515,35.7183265],[139.7195251,35.7181877],[139.7194667,35.7180901],[139.7194905,35.7180468],[139.7194905,35.7179795],[139.7194594,35.7179004],[139.7193912,35.717696],[139.719271,35.7175195],[139.7191564,35.7175708],[139.719038,35.7176214],[139.7187374,35.7177476],[139.7185633,35.7178276],[139.7182702,35.7179631],[139.718071,35.7177178],[139.7179525,35.71759],[139.7177349,35.7173553],[139.7178387,35.7172404],[139.7178574,35.7172198],[139.7178855,35.7171733],[139.7178772,35.7171369],[139.7178583,35.7171086],[139.7178124,35.7170109],[139.7179628,35.7169463],[139.7177562,35.7166714],[139.7177403,35.7164537],[139.7176728,35.71617],[139.717563,35.7159072],[139.7174455,35.7156203],[139.7174328,35.7155824],[139.7174139,35.7154817],[139.7173721,35.7152362],[139.7173327,35.7149808],[139.7172608,35.7146099],[139.7174348,35.7144596],[139.7176583,35.7143432],[139.7177656,35.7143234],[139.717964,35.714291],[139.7184278,35.7142449],[139.7187176,35.7141992],[139.7189126,35.7141521],[139.7193155,35.7140263],[139.719663,35.7138952],[139.7200576,35.7137491],[139.7202951,35.7136605],[139.7203417,35.7136383],[139.7206768,35.7134737],[139.7207593,35.7134334],[139.7212037,35.7131675],[139.7212692,35.7131265],[139.7214071,35.7130358],[139.721462,35.7129997],[139.7217607,35.712804],[139.7221,35.7126215],[139.7220563,35.7124827],[139.7221469,35.7124474],[139.7222601,35.7124031],[139.7224302,35.7123013],[139.7223166,35.7120368],[139.7222557,35.7119279],[139.7221409,35.7117119],[139.7220522,35.71156],[139.7226314,35.7113915],[139.7225771,35.7112656],[139.7227704,35.7112121],[139.7228024,35.7112822],[139.7229909,35.7112332],[139.722939,35.7111182],[139.723346,35.7110037],[139.7232187,35.7107269],[139.7234254,35.7106701],[139.7234882,35.7104325],[139.7234382,35.7103154],[139.7235675,35.7102811],[139.7235336,35.7101998],[139.7237974,35.7101284],[139.7237158,35.7099574],[139.7238641,35.7099111],[139.7238748,35.7099298],[139.723987,35.7100397],[139.7240562,35.710118],[139.724128,35.7101016],[139.7246028,35.7099491],[139.7247911,35.70989],[139.7248098,35.7099326],[139.7250256,35.7098681],[139.7249947,35.7098108],[139.7251408,35.7097601],[139.7251775,35.7098327],[139.7253732,35.7097698],[139.7252488,35.7094573],[139.7257142,35.709318],[139.725846,35.7092766],[139.7258663,35.7093345],[139.7261782,35.709269],[139.7262622,35.709542],[139.7261036,35.709576],[139.7260827,35.7095064],[139.7259321,35.7095378],[139.7260063,35.7097675],[139.7263978,35.709677],[139.72649,35.7099998],[139.7265601,35.7099914],[139.7266629,35.7101078],[139.7269119,35.7100969],[139.7268999,35.7100006],[139.7270191,35.709986],[139.7273933,35.7099361],[139.7275539,35.7099214],[139.7275276,35.709782],[139.7275881,35.7097778],[139.7277548,35.709784],[139.727771,35.7099016],[139.7279326,35.709906],[139.7279392,35.7097948],[139.7279494,35.7094145],[139.7280794,35.7094083],[139.7280685,35.7093209],[139.7283568,35.7093169],[139.7284121,35.7092267],[139.7286645,35.7092633],[139.7286664,35.7092845],[139.7288092,35.709287],[139.7291082,35.709319],[139.7290788,35.7094133],[139.7292656,35.7094514],[139.7292921,35.7093764],[139.7293869,35.709395],[139.7297471,35.7094707],[139.7298011,35.7093625],[139.7298985,35.7093753],[139.7298968,35.70941],[139.729967,35.70942],[139.7299968,35.7092762],[139.7303049,35.7093008],[139.7306576,35.7093342],[139.7306303,35.7095057],[139.7307661,35.7094985],[139.7307422,35.7093267],[139.7309228,35.7093061],[139.7309488,35.7094742],[139.7311411,35.7094561],[139.7311162,35.709285],[139.7312873,35.7092629],[139.7313123,35.7094052],[139.7315745,35.7093814],[139.7315502,35.709216],[139.7314988,35.7089014],[139.7314418,35.7085968],[139.7314074,35.7083724],[139.7313537,35.7080881],[139.731687,35.7080479],[139.7317183,35.7080239],[139.7318995,35.7079837],[139.7319858,35.7079118],[139.7320831,35.7078307],[139.7321602,35.7077975],[139.7321784,35.7077942],[139.7323544,35.7077218],[139.732494,35.7074855],[139.7327895,35.7075162],[139.7329274,35.7074816],[139.7330007,35.7074917],[139.7330846,35.7076358],[139.7331394,35.7076656],[139.7332016,35.7076888],[139.7332808,35.7077046],[139.7334387,35.7077319],[139.7334876,35.7077404],[139.733487,35.7077535],[139.7336294,35.7077283],[139.733673,35.7078785],[139.7340734,35.7078036],[139.7341485,35.7080309],[139.7341751,35.7080507],[139.7341855,35.7080836],[139.7342202,35.7081833],[139.7342345,35.7081788],[139.7342838,35.708292],[139.7347378,35.7082054],[139.7347469,35.7082365],[139.7353122,35.7081374],[139.7355466,35.7092313],[139.7357721,35.709196],[139.7360406,35.7091527],[139.7362326,35.7091232],[139.7365807,35.7090701],[139.7369983,35.7090093],[139.7372055,35.7089787],[139.7372297,35.7089752],[139.7376144,35.7089191],[139.738036,35.7088578],[139.73841,35.7088033],[139.7387122,35.7087593],[139.7387426,35.7087549],[139.7391005,35.7087027],[139.7394126,35.7086568],[139.7396793,35.7086173],[139.7397319,35.7086101],[139.7399865,35.7085729],[139.7405897,35.7084851],[139.7406076,35.7084825],[139.7410484,35.7084184],[139.7413541,35.7083738],[139.7417994,35.708309],[139.7421287,35.7082612],[139.7424407,35.7082154],[139.742762,35.708167],[139.7430449,35.7080498],[139.7431214,35.7079672],[139.7432597,35.7078187],[139.7433037,35.707771],[139.74335,35.7077208],[139.7434183,35.7075774],[139.7434953,35.707322],[139.7435663,35.7070858],[139.7436243,35.7068919],[139.743673,35.7067304],[139.7437433,35.7064858],[139.7438,35.7062891],[139.7438518,35.7061088],[139.7438924,35.7059677],[139.7439317,35.7058312],[139.7439784,35.7056691],[139.7440173,35.7055327],[139.7440533,35.7054082],[139.7440761,35.70533],[139.7441131,35.7052015],[139.7441441,35.7050936],[139.7441806,35.7049664],[139.7442051,35.7048812],[139.7442307,35.7047923],[139.744242,35.7047534],[139.7442665,35.7046679],[139.7442865,35.7045984],[139.7443024,35.7045441],[139.7443242,35.7044677],[139.7443408,35.7044101],[139.7443643,35.7043286],[139.7443829,35.7042629],[139.7444001,35.7042018],[139.744404,35.7041883],[139.744416,35.704147],[139.7444446,35.7040463],[139.7444923,35.7038812],[139.744524,35.7037909],[139.7445869,35.7036137],[139.744648,35.7034449],[139.7447018,35.703303],[139.7447706,35.7031206],[139.7448387,35.7030023],[139.7449389,35.702828],[139.7449984,35.7027248],[139.7450662,35.7026068],[139.7450836,35.7025762],[139.7451394,35.7025289],[139.7453427,35.7025933],[139.7455677,35.7026639],[139.7457768,35.702728],[139.7459394,35.7027787],[139.7460516,35.7028138],[139.7461993,35.7028596],[139.7462508,35.7028681],[139.7463472,35.7028842],[139.7466414,35.702932],[139.7467974,35.7029576],[139.74698,35.7029549],[139.7474137,35.7029498],[139.7478559,35.7029441],[139.7481281,35.7029408],[139.7483547,35.7029373],[139.7486083,35.702934],[139.7488613,35.702931],[139.7491111,35.7029277],[139.7491665,35.7029179],[139.7493549,35.7028848],[139.749601,35.7028413],[139.7498193,35.7028026],[139.7499463,35.7027798],[139.7500505,35.7027617],[139.7502136,35.7027328],[139.7503262,35.7027132],[139.7504446,35.7026928],[139.75054,35.7026766],[139.7506557,35.702657],[139.7507556,35.7026399],[139.7508232,35.7026285],[139.7508864,35.7026176],[139.7509269,35.7026133],[139.7510352,35.7026026],[139.7511661,35.7025893],[139.7513008,35.7025758],[139.751389,35.7025669],[139.7515274,35.7025638],[139.7516729,35.7025605],[139.7518,35.7025579],[139.7518463,35.7025564],[139.7518637,35.7025552],[139.7518815,35.702554],[139.7520582,35.7025405],[139.7522534,35.7025243],[139.7524413,35.7025079],[139.7525822,35.7024954],[139.7527138,35.7024839],[139.7528459,35.7024723],[139.752943,35.7024639],[139.7530554,35.7024538],[139.7532465,35.7024368],[139.7533053,35.7024316],[139.7533973,35.7024196],[139.7535125,35.7024042],[139.7536394,35.7023875],[139.7537628,35.7023713],[139.7539074,35.7023521],[139.7540099,35.7023385],[139.7540629,35.7023315],[139.7541424,35.7023142],[139.7542631,35.7022883],[139.754425,35.7022535],[139.7545318,35.7022305],[139.7546832,35.7021979],[139.7548164,35.7021691],[139.7549805,35.7021336],[139.7551417,35.702099],[139.7553272,35.7020591],[139.7553413,35.702056],[139.7553766,35.7020484],[139.7554192,35.7020392],[139.7555255,35.7020164],[139.7556467,35.7019901],[139.7557241,35.7019734],[139.755891,35.7019374],[139.7560472,35.7019039],[139.756206,35.7018696],[139.756365,35.7018354],[139.756615,35.7017816],[139.7566654,35.7017687],[139.756894,35.7017178],[139.7572197,35.7016473],[139.7574411,35.7015997],[139.7577799,35.7015792],[139.7578752,35.701573],[139.7582298,35.7015778],[139.7585096,35.7015815],[139.7585915,35.7015825],[139.7586411,35.7015831],[139.7589331,35.7015867],[139.7592477,35.701589],[139.7595337,35.7015905],[139.7598727,35.7015921],[139.7603199,35.7015931],[139.7607034,35.7015905],[139.7608722,35.7015898],[139.7612975,35.7015623],[139.7615994,35.7015213],[139.7617909,35.7014682]]]}},{"type":"Feature","properties":{"name":"台東区","name:en":"Taito"},"geometry":{"type":"Polygon","coordinates":[[[139.7649266,35.7175211],[139.7648389,35.717466],[139.7644965,35.7172515],[139.7644358,35.7172123],[139.7644476,35.7171903],[139.7645074,35.7170802],[139.7645236,35.7170511],[139.7646181,35.7169111],[139.7646521,35.7168623],[139.764701,35.7168313],[139.7649923,35.7167655],[139.7652003,35.7167844],[139.7653024,35.7167673],[139.7654717,35.7164856],[139.7655216,35.7163728],[139.7655672,35.7162699],[139.7657851,35.7159532],[139.7658291,35.7158884],[139.7658722,35.7158201],[139.7658895,35.7158118],[139.7659253,35.7157383],[139.76595,35.7156961],[139.7660157,35.7154674],[139.7660605,35.7150779],[139.7660361,35.714953],[139.765937,35.7149682],[139.7659354,35.7148669],[139.7658944,35.7147583],[139.7658171,35.7146216],[139.7656576,35.7143976],[139.7655671,35.7142705],[139.7656702,35.7140304],[139.7657171,35.7139211],[139.7656954,35.7138104],[139.7656624,35.7136415],[139.7656414,35.713544],[139.766032,35.7134055],[139.7664942,35.7132404],[139.7667898,35.7131884],[139.7671478,35.7131098],[139.7673711,35.7130078],[139.7675576,35.7129107],[139.7677139,35.7127962],[139.7677269,35.7127676],[139.7677896,35.7125799],[139.7677507,35.7124165],[139.7676595,35.7120779],[139.7676273,35.7114692],[139.7668642,35.7114049],[139.7668535,35.7112993],[139.7669809,35.7112819],[139.7669715,35.7110848],[139.7673061,35.7110723],[139.7680973,35.7110428],[139.7680958,35.7103363],[139.768038,35.7102563],[139.7671891,35.7103788],[139.7667454,35.7103865],[139.766635,35.710387],[139.7666474,35.7102783],[139.7668498,35.710282],[139.7668522,35.710193],[139.7666554,35.7101894],[139.7666605,35.7098227],[139.766813,35.7098234],[139.7668157,35.7094677],[139.766789,35.7094676],[139.7667877,35.7094282],[139.7667483,35.7094282],[139.7667591,35.7093896],[139.7671674,35.7093919],[139.7671691,35.709194],[139.7665912,35.7091908],[139.766587,35.7088003],[139.7668754,35.7088063],[139.7668843,35.708684],[139.7665886,35.708675],[139.7665895,35.7086276],[139.7676602,35.7086309],[139.7679787,35.7087645],[139.7681709,35.7088211],[139.7688011,35.7088678],[139.7688884,35.7089135],[139.7691745,35.7087399],[139.769177,35.7087019],[139.7698465,35.7088121],[139.7699501,35.7088312],[139.7714732,35.7091435],[139.7715528,35.7082898],[139.7721028,35.7083253],[139.7721072,35.7082927],[139.7722455,35.7082995],[139.7724489,35.7083118],[139.7724617,35.7081441],[139.7724289,35.7080645],[139.7722986,35.7071741],[139.7700791,35.7073526],[139.7699582,35.7052349],[139.7703908,35.705205],[139.7708976,35.7051694],[139.7715833,35.7051204],[139.7720003,35.7050955],[139.7720701,35.7050933],[139.7721556,35.7050997],[139.7732677,35.7050056],[139.7730094,35.7028553],[139.773685,35.7027975],[139.773393,35.7017533],[139.7745229,35.7016582],[139.7751015,35.7016191],[139.7756534,35.7015232],[139.7755736,35.7005883],[139.7757009,35.7005718],[139.7769724,35.7004652],[139.779093,35.7003051],[139.7805613,35.7001497],[139.7805422,35.7000434],[139.7805051,35.6998322],[139.7804246,35.6993784],[139.7803844,35.6991616],[139.7803241,35.698819],[139.7802935,35.6986513],[139.7802691,35.6985188],[139.7801639,35.6978438],[139.7809873,35.6977754],[139.7813799,35.6977452],[139.7823013,35.697672],[139.782718,35.6976378],[139.7828483,35.6976267],[139.7828338,35.6974787],[139.7828048,35.6972228],[139.7827764,35.6969827],[139.7827538,35.6967991],[139.7827462,35.6967315],[139.7827334,35.6966138],[139.782898,35.6966031],[139.7834339,35.6964907],[139.783712,35.6964016],[139.7841217,35.6962713],[139.7843569,35.6961959],[139.78462,35.696111],[139.7848701,35.6960298],[139.785145,35.6959445],[139.785413,35.6958597],[139.7857947,35.6957404],[139.7864365,35.6955396],[139.7871964,35.695301],[139.7880117,35.6950454],[139.7888958,35.6948026],[139.7889011,35.6948156],[139.7891354,35.6953754],[139.7899512,35.6964239],[139.7903509,35.6969378],[139.7908544,35.6975853],[139.7917846,35.6986214],[139.7922659,35.6991601],[139.7925494,35.6995838],[139.7925526,35.6995886],[139.7934596,35.7009476],[139.7937267,35.7013478],[139.7940271,35.7019546],[139.7940297,35.7019597],[139.7952177,35.7043656],[139.7958313,35.7055981],[139.7958394,35.7056143],[139.7965878,35.7071249],[139.7974119,35.7082387],[139.7974222,35.7082524],[139.7979951,35.7090271],[139.798987,35.7100828],[139.8004888,35.7116851],[139.8004972,35.7116941],[139.8007119,35.711923],[139.8019223,35.71294],[139.8034142,35.7141918],[139.803723,35.7144526],[139.8053662,35.7161423],[139.8057152,35.7164979],[139.8066434,35.7174391],[139.8073235,35.7181303],[139.8080279,35.7197417],[139.8080307,35.7197479],[139.8082809,35.7203234],[139.8088525,35.7222676],[139.8089702,35.722668],[139.8093629,35.7240038],[139.8095194,35.7254377],[139.8098027,35.7280328],[139.8091246,35.7281199],[139.8080435,35.7282715],[139.8074916,35.7283443],[139.8065806,35.7284555],[139.805684,35.7285607],[139.8053964,35.728598],[139.8045385,35.7287094],[139.8031783,35.7289108],[139.8024643,35.7290189],[139.801723,35.7291342],[139.8014275,35.7291725],[139.801122,35.7291552],[139.8007453,35.7291331],[139.7998404,35.7290684],[139.799463,35.7290418],[139.7993802,35.729036],[139.7991602,35.7290253],[139.7982246,35.7289888],[139.7973878,35.7289563],[139.7967251,35.7289381],[139.7960344,35.7289502],[139.7957095,35.7289532],[139.7951669,35.7289247],[139.7951312,35.729321],[139.7950939,35.7297059],[139.7950847,35.7298036],[139.7943305,35.7297857],[139.7942956,35.7302434],[139.7942845,35.7303388],[139.7936971,35.7303639],[139.7932095,35.7303808],[139.7927329,35.7300787],[139.7924413,35.7303262],[139.7924124,35.7303644],[139.7923959,35.7304051],[139.7923987,35.7304474],[139.7924773,35.7308734],[139.7921677,35.731016],[139.7918292,35.7311771],[139.7915612,35.7312958],[139.7915225,35.7313119],[139.7913458,35.7310284],[139.7911445,35.7307089],[139.7910043,35.7304946],[139.7907772,35.7301829],[139.7906234,35.7299685],[139.7902652,35.7295707],[139.7900542,35.7293444],[139.7899182,35.7290975],[139.7897906,35.7288567],[139.7896056,35.7286432],[139.7893659,35.7284875],[139.7890747,35.7283213],[139.7888663,35.728221],[139.7882498,35.7279425],[139.7881115,35.727894],[139.7878621,35.7278075],[139.787459,35.7277976],[139.7868642,35.7277813],[139.7868422,35.7277796],[139.7863214,35.7276405],[139.7861211,35.7276028],[139.785803,35.7275739],[139.7855845,35.7276006],[139.7852383,35.7276395],[139.7848272,35.7276541],[139.7847713,35.7276594],[139.7846414,35.7276796],[139.7842882,35.7277385],[139.7837489,35.7276029],[139.7836572,35.7275396],[139.7836161,35.7274768],[139.7833752,35.7272495],[139.7832492,35.7270506],[139.7830626,35.7269084],[139.7830386,35.7267655],[139.7830122,35.7266489],[139.7829578,35.7266643],[139.7826848,35.7265748],[139.7826491,35.7264404],[139.7822949,35.7265012],[139.7822404,35.726186],[139.7822736,35.7259547],[139.7822412,35.7258564],[139.7821747,35.7257511],[139.7821716,35.7256675],[139.7821454,35.7255433],[139.7819554,35.7255119],[139.7818285,35.7253866],[139.781696,35.7253697],[139.7813945,35.7253321],[139.7812778,35.725294],[139.7812744,35.7249888],[139.781274,35.7248899],[139.7812795,35.7247825],[139.780989,35.7247855],[139.7805419,35.7247833],[139.7803044,35.7247955],[139.7801196,35.7248074],[139.7799785,35.7248209],[139.7798562,35.7248351],[139.7797433,35.7248389],[139.7795003,35.7248294],[139.7794264,35.7248353],[139.7793403,35.7248423],[139.7791468,35.7248755],[139.7789738,35.7249076],[139.7789537,35.7249088],[139.7788411,35.7249154],[139.7783548,35.7249431],[139.7782421,35.7249484],[139.7780826,35.7249749],[139.7775378,35.7251057],[139.7769928,35.725237],[139.7765599,35.7253453],[139.7764243,35.7254401],[139.7759503,35.7257538],[139.7756465,35.7259483],[139.7755227,35.7260328],[139.7753844,35.726141],[139.7753068,35.7261122],[139.7750119,35.726233],[139.7744733,35.7264468],[139.7741188,35.7265911],[139.7734956,35.7260092],[139.7733052,35.7261481],[139.7729729,35.7259576],[139.7726179,35.7261692],[139.7726815,35.7263657],[139.7724847,35.7264992],[139.772496,35.7266284],[139.7722701,35.7268164],[139.7721953,35.7267699],[139.7715533,35.727291],[139.7714722,35.7272401],[139.7712614,35.7274337],[139.7712303,35.7274623],[139.7711864,35.7274653],[139.7710583,35.7273613],[139.7703375,35.7280114],[139.7699288,35.7281259],[139.769855,35.7280734],[139.7698223,35.7280519],[139.7696854,35.7279884],[139.7696035,35.7279576],[139.7693229,35.7278818],[139.7687749,35.7277309],[139.7685922,35.7276903],[139.7683399,35.7276312],[139.7683291,35.7276293],[139.7682019,35.7276067],[139.7681206,35.7276036],[139.7678824,35.7275381],[139.7674552,35.7274195],[139.7674174,35.7274021],[139.767236,35.7273184],[139.7672089,35.7273173],[139.7669932,35.7273774],[139.7667589,35.7274419],[139.7667169,35.7274427],[139.7666896,35.7274437],[139.7666922,35.727657],[139.7663886,35.7276755],[139.765794,35.7276929],[139.7657898,35.727941],[139.7657867,35.7281219],[139.7657647,35.7281772],[139.7656596,35.7283385],[139.7655836,35.7284736],[139.7655751,35.7285347],[139.7655538,35.728653],[139.765589,35.7288007],[139.765664,35.7288629],[139.7656265,35.7290524],[139.7656618,35.7292532],[139.7656396,35.7293016],[139.7656218,35.7294029],[139.7656068,35.7294857],[139.7655737,35.7295409],[139.7655367,35.7295952],[139.7654487,35.7297117],[139.765374,35.7298106],[139.7652678,35.7299697],[139.7652062,35.7300715],[139.765095,35.7302566],[139.7649212,35.7304211],[139.7647646,35.7305701],[139.7647321,35.7305825],[139.7646876,35.7305699],[139.7644783,35.7307225],[139.7644046,35.7307867],[139.7642963,35.730827],[139.7640392,35.7309217],[139.764017,35.7309243],[139.7638489,35.7309436],[139.7636538,35.7310524],[139.763471,35.7311548],[139.7632277,35.7313031],[139.762913,35.7314694],[139.7625015,35.7316244],[139.7623444,35.7316223],[139.7623036,35.7316177],[139.7622797,35.7316077],[139.7622652,35.7316014],[139.7623101,35.731543],[139.7624603,35.7313472],[139.7625479,35.7312349],[139.7625518,35.7312325],[139.7625847,35.7311909],[139.762661,35.7310986],[139.7627241,35.7310202],[139.7627444,35.7309956],[139.7628061,35.7309192],[139.7629039,35.7308011],[139.7629645,35.7307278],[139.7630557,35.7306164],[139.763159,35.7304898],[139.7632224,35.7304128],[139.7632932,35.7303322],[139.7634643,35.7300972],[139.7634901,35.7300618],[139.7636896,35.7298187],[139.763759,35.7297336],[139.7638393,35.7296212],[139.7638818,35.7295644],[139.764014,35.729344],[139.7641135,35.7291828],[139.7642728,35.7289567],[139.7643895,35.7287582],[139.7644359,35.7286715],[139.7644966,35.7284997],[139.7645885,35.7281936],[139.7646697,35.7279922],[139.76481,35.7277605],[139.7648447,35.7276201],[139.7648351,35.7275548],[139.7648104,35.7274531],[139.7647826,35.7273928],[139.7647768,35.7273733],[139.7647775,35.7272448],[139.7647812,35.7271693],[139.7647138,35.7270251],[139.7645868,35.7266365],[139.7645477,35.7265247],[139.7645011,35.7264472],[139.7644857,35.7264112],[139.764462,35.7263373],[139.7644019,35.7261068],[139.7643639,35.7259558],[139.7642974,35.725742],[139.7642478,35.7255627],[139.7642134,35.7253872],[139.7641778,35.7251926],[139.7641534,35.7250636],[139.7641432,35.7250174],[139.764139,35.7249902],[139.7641554,35.7249234],[139.7642206,35.7247524],[139.7642275,35.7247221],[139.7642295,35.7246288],[139.7642234,35.7245938],[139.7643147,35.7245749],[139.7643014,35.7245265],[139.7642927,35.7244601],[139.7642273,35.72434],[139.7641785,35.7242502],[139.7640383,35.7241463],[139.7640153,35.7241092],[139.7640119,35.7240724],[139.7640154,35.7240267],[139.7640302,35.7239503],[139.764039,35.7239086],[139.7640312,35.7238845],[139.7640028,35.723838],[139.7639458,35.7237832],[139.7639098,35.7237421],[139.7638936,35.7237137],[139.7638907,35.7236527],[139.7639028,35.7235254],[139.7638916,35.7234776],[139.7638753,35.7234283],[139.7638407,35.7233682],[139.7637986,35.7232865],[139.7637696,35.723222],[139.7637725,35.7231878],[139.7638328,35.7230788],[139.7638401,35.7230533],[139.7637912,35.7229985],[139.7637517,35.7229206],[139.7637002,35.7226375],[139.763689,35.7225915],[139.7636666,35.7225686],[139.7636146,35.7225397],[139.7635225,35.7224805],[139.7634997,35.7224573],[139.7634874,35.7224391],[139.7634791,35.7223786],[139.763479,35.7223453],[139.7634923,35.7223116],[139.7635246,35.7222699],[139.7635588,35.7222346],[139.7635755,35.7222065],[139.7635805,35.7221702],[139.7635695,35.7221173],[139.7635544,35.7220935],[139.7635266,35.7220704],[139.7634928,35.7220456],[139.7634518,35.7220028],[139.7634197,35.7219572],[139.7634096,35.7219362],[139.7634157,35.7219002],[139.7634619,35.7218579],[139.7635298,35.7218011],[139.7635437,35.7217774],[139.7635498,35.7217419],[139.7635449,35.7216471],[139.7635455,35.7216011],[139.7635485,35.7215753],[139.7635671,35.7215458],[139.7636039,35.7214997],[139.7636725,35.7214361],[139.763831,35.7212923],[139.7640475,35.7211078],[139.7642561,35.7209264],[139.76447,35.7207416],[139.7646937,35.7205525],[139.7650008,35.7202922],[139.7653428,35.7200047],[139.7655901,35.7197865],[139.7657128,35.7196767],[139.7658356,35.7195545],[139.7659775,35.7194115],[139.7660662,35.7193188],[139.7662107,35.7191659],[139.7663514,35.7190078],[139.7664826,35.7188634],[139.7664875,35.7187994],[139.7665348,35.7187443],[139.7667765,35.7184947],[139.7668638,35.7184058],[139.7669461,35.7183221],[139.7671705,35.7180907],[139.7673204,35.7179361],[139.7674829,35.7177588],[139.7675808,35.7176533],[139.7678986,35.7173],[139.7680074,35.7171679],[139.76808,35.717008],[139.7681144,35.7169088],[139.7681785,35.7167872],[139.7682379,35.7166741],[139.7683099,35.7165672],[139.7683126,35.7165632],[139.7683793,35.7164349],[139.768409,35.7163899],[139.7685094,35.7161915],[139.7685727,35.7160691],[139.7687006,35.7158254],[139.7687471,35.7157272],[139.7686217,35.7156962],[139.7681613,35.7156694],[139.7680246,35.7156192],[139.7677043,35.715645],[139.7675884,35.7158037],[139.7673985,35.7160577],[139.7672663,35.7162341],[139.7670601,35.716492],[139.7667804,35.7168044],[139.7665253,35.7166954],[139.766422,35.7166744],[139.766313,35.7166515],[139.7659824,35.7164966],[139.765932,35.7165282],[139.7658887,35.7165785],[139.7657267,35.7167361],[139.7655252,35.7169341],[139.7654296,35.7170269],[139.765281,35.7171741],[139.7649266,35.7175211]]]}},{"type":"Feature","properties":{"name":"墨田区","name:en":"Sumida"},"geometry":{"type":"Polygon","coordinates":[[[139.799301,35.6897634],[139.7993728,35.6897988],[139.799441,35.6898666],[139.7995667,35.6899191],[139.7996963,35.6897099],[139.7998337,35.6894882],[139.8000983,35.6890525],[139.8001953,35.6888988],[139.8001504,35.68888],[139.800307,35.6886277],[139.8003561,35.6886464],[139.8004789,35.6884764],[139.8004476,35.688458],[139.8004803,35.6883735],[139.8005789,35.6881356],[139.8012708,35.6881722],[139.8018931,35.6882012],[139.8028326,35.6882452],[139.8032549,35.6882693],[139.8033685,35.6882759],[139.8035708,35.6882876],[139.8047005,35.6883468],[139.8048476,35.6866987],[139.8061743,35.6867685],[139.8063162,35.686776],[139.8067735,35.6867995],[139.8073169,35.6868274],[139.8078583,35.6868559],[139.8087213,35.6869014],[139.8091427,35.6869247],[139.8095582,35.6869442],[139.8095393,35.6871681],[139.8094938,35.6877087],[139.8094151,35.6885875],[139.8098057,35.6886095],[139.8107363,35.6887224],[139.8117264,35.6887787],[139.8117223,35.6888225],[139.8115569,35.6903282],[139.8113652,35.6920724],[139.8133145,35.6921781],[139.8132432,35.6929725],[139.813265,35.6929738],[139.813852,35.6930032],[139.8147156,35.69304],[139.8152611,35.6930709],[139.8153046,35.6930733],[139.8163449,35.6931298],[139.8174576,35.6931887],[139.8183467,35.6932364],[139.8196461,35.6933262],[139.8194035,35.6967776],[139.8192505,35.6989531],[139.8191582,35.7003376],[139.8190857,35.7014242],[139.8189787,35.7030275],[139.8189585,35.7033308],[139.8187666,35.7062129],[139.8187039,35.7071549],[139.8186401,35.7080921],[139.8196686,35.7076557],[139.8224418,35.7065691],[139.8237672,35.7060587],[139.8241701,35.7059035],[139.8252836,35.7054546],[139.8259293,35.7051897],[139.8259871,35.705166],[139.8261322,35.7051065],[139.8271577,35.7047011],[139.8276528,35.7045325],[139.8283696,35.7042423],[139.8287829,35.7040753],[139.8291822,35.7039456],[139.8295555,35.7037786],[139.8301505,35.7034025],[139.8305606,35.7031271],[139.8307893,35.7030056],[139.8309954,35.7029552],[139.83121,35.7029437],[139.831515,35.7029414],[139.8330253,35.7029057],[139.8331702,35.7029021],[139.833627,35.7028887],[139.8343498,35.7029093],[139.8348722,35.7029414],[139.8351884,35.7030331],[139.8354525,35.7031818],[139.8353354,35.7032618],[139.8348294,35.7038158],[139.8345366,35.7041898],[139.834403,35.7045083],[139.8343717,35.7048938],[139.8344257,35.7051501],[139.8346417,35.7055956],[139.834872,35.7058957],[139.8355173,35.706542],[139.8360631,35.7069968],[139.8363957,35.7072922],[139.8376209,35.708361],[139.8376615,35.7083844],[139.839156,35.7092474],[139.8395739,35.7095775],[139.8397047,35.7097506],[139.8397757,35.709896],[139.8397928,35.7100991],[139.8397274,35.7103761],[139.8395938,35.7106347],[139.839525,35.710728],[139.8393948,35.7109047],[139.8390565,35.7110963],[139.8386358,35.7113063],[139.8369358,35.7118142],[139.8362849,35.7120034],[139.8352671,35.7125182],[139.8345404,35.7130376],[139.8345309,35.7130444],[139.833661,35.7139631],[139.8333341,35.7145286],[139.833199,35.7150045],[139.8331834,35.7150594],[139.8331322,35.7154287],[139.8331237,35.7155811],[139.8331863,35.7158096],[139.8336439,35.7166451],[139.8338031,35.7168459],[139.8345537,35.7174785],[139.8347697,35.7176606],[139.8349914,35.717783],[139.8358613,35.7180207],[139.8362337,35.7180807],[139.836572,35.7180784],[139.8372912,35.7179168],[139.8376522,35.717806],[139.83809,35.7176306],[139.8383942,35.7174183],[139.8390821,35.7168043],[139.8392015,35.7167951],[139.8396388,35.7169246],[139.8406278,35.7175171],[139.8428278,35.7190062],[139.8428306,35.719008],[139.8428401,35.7190151],[139.8423779,35.7194759],[139.8405922,35.7210616],[139.8404408,35.7212069],[139.8404377,35.7212099],[139.8369219,35.7245616],[139.8358341,35.7255988],[139.8343217,35.7270408],[139.8317041,35.7295341],[139.8314815,35.7297462],[139.8290147,35.7319316],[139.8282178,35.732641],[139.8258205,35.7350063],[139.8253689,35.7354503],[139.8239532,35.737653],[139.8239466,35.7376632],[139.8224284,35.740093],[139.8202957,35.7435063],[139.8202854,35.7435023],[139.8202021,35.7434705],[139.8201286,35.7434443],[139.8199563,35.7433831],[139.8197974,35.7433261],[139.8195896,35.743252],[139.8193798,35.7431763],[139.8191886,35.7431079],[139.8189708,35.7430297],[139.8187299,35.742943],[139.8185408,35.7428755],[139.8183623,35.7427912],[139.8181918,35.7427101],[139.8180015,35.7426203],[139.817944,35.7425932],[139.8178955,35.7425702],[139.8177289,35.7423918],[139.817555,35.7422072],[139.8173298,35.7419697],[139.8171172,35.741718],[139.8167926,35.7413342],[139.8164974,35.7409883],[139.8160537,35.7404499],[139.8160441,35.7404382],[139.8157424,35.7400729],[139.8152304,35.7397863],[139.8151985,35.7397689],[139.8151561,35.7397458],[139.8151196,35.7397304],[139.8150706,35.7397098],[139.8150254,35.7396906],[139.8149785,35.7396709],[139.8149246,35.7396482],[139.8148722,35.7396262],[139.8148173,35.739603],[139.8147455,35.7395727],[139.8146935,35.7395508],[139.8146516,35.7395332],[139.8145964,35.7395098],[139.8145682,35.7394979],[139.8145381,35.7394853],[139.8145076,35.7394725],[139.8144634,35.7394539],[139.8144637,35.7394534],[139.8147363,35.7374956],[139.8144787,35.7365209],[139.8138619,35.7357047],[139.813089,35.7348707],[139.8116677,35.733391],[139.8112045,35.7326001],[139.8107879,35.7318886],[139.8100474,35.7302849],[139.8098027,35.7280328],[139.8095194,35.7254377],[139.8093629,35.7240038],[139.8089702,35.722668],[139.8088525,35.7222676],[139.8082809,35.7203234],[139.8080307,35.7197479],[139.8080279,35.7197417],[139.8073235,35.7181303],[139.8066434,35.7174391],[139.8057152,35.7164979],[139.8053662,35.7161423],[139.803723,35.7144526],[139.8034142,35.7141918],[139.8019223,35.71294],[139.8007119,35.711923],[139.8004972,35.7116941],[139.8004888,35.7116851],[139.798987,35.7100828],[139.7979951,35.7090271],[139.7974222,35.7082524],[139.7974119,35.7082387],[139.7965878,35.7071249],[139.7958394,35.7056143],[139.7958313,35.7055981],[139.7952177,35.7043656],[139.7940297,35.7019597],[139.7940271,35.7019546],[139.7937267,35.7013478],[139.7934596,35.7009476],[139.7925526,35.6995886],[139.7925494,35.6995838],[139.7922659,35.6991601],[139.7917846,35.6986214],[139.7908544,35.6975853],[139.7903509,35.6969378],[139.7899512,35.6964239],[139.7891354,35.6953754],[139.7889011,35.6948156],[139.7888958,35.6948026],[139.7888131,35.6938566],[139.7888127,35.6938529],[139.7887248,35.6928462],[139.7889017,35.6920574],[139.7889022,35.6920553],[139.7889807,35.6917045],[139.7890466,35.691412],[139.7893136,35.6909579],[139.790187,35.6894764],[139.7904678,35.6892146],[139.7904703,35.6892123],[139.7907826,35.6893938],[139.791578,35.6898459],[139.7918841,35.6899962],[139.7926159,35.6903602],[139.7923934,35.6906677],[139.792976,35.6906942],[139.7934487,35.6907165],[139.793486,35.6901555],[139.7940444,35.6902046],[139.7949274,35.690284],[139.79498,35.6897897],[139.7961494,35.6898967],[139.7963989,35.6899155],[139.7966829,35.6886971],[139.7966785,35.6885549],[139.7967717,35.6885341],[139.7970226,35.6886673],[139.7970258,35.6886693],[139.7970079,35.6886911],[139.7979029,35.6891212],[139.7979111,35.6891842],[139.7980989,35.6892546],[139.7981482,35.6892714],[139.7981959,35.6892877],[139.7983035,35.6893417],[139.7984105,35.6893245],[139.799301,35.6897634]]]}},{"type":"Feature","properties":{"name":"中央区","name:en":"Chuo"},"geometry":{"type":"Polygon","coordinates":[[[139.7888145,35.6634071],[139.7888142,35.6634098],[139.7886765,35.6648143],[139.7886398,35.6651886],[139.7886301,35.6652298],[139.7886242,35.6652683],[139.7885958,35.6654606],[139.7885486,35.6657727],[139.7885002,35.6660935],[139.7884695,35.6662962],[139.7884414,35.6665367],[139.7884064,35.6668289],[139.7883735,35.6671019],[139.7883687,35.6671322],[139.7883418,35.6672982],[139.7883029,35.6675343],[139.7882644,35.6677697],[139.788208,35.6681183],[139.7881108,35.668687],[139.7880784,35.6688938],[139.7877967,35.6696323],[139.7875475,35.6702856],[139.787307,35.6709209],[139.787041,35.6716241],[139.7868107,35.6722278],[139.7865673,35.672868],[139.7866432,35.6733221],[139.786646,35.6733359],[139.7867852,35.6741372],[139.7868253,35.6742878],[139.7868299,35.6743006],[139.7875645,35.6762992],[139.7875666,35.6763049],[139.787793,35.6769125],[139.7877976,35.6769245],[139.787921,35.6771304],[139.7881006,35.6774245],[139.7883471,35.6778284],[139.7885735,35.6781988],[139.7887476,35.6784843],[139.7890372,35.6789547],[139.789038,35.6789561],[139.7893701,35.6794997],[139.7906551,35.6810697],[139.7908626,35.6813231],[139.7919041,35.6826111],[139.7925222,35.6833508],[139.7926785,35.6835416],[139.7931527,35.6850259],[139.7929846,35.685951],[139.7929432,35.6860283],[139.7929423,35.6860299],[139.7928959,35.6861161],[139.7928918,35.6861236],[139.7921593,35.6874871],[139.791997,35.6877894],[139.7904703,35.6892123],[139.7904678,35.6892146],[139.790187,35.6894764],[139.7893136,35.6909579],[139.7890466,35.691412],[139.7889807,35.6917045],[139.7889022,35.6920553],[139.7889017,35.6920574],[139.7887248,35.6928462],[139.7888127,35.6938529],[139.7888131,35.6938566],[139.7888958,35.6948026],[139.7880117,35.6950454],[139.7871964,35.695301],[139.7864365,35.6955396],[139.7857947,35.6957404],[139.785413,35.6958597],[139.785145,35.6959445],[139.7848701,35.6960298],[139.78462,35.696111],[139.7843569,35.6961959],[139.7841217,35.6962713],[139.783712,35.6964016],[139.7834339,35.6964907],[139.782898,35.6966031],[139.7827334,35.6966138],[139.7827102,35.6964733],[139.7827052,35.696394],[139.7826931,35.696241],[139.7826868,35.6961761],[139.7824501,35.6962063],[139.7820215,35.696264],[139.7817464,35.6963009],[139.7817272,35.6961633],[139.7817108,35.6960376],[139.7816829,35.6958248],[139.7816262,35.6954073],[139.7816114,35.6953075],[139.7816047,35.6952473],[139.7820053,35.6952208],[139.7825446,35.6951647],[139.7826847,35.695149],[139.7828455,35.6951307],[139.7827572,35.6946639],[139.7826236,35.6945668],[139.7822051,35.6942614],[139.7817271,35.6939157],[139.7815063,35.6937564],[139.7812817,35.6935941],[139.781193,35.6935296],[139.7807912,35.6932241],[139.7804349,35.6929514],[139.7803371,35.6928769],[139.7802868,35.6928387],[139.7802409,35.6928966],[139.7800706,35.693085],[139.7799412,35.6931966],[139.779778,35.6930845],[139.7792753,35.692715],[139.7788096,35.6923738],[139.7787557,35.6923352],[139.7783942,35.6921928],[139.7780529,35.692059],[139.7775452,35.6918586],[139.7774301,35.6918099],[139.777078,35.6916605],[139.7766635,35.6914825],[139.776609,35.6914596],[139.7765181,35.6914282],[139.7762556,35.691338],[139.7760554,35.691269],[139.7757809,35.6911745],[139.7755152,35.6910832],[139.775323,35.6910171],[139.7751828,35.6909688],[139.7749531,35.6908922],[139.7744924,35.690739],[139.7742095,35.6906452],[139.7739822,35.6905697],[139.7738571,35.6905283],[139.7738118,35.6905136],[139.773642,35.6904583],[139.7733667,35.6903672],[139.7730897,35.6902752],[139.7729148,35.6902179],[139.7726048,35.6901153],[139.7725089,35.690084],[139.7724341,35.6900563],[139.7723895,35.690038],[139.7723338,35.6900178],[139.771921,35.6898852],[139.7717447,35.6898284],[139.7713438,35.6897003],[139.7710771,35.6896144],[139.7710696,35.689612],[139.7708043,35.6895281],[139.7703588,35.6893846],[139.7700744,35.6892899],[139.7697083,35.689169],[139.7690565,35.6889487],[139.7688152,35.688872],[139.7679383,35.6885936],[139.7679348,35.6885909],[139.7680039,35.688545],[139.7687954,35.6880095],[139.7689738,35.6878218],[139.7691934,35.6875904],[139.7693426,35.6874336],[139.7696248,35.6871375],[139.7696334,35.6871284],[139.7697121,35.6870451],[139.7700499,35.6866901],[139.770196,35.6864966],[139.7703853,35.6862442],[139.7704329,35.6861388],[139.770441,35.6861197],[139.7705305,35.68591],[139.770658,35.6856187],[139.770751,35.6854025],[139.7707855,35.6853225],[139.7708215,35.6852389],[139.7709661,35.6849955],[139.771045,35.6848578],[139.7709768,35.6846493],[139.7708934,35.684394],[139.7711603,35.6843366],[139.7709377,35.6838047],[139.7709108,35.6837774],[139.7708813,35.6837654],[139.7708478,35.68376],[139.7708089,35.6837658],[139.77069,35.6837938],[139.7706529,35.6836897],[139.770614,35.6835781],[139.7706497,35.6835676],[139.7706872,35.6835234],[139.7707002,35.6835026],[139.7707101,35.6834691],[139.7707168,35.6834295],[139.770655,35.6833074],[139.7705118,35.6830169],[139.7702598,35.6824998],[139.7701916,35.6823963],[139.7699902,35.6820916],[139.7697915,35.6817909],[139.7697273,35.6817127],[139.7696337,35.6815978],[139.7696184,35.6815329],[139.7695449,35.6814337],[139.7694567,35.6813012],[139.7693988,35.6812063],[139.7693317,35.6810959],[139.7692711,35.681],[139.769004,35.6805829],[139.7689181,35.6804451],[139.7686227,35.6799593],[139.7683411,35.6795032],[139.7680189,35.679035],[139.7678677,35.6788119],[139.767776,35.6786662],[139.7677025,35.6785503],[139.7676128,35.6784067],[139.7675191,35.6782582],[139.7674385,35.67813],[139.7673803,35.6780376],[139.7672657,35.6778548],[139.7671759,35.6777117],[139.7670651,35.6775358],[139.7670032,35.6774361],[139.7673368,35.677372],[139.76722,35.6771998],[139.7670967,35.677018],[139.7669439,35.6770506],[139.7668594,35.6770826],[139.7661032,35.676006],[139.7660313,35.6759278],[139.7653844,35.6752229],[139.7650679,35.674873],[139.764723,35.6745036],[139.7646514,35.6743801],[139.7644454,35.674021],[139.7641987,35.673632],[139.7640914,35.6735024],[139.7639845,35.6734227],[139.7638888,35.6733513],[139.7636341,35.6732322],[139.7630775,35.6730622],[139.7625945,35.6729503],[139.7623183,35.6728919],[139.7615956,35.672706],[139.7611866,35.6726058],[139.7609881,35.6725382],[139.7607989,35.6724438],[139.760642,35.6723283],[139.7605227,35.6721907],[139.760429,35.67207],[139.760398,35.6720175],[139.7601156,35.6715201],[139.7595544,35.6705317],[139.7594914,35.6704106],[139.7593304,35.6701014],[139.7590301,35.6695726],[139.7587954,35.6691493],[139.7587553,35.6691331],[139.7585894,35.6687497],[139.758555,35.6686296],[139.7586851,35.6686003],[139.7587093,35.668499],[139.7587532,35.6683978],[139.7588201,35.6683219],[139.7589516,35.6682122],[139.7592262,35.668096],[139.7608091,35.6675674],[139.7616914,35.6672561],[139.7620047,35.6671089],[139.7622037,35.666975],[139.7623718,35.6668107],[139.7625643,35.6665654],[139.7626687,35.6663998],[139.7628596,35.6660803],[139.7631435,35.6654917],[139.7632349,35.66522],[139.7632871,35.6648316],[139.7633197,35.6643653],[139.7631916,35.6639875],[139.7630433,35.6637438],[139.7629104,35.6635646],[139.7627894,35.6634142],[139.7610919,35.6613042],[139.7597017,35.659607],[139.7595921,35.6594308],[139.7595492,35.6592818],[139.7595285,35.6591686],[139.7595135,35.6590862],[139.7595206,35.6589971],[139.7597141,35.6588837],[139.7626662,35.6571687],[139.7645772,35.6561706],[139.7650175,35.6559407],[139.7659648,35.6554769],[139.7657782,35.6548346],[139.7655044,35.6538492],[139.7650705,35.6522492],[139.7649241,35.6517149],[139.7648721,35.6515303],[139.7640962,35.6482577],[139.7647281,35.6469785],[139.7681662,35.6402011],[139.7744703,35.6442123],[139.7814803,35.6487701],[139.785633,35.6514668],[139.7876497,35.6527796],[139.7891321,35.6537445],[139.789773,35.6541843],[139.7896572,35.655901],[139.7893764,35.6588487],[139.7888145,35.6634071]]]}},{"type":"Feature","properties":{"name":"目黒区","name:en":"Meguro"},"geometry":{"type":"Polygon","coordinates":[[[139.7144753,35.6339147],[139.7145073,35.6340086],[139.7146314,35.6342623],[139.714539,35.6343955],[139.7144945,35.63457],[139.714096,35.6347214],[139.7140522,35.6349179],[139.7139815,35.6350697],[139.7136549,35.6349682],[139.7134075,35.6355283],[139.713699,35.63562],[139.7136384,35.6357291],[139.7135721,35.6358685],[139.7135849,35.6358716],[139.7135789,35.6358855],[139.7139083,35.6359861],[139.7137448,35.6364084],[139.7135778,35.6368512],[139.7135173,35.6371132],[139.7133311,35.6375215],[139.713562,35.637624],[139.7136161,35.6376481],[139.7135199,35.6377792],[139.7136268,35.6378217],[139.7136698,35.6377682],[139.713832,35.6378485],[139.7137218,35.638006],[139.7138371,35.6380863],[139.713395,35.638459],[139.713197,35.6386319],[139.713284,35.6386792],[139.7133759,35.6385836],[139.7139574,35.6381022],[139.714296,35.6383823],[139.7142383,35.6386236],[139.7144643,35.6387903],[139.7144955,35.6388305],[139.7146289,35.6390267],[139.7146824,35.6391291],[139.7148644,35.6395236],[139.7150171,35.6398145],[139.7150416,35.6398286],[139.715077,35.6398443],[139.7151062,35.6399345],[139.7151407,35.6400578],[139.7151655,35.6401639],[139.7151492,35.6402215],[139.7152535,35.6402374],[139.7153165,35.6402538],[139.7154721,35.6403377],[139.7155896,35.6406408],[139.7158236,35.6407267],[139.7158355,35.6407123],[139.7158747,35.6407287],[139.7159139,35.6406737],[139.716499,35.6410022],[139.7166809,35.6410985],[139.7167849,35.6411076],[139.7168952,35.6411499],[139.7173114,35.6412707],[139.7175938,35.6412979],[139.7177697,35.6413029],[139.7177496,35.6415768],[139.7173089,35.6415601],[139.717267,35.6415909],[139.7172018,35.6416295],[139.71708,35.6416827],[139.7170031,35.6417104],[139.7168228,35.6417221],[139.7167479,35.6417321],[139.7165849,35.6418625],[139.716493,35.6419183],[139.7164365,35.6419623],[139.7163188,35.6420813],[139.7162298,35.6421166],[139.7159601,35.6423307],[139.7157355,35.6425552],[139.7156658,35.6426613],[139.7156227,35.6427699],[139.7156041,35.6429325],[139.7155663,35.6430018],[139.7155221,35.6430417],[139.7153975,35.6430546],[139.7153366,35.6430609],[139.7153444,35.6429487],[139.7153275,35.6426707],[139.715291,35.6425177],[139.7152825,35.6424762],[139.7152379,35.6423634],[139.7151821,35.6422227],[139.7150809,35.6420368],[139.714649,35.6420785],[139.7141443,35.6421439],[139.7135366,35.6416563],[139.7128248,35.6422312],[139.7125007,35.6423548],[139.7123847,35.6423637],[139.7123558,35.6423548],[139.7123222,35.6423356],[139.7121579,35.642338],[139.7119227,35.6423165],[139.7116211,35.6422499],[139.7114593,35.6422195],[139.7112053,35.6421265],[139.7110369,35.6421076],[139.7108461,35.6420685],[139.710528,35.6420112],[139.7104782,35.6420297],[139.7103986,35.6417624],[139.7104498,35.6416711],[139.710262,35.6415008],[139.7102192,35.6415696],[139.7101839,35.6415937],[139.7101151,35.641636],[139.7098311,35.6417507],[139.709015,35.6420115],[139.7087905,35.642109],[139.7083782,35.6423341],[139.7076995,35.6427961],[139.7075764,35.6428808],[139.7074944,35.642938],[139.7072266,35.6429717],[139.7065188,35.6434361],[139.7065648,35.6436257],[139.7065017,35.6438252],[139.7064435,35.6440423],[139.7061914,35.644114],[139.7060285,35.6439507],[139.7055219,35.644225],[139.7053296,35.6443354],[139.7052549,35.6444243],[139.7049306,35.6446226],[139.7045575,35.6448519],[139.7043756,35.6449622],[139.7043667,35.6450041],[139.7043002,35.644996],[139.7042327,35.6450191],[139.7041783,35.6450519],[139.7038946,35.6452399],[139.7035846,35.6454863],[139.703453,35.6455939],[139.7031128,35.6458624],[139.702936,35.6459977],[139.7027161,35.6461505],[139.7025349,35.6462761],[139.7024972,35.6462876],[139.7023774,35.6463105],[139.7023271,35.6463777],[139.7022061,35.6463478],[139.7020766,35.6465257],[139.7019558,35.646732],[139.7018654,35.646779],[139.701724,35.6468462],[139.701531,35.646916],[139.701371,35.6470348],[139.7011663,35.6470457],[139.7009726,35.6470885],[139.7006299,35.6471682],[139.7004109,35.6472612],[139.7003492,35.6472942],[139.7002501,35.6473259],[139.7002722,35.647623],[139.6999321,35.6475891],[139.6998015,35.6476669],[139.6996716,35.6477549],[139.6995383,35.6478454],[139.6998467,35.6481481],[139.6993911,35.6483945],[139.6993433,35.6483074],[139.6989035,35.6485685],[139.6991555,35.6488443],[139.6988543,35.6490401],[139.6983677,35.6493906],[139.6982857,35.6494633],[139.697768,35.6499219],[139.6974209,35.6502357],[139.6971156,35.6505128],[139.6968902,35.6507118],[139.6968593,35.6507166],[139.6966473,35.6507498],[139.6960889,35.6508439],[139.6961084,35.6508708],[139.6961483,35.6509478],[139.6958284,35.6512242],[139.695644,35.651414],[139.6954957,35.6515906],[139.6957168,35.6517668],[139.6954624,35.6519859],[139.6951171,35.6522955],[139.6946991,35.6526747],[139.6944972,35.6528513],[139.694068,35.6532441],[139.69395,35.653353],[139.6937663,35.6535195],[139.6936015,35.6536619],[139.6935448,35.6537178],[139.693497,35.6537601],[139.6934089,35.6538569],[139.6932703,35.6540384],[139.6931204,35.6542284],[139.6927324,35.6547109],[139.6925471,35.6549205],[139.6923881,35.6551346],[139.6920473,35.6554287],[139.6919695,35.6553858],[139.6918738,35.6555096],[139.6918382,35.6555136],[139.6917936,35.6555679],[139.6916708,35.6557186],[139.6915783,35.6558627],[139.6914953,35.6560021],[139.6913542,35.656153],[139.6909909,35.6565459],[139.690856,35.6566882],[139.6907237,35.6568278],[139.6906413,35.6569431],[139.6905751,35.6570546],[139.6905134,35.6571487],[139.6903502,35.6573646],[139.6901404,35.6576678],[139.6900333,35.6577988],[139.6899378,35.6579125],[139.689839,35.6580292],[139.6896546,35.6582488],[139.6895826,35.6583202],[139.6894402,35.6584351],[139.6894102,35.6584046],[139.689353,35.6584167],[139.6893074,35.6584317],[139.6892649,35.6584703],[139.68916,35.6586086],[139.689035,35.6587574],[139.6889962,35.6588017],[139.68892,35.658913],[139.6888681,35.6590191],[139.6887704,35.6592273],[139.6887032,35.6593697],[139.6885833,35.6595321],[139.6885109,35.6596708],[139.688405,35.6598564],[139.6882595,35.6599447],[139.6881682,35.6600535],[139.6883766,35.6601676],[139.6881941,35.6605871],[139.6881242,35.6607431],[139.6880563,35.6608843],[139.6879503,35.6610711],[139.687717,35.661206],[139.687608,35.661269],[139.6874674,35.6615015],[139.6873614,35.661611],[139.6872685,35.6616705],[139.687137,35.6616684],[139.68702,35.661809],[139.6868954,35.661905],[139.6866996,35.6620067],[139.6865709,35.6620546],[139.6864538,35.6620904],[139.6862813,35.6621431],[139.6857245,35.6622997],[139.6858032,35.6625129],[139.6856647,35.6625564],[139.6854884,35.6626112],[139.6852914,35.6626813],[139.6850485,35.6627542],[139.6847939,35.6628387],[139.6845598,35.6629065],[139.6844479,35.6629431],[139.6843881,35.6629608],[139.6842383,35.6630093],[139.684133,35.6630417],[139.6840277,35.6630946],[139.6837803,35.6631289],[139.6836644,35.6631213],[139.6834463,35.6630942],[139.6832523,35.6630828],[139.6828305,35.6630495],[139.6827568,35.6630546],[139.6826588,35.663063],[139.6825436,35.6630729],[139.682411,35.6630975],[139.6822095,35.6631582],[139.6819532,35.6632646],[139.6813044,35.6635338],[139.6808762,35.6637215],[139.6806405,35.6638095],[139.6804222,35.6638666],[139.6796999,35.6640279],[139.679501,35.6640465],[139.6792251,35.6640617],[139.6787791,35.6640846],[139.6784399,35.6641032],[139.6777677,35.6641388],[139.6776963,35.6641392],[139.6773062,35.6641208],[139.6766619,35.6640848],[139.6756606,35.6640346],[139.6753449,35.6640343],[139.6751309,35.6640361],[139.6750266,35.6640768],[139.6749993,35.664091],[139.6749535,35.6641147],[139.6748028,35.6639324],[139.6749971,35.6637463],[139.6752262,35.6636783],[139.6754725,35.6634593],[139.675703,35.663189],[139.675749,35.6631285],[139.6758819,35.662933],[139.675959,35.662783],[139.6760416,35.6625274],[139.6761121,35.6622412],[139.6761971,35.6619009],[139.6762881,35.6615124],[139.676313,35.661402],[139.6763629,35.6612073],[139.6764472,35.6608689],[139.6765087,35.6606147],[139.6766877,35.6599041],[139.6770825,35.6598606],[139.6773968,35.6598236],[139.677681,35.6598],[139.6777987,35.6597065],[139.677914,35.659484],[139.6780527,35.6592897],[139.6782184,35.659025],[139.6784352,35.6586375],[139.6786116,35.6584389],[139.6788989,35.6581322],[139.679099,35.6578216],[139.6792243,35.6576056],[139.6793781,35.6573301],[139.6794897,35.6571997],[139.6795832,35.6571172],[139.6796112,35.6570925],[139.679887,35.6569373],[139.6802333,35.6567561],[139.6804663,35.6566643],[139.6805898,35.6566277],[139.6805936,35.6565284],[139.6805928,35.6563382],[139.6805947,35.6560927],[139.6805918,35.6558441],[139.6805966,35.655677],[139.6808658,35.655651],[139.6813534,35.6556033],[139.6816293,35.6555904],[139.6817728,35.655596],[139.6818021,35.6552979],[139.6818418,35.6548598],[139.6818644,35.6544908],[139.682352,35.6545],[139.6826367,35.6545061],[139.6831548,35.6545137],[139.6831583,35.6543699],[139.6831638,35.65411],[139.6829216,35.6540942],[139.6829306,35.6536822],[139.682947,35.6532731],[139.6829525,35.6530504],[139.6836451,35.6530728],[139.6840313,35.6530832],[139.6841539,35.6528469],[139.6839814,35.6528375],[139.6831712,35.6527931],[139.6825525,35.6527586],[139.6825509,35.6525375],[139.6824597,35.6522656],[139.6838544,35.6518244],[139.6841257,35.6517276],[139.68426,35.651693],[139.684257,35.65162],[139.6842788,35.6515392],[139.6843731,35.6514741],[139.6845301,35.651429],[139.6846871,35.6513884],[139.684661,35.6512971],[139.6846339,35.6511676],[139.6846174,35.6510009],[139.6846218,35.6508981],[139.6845511,35.6506802],[139.6844667,35.6504202],[139.6844713,35.6503549],[139.6844494,35.6503018],[139.6844141,35.6502348],[139.6843712,35.650175],[139.6843051,35.6501074],[139.6842465,35.6500564],[139.6843091,35.6499613],[139.6843512,35.6499408],[139.6842466,35.6497247],[139.6841796,35.6495809],[139.6841364,35.6494888],[139.6840908,35.6493942],[139.6840646,35.6493341],[139.6840518,35.6491816],[139.6840695,35.6489836],[139.6841453,35.6485889],[139.6841998,35.6484016],[139.6842527,35.648233],[139.684282,35.6480816],[139.6842717,35.6480394],[139.6843161,35.6477749],[139.6843565,35.6475701],[139.684405,35.647244],[139.6844173,35.6470929],[139.6844731,35.6467718],[139.6844328,35.6467361],[139.6843566,35.6466687],[139.6843639,35.6463668],[139.6843729,35.6460012],[139.6850172,35.6462212],[139.6851759,35.6458736],[139.6853112,35.6455816],[139.685447,35.6452948],[139.6855638,35.645046],[139.6849233,35.6448383],[139.6841488,35.6445948],[139.6843666,35.6441706],[139.6844786,35.6439356],[139.6846661,35.6435407],[139.6848587,35.6431518],[139.6849816,35.6428781],[139.6850183,35.6427964],[139.6842431,35.6425476],[139.68432,35.642388],[139.6847257,35.6425119],[139.6847574,35.6424244],[139.6849172,35.6419808],[139.6850652,35.6415487],[139.6851314,35.6413743],[139.6853983,35.64136],[139.6855798,35.6410699],[139.6856365,35.6410384],[139.685789,35.6407993],[139.6858563,35.6407226],[139.6858607,35.6405908],[139.685865,35.6404387],[139.6858675,35.6403012],[139.6858653,35.6401079],[139.6859517,35.6399443],[139.6860373,35.6398997],[139.6860527,35.6398917],[139.6860397,35.639716],[139.6860407,35.6396199],[139.6861441,35.6396144],[139.6866146,35.6393896],[139.6865064,35.6390435],[139.6863804,35.6386051],[139.6862956,35.6382993],[139.6861979,35.6379452],[139.6860289,35.6376966],[139.6858476,35.6374211],[139.685631,35.6370904],[139.6854958,35.6368507],[139.6853164,35.6364578],[139.685181,35.6361908],[139.6848868,35.6357357],[139.6846454,35.6353858],[139.6845989,35.6353027],[139.6844102,35.6348812],[139.6842421,35.6344775],[139.6841351,35.6342356],[139.6839628,35.6339681],[139.6838192,35.6337511],[139.6836205,35.633474],[139.6831841,35.632955],[139.6830777,35.6327924],[139.6828852,35.6324903],[139.6827592,35.6322942],[139.6825707,35.632039],[139.682325,35.6316922],[139.682037,35.6312885],[139.6818113,35.6309181],[139.6815847,35.6305309],[139.6814348,35.6302723],[139.6812599,35.6299562],[139.6811134,35.6295524],[139.6811081,35.6294789],[139.6810504,35.6293113],[139.6810002,35.6291821],[139.6809328,35.6290129],[139.6807606,35.628712],[139.6806235,35.6283876],[139.6804478,35.6279664],[139.6802603,35.6275897],[139.6801397,35.6273407],[139.6800323,35.6271202],[139.6799227,35.6268211],[139.6798907,35.6267814],[139.6797627,35.6264603],[139.6796492,35.6261641],[139.6796312,35.6261383],[139.6796034,35.6260606],[139.6794683,35.6256436],[139.6794583,35.6255462],[139.6794396,35.6252629],[139.6793872,35.6250524],[139.6790805,35.6251068],[139.6789169,35.6251612],[139.6786465,35.6252589],[139.678571,35.6252755],[139.678455,35.6252907],[139.6783158,35.6253005],[139.6782282,35.6254349],[139.677824,35.6260473],[139.6773432,35.6267442],[139.6769555,35.6272205],[139.6767283,35.6274034],[139.6765903,35.6274858],[139.676466,35.62756],[139.6754016,35.6281658],[139.674647,35.6285614],[139.674058,35.6288727],[139.6729026,35.6294479],[139.6724415,35.6296923],[139.6723937,35.6297253],[139.6720743,35.6299538],[139.6719888,35.6298873],[139.6719641,35.629879],[139.6719245,35.6298859],[139.6717243,35.6299583],[139.6714771,35.6300487],[139.6709678,35.6302311],[139.6704124,35.6304186],[139.6700541,35.6305248],[139.6695186,35.6306848],[139.6692841,35.6307398],[139.6687641,35.6308581],[139.6685804,35.6309243],[139.6683491,35.6310334],[139.6680817,35.6311406],[139.6677293,35.6312656],[139.6673997,35.6313114],[139.6671687,35.6313337],[139.6667322,35.6314602],[139.6663018,35.6315938],[139.6657661,35.6316651],[139.6652061,35.6318272],[139.6648169,35.6319413],[139.6646738,35.6319821],[139.6646243,35.6319865],[139.664498,35.6320166],[139.6643124,35.6320414],[139.6637229,35.6320972],[139.6635572,35.6321018],[139.6625158,35.6320435],[139.6622992,35.6320099],[139.6619744,35.6319793],[139.6616082,35.6319453],[139.6618439,35.6314754],[139.6620646,35.6310643],[139.6622685,35.6306879],[139.6624321,35.6303819],[139.6624855,35.6302812],[139.6624627,35.6301607],[139.6624196,35.6298471],[139.6623597,35.629563],[139.6623003,35.6293742],[139.662201,35.6292409],[139.6621369,35.6291214],[139.6621575,35.6289716],[139.6621693,35.6288859],[139.6622273,35.6284839],[139.6622885,35.6283853],[139.6623164,35.6282547],[139.662122,35.627992],[139.66209,35.627909],[139.661979,35.627779],[139.661904,35.627676],[139.661865,35.6276],[139.661806,35.627484],[139.662184,35.627384],[139.662616,35.627272],[139.662905,35.627183],[139.663007,35.627124],[139.663053,35.627098],[139.663149,35.627042],[139.663379,35.626869],[139.663452,35.626776],[139.663489,35.626702],[139.6635263,35.626597],[139.6635547,35.6264978],[139.6639238,35.6247873],[139.6637606,35.624431],[139.663864,35.6242671],[139.663882,35.6242386],[139.6639194,35.6241393],[139.6639964,35.623951],[139.6641427,35.6236358],[139.664475,35.623068],[139.6650713,35.6225185],[139.6652256,35.6225141],[139.6653346,35.6224508],[139.6653727,35.6222754],[139.6653565,35.6221954],[139.665431,35.622084],[139.665565,35.6219635],[139.6656661,35.6218232],[139.6657298,35.6216709],[139.6657941,35.6215917],[139.6658812,35.6215139],[139.6659989,35.621378],[139.6660641,35.6212006],[139.6662354,35.6210228],[139.6663312,35.6209624],[139.6664265,35.6208993],[139.6664427,35.6208557],[139.666412,35.6208318],[139.6663465,35.6208299],[139.6661636,35.620835],[139.665796,35.620848],[139.6657623,35.6207192],[139.6656958,35.6205266],[139.6656999,35.6203286],[139.6658602,35.6200378],[139.6660036,35.6198386],[139.6661986,35.619365],[139.6662312,35.6192914],[139.6662572,35.6192325],[139.666357,35.6187782],[139.6663836,35.6185815],[139.6656082,35.6184922],[139.6648005,35.6183776],[139.6645742,35.6178955],[139.6645061,35.6177114],[139.6643829,35.6174408],[139.6644588,35.6172788],[139.6646365,35.6169935],[139.6647446,35.616816],[139.6645226,35.6167711],[139.6645968,35.6164814],[139.6642471,35.6164068],[139.6642498,35.61639],[139.6641079,35.6162307],[139.6640073,35.6162092],[139.6640624,35.6160452],[139.6640156,35.6159726],[139.6640588,35.6158434],[139.6639355,35.6158038],[139.6637809,35.6157741],[139.6636262,35.6157823],[139.663478,35.6157098],[139.663439,35.6157095],[139.6634283,35.6155094],[139.6633371,35.6155145],[139.663251,35.6154058],[139.6631844,35.6153118],[139.6631713,35.6151888],[139.663091,35.615196],[139.6629808,35.6145298],[139.6628911,35.6142546],[139.6628364,35.6140004],[139.6628053,35.6138572],[139.6628132,35.6137533],[139.6627791,35.6134992],[139.66277,35.6133793],[139.6627466,35.613177],[139.6627288,35.6130292],[139.6627201,35.6129341],[139.6627156,35.6128722],[139.6627092,35.612798],[139.6626856,35.6126676],[139.6626677,35.6125406],[139.6628973,35.6125362],[139.6630659,35.6125319],[139.6631277,35.6125581],[139.6633522,35.6125592],[139.6632119,35.6124084],[139.6631592,35.6123896],[139.6630711,35.6122873],[139.6628869,35.6122942],[139.6628808,35.6121281],[139.6628854,35.6119825],[139.6628472,35.611956],[139.6628483,35.6119116],[139.6628405,35.6117974],[139.6629471,35.6117933],[139.6630962,35.61191],[139.6633105,35.6117627],[139.6633017,35.6116368],[139.6632364,35.6115264],[139.663282,35.6114741],[139.6632373,35.6113656],[139.6632665,35.6113293],[139.663265,35.6112584],[139.6632269,35.6112482],[139.6632251,35.6111926],[139.6634678,35.6111823],[139.6635298,35.6109885],[139.6635456,35.6109303],[139.663278,35.6107394],[139.6633586,35.6106256],[139.6634285,35.6104965],[139.6634148,35.6104728],[139.6635462,35.6103437],[139.6636982,35.6101983],[139.6639423,35.6099191],[139.6639802,35.6098871],[139.6640343,35.6098643],[139.6640303,35.609692],[139.6640134,35.6096519],[139.6636597,35.6097223],[139.663489,35.6097573],[139.663427,35.6095284],[139.6633348,35.6095222],[139.6632473,35.6092764],[139.6632273,35.6091816],[139.6631769,35.6090453],[139.6634762,35.6089808],[139.6633748,35.6086898],[139.6633044,35.6085389],[139.6633814,35.6084944],[139.664376,35.6079026],[139.6649483,35.6075545],[139.6650824,35.6074711],[139.6652956,35.6073452],[139.6653823,35.6072882],[139.6654072,35.6072787],[139.6657192,35.6071593],[139.6664632,35.6069176],[139.6668635,35.6067838],[139.6670306,35.6067314],[139.6670581,35.6067207],[139.6673177,35.60662],[139.667491,35.606586],[139.667913,35.606537],[139.667953,35.606533],[139.6681059,35.6065216],[139.6681589,35.6065177],[139.6683287,35.6065214],[139.6684289,35.6065327],[139.6685227,35.6065519],[139.6686856,35.6065857],[139.6694494,35.6068128],[139.6696961,35.6068929],[139.669827,35.6069327],[139.67087,35.6073422],[139.6709381,35.6073679],[139.671228,35.607478],[139.6713212,35.6075105],[139.671902,35.607713],[139.6726461,35.6078707],[139.672877,35.6080046],[139.672993,35.608073],[139.6732071,35.6081818],[139.6734293,35.6082196],[139.6736876,35.6082424],[139.6738092,35.6082271],[139.6740075,35.6081976],[139.6742025,35.6082081],[139.6746346,35.6082692],[139.6749711,35.6083203],[139.6750935,35.608344],[139.6753066,35.6084357],[139.6754619,35.6084946],[139.6757475,35.6084604],[139.6757814,35.6084562],[139.6761069,35.6084157],[139.6762455,35.6083964],[139.6764557,35.6083162],[139.6767661,35.6082265],[139.6770113,35.6081521],[139.6771979,35.6080425],[139.6772376,35.6079918],[139.6773736,35.6077915],[139.6774973,35.6076436],[139.6775558,35.6075817],[139.6776751,35.6075184],[139.6778805,35.6072749],[139.6783058,35.6069313],[139.6784591,35.6067865],[139.6785218,35.6066821],[139.6785935,35.6066248],[139.6787047,35.6064219],[139.678714,35.606405],[139.678754,35.606304],[139.678816,35.606147],[139.6788555,35.6061143],[139.6789789,35.6060582],[139.6791142,35.6059597],[139.67928,35.6057925],[139.6792983,35.6057434],[139.6793201,35.6056851],[139.6793547,35.6056029],[139.6794304,35.6054563],[139.679498,35.6054069],[139.6795384,35.6051273],[139.6795618,35.6050748],[139.6795757,35.6049071],[139.6795595,35.6048944],[139.6795757,35.6047898],[139.679592,35.604669],[139.6796092,35.6045501],[139.6796166,35.6044729],[139.6796342,35.6043011],[139.6796383,35.6042303],[139.6796575,35.6040254],[139.679696,35.6038416],[139.6793936,35.6038161],[139.6794127,35.6036779],[139.6797076,35.6037173],[139.6797364,35.6035582],[139.6799168,35.6035827],[139.6799558,35.6032566],[139.6799829,35.6030192],[139.6800862,35.6030283],[139.6801953,35.6030289],[139.6802301,35.6027939],[139.6802812,35.6020727],[139.6802051,35.601887],[139.6802375,35.6012534],[139.680243,35.6011098],[139.6802503,35.6009415],[139.6802657,35.6006154],[139.6803494,35.6006116],[139.6806854,35.6005787],[139.6808011,35.6005708],[139.6811454,35.6006639],[139.6809926,35.6008271],[139.6808718,35.6009751],[139.6807798,35.6011164],[139.6807294,35.6012409],[139.6807056,35.6012949],[139.6806691,35.6014496],[139.6806653,35.6016437],[139.6806916,35.6018617],[139.6807199,35.6020955],[139.6807453,35.6022722],[139.6807671,35.6024466],[139.6807964,35.6026694],[139.6808144,35.6028369],[139.6808199,35.6029394],[139.6808108,35.6031937],[139.6807802,35.6033295],[139.6807649,35.6034986],[139.6807513,35.6035418],[139.6807069,35.6036827],[139.6806904,35.6037445],[139.6806538,35.6038817],[139.6806311,35.6040153],[139.6806141,35.6041274],[139.6806936,35.604138],[139.680914,35.6041675],[139.6810806,35.6041858],[139.6810991,35.6041498],[139.6816179,35.6041819],[139.6818154,35.604193],[139.6819317,35.6041882],[139.6819317,35.6042324],[139.6820612,35.604219],[139.6822751,35.6042023],[139.6822429,35.6039952],[139.6827277,35.6039201],[139.6828528,35.6039862],[139.6829183,35.6038819],[139.6827562,35.6037856],[139.6826448,35.6036525],[139.6827323,35.6033438],[139.682868,35.6033391],[139.682949,35.6031326],[139.6828592,35.6030406],[139.6829538,35.6028338],[139.6829893,35.6027701],[139.683066,35.6026782],[139.683103,35.6026397],[139.6830785,35.6025777],[139.6834379,35.6024443],[139.68366,35.6023614],[139.6839064,35.6023117],[139.6841883,35.6022555],[139.6842967,35.6022359],[139.6844976,35.6034459],[139.6845314,35.6036568],[139.684584,35.6039269],[139.6847426,35.6048755],[139.684895,35.605836],[139.6850092,35.6063885],[139.6849595,35.6065123],[139.6849788,35.6066189],[139.6851776,35.606889],[139.6850374,35.6070511],[139.6850283,35.6070844],[139.6851641,35.6071067],[139.6851067,35.6072669],[139.6850328,35.6073993],[139.6849902,35.6074963],[139.6848991,35.6076976],[139.6847751,35.6077338],[139.684779,35.6081366],[139.6848199,35.6084983],[139.6848622,35.6088739],[139.6848575,35.6089466],[139.6848326,35.609069],[139.6848256,35.6091031],[139.6847973,35.6092736],[139.6847957,35.6095786],[139.6847487,35.6097781],[139.6846484,35.6099875],[139.6845627,35.6102704],[139.6845514,35.6105778],[139.6845438,35.6107815],[139.6844694,35.6112392],[139.6844517,35.6114664],[139.6843999,35.6119869],[139.6843765,35.6121781],[139.6843412,35.612432],[139.6842771,35.6127667],[139.6842133,35.6130791],[139.6843564,35.6131053],[139.6843844,35.6130132],[139.6844832,35.613028],[139.6845228,35.6128789],[139.6845522,35.6128835],[139.684634,35.6128071],[139.6847868,35.612646],[139.6848357,35.6126068],[139.6850518,35.6124026],[139.6850892,35.6124002],[139.6850886,35.6122801],[139.685178,35.6122777],[139.685194,35.6122669],[139.6852331,35.6122595],[139.6852747,35.6122396],[139.685408,35.6121993],[139.6853914,35.6120711],[139.6855793,35.6119615],[139.6858415,35.6118079],[139.6860428,35.6117254],[139.6861574,35.6116915],[139.6865355,35.611652],[139.686742,35.6116429],[139.6868639,35.6116573],[139.6870189,35.6116754],[139.6873731,35.6115475],[139.6877285,35.6113827],[139.6879382,35.6113241],[139.6881877,35.6112745],[139.688402,35.611259],[139.6885763,35.6112463],[139.6888179,35.6112537],[139.6892411,35.6112998],[139.6893911,35.6113034],[139.6896393,35.6112946],[139.689847,35.611268],[139.6902131,35.611221],[139.6901953,35.6110958],[139.6902749,35.6110448],[139.6903789,35.6111735],[139.690406,35.6111699],[139.6904171,35.6112361],[139.6905399,35.6112181],[139.6905271,35.6111569],[139.6906239,35.6111434],[139.6907691,35.6111445],[139.6907776,35.6111794],[139.6909187,35.6111782],[139.6910431,35.6111599],[139.6910342,35.6111415],[139.6914196,35.6110914],[139.6917221,35.6108719],[139.6921634,35.6105466],[139.6924245,35.6103582],[139.6928402,35.6100593],[139.693214,35.6097893],[139.6934287,35.6096343],[139.693452,35.6096049],[139.6935502,35.6096717],[139.6936378,35.6095924],[139.6937627,35.6095234],[139.6938954,35.6094759],[139.6939059,35.6094668],[139.6939456,35.6094086],[139.6941335,35.6092697],[139.6942289,35.6091985],[139.6942976,35.6091313],[139.6944844,35.6089426],[139.6947032,35.6087318],[139.6949209,35.6085187],[139.6949862,35.6084548],[139.6949484,35.6084376],[139.695008,35.6083555],[139.695187,35.6081058],[139.6951988,35.6081081],[139.6953061,35.6081292],[139.6956029,35.6081627],[139.6955618,35.608496],[139.6956839,35.6085058],[139.6956289,35.6090417],[139.6957089,35.6090478],[139.6956539,35.6096087],[139.6958443,35.6096222],[139.6958539,35.6097262],[139.6958948,35.6098103],[139.6959304,35.6101977],[139.6959843,35.6107511],[139.6958759,35.611314],[139.695769,35.6117801],[139.6957696,35.6118196],[139.6955654,35.6119769],[139.695592,35.6120512],[139.6956266,35.6124576],[139.6956578,35.6126738],[139.6957477,35.6133124],[139.6957938,35.613582],[139.695799,35.6135944],[139.6959583,35.6138204],[139.696072,35.6139795],[139.6963811,35.6143552],[139.6967963,35.6146024],[139.6972475,35.6148824],[139.697503,35.6146745],[139.6976592,35.6147904],[139.697767,35.6148701],[139.6980775,35.6150696],[139.6982075,35.6151544],[139.6983216,35.6152357],[139.6984114,35.6153486],[139.6984183,35.6153982],[139.698506,35.6154951],[139.6985592,35.6155548],[139.6987174,35.6157039],[139.6988612,35.615864],[139.6990073,35.6160166],[139.6990134,35.616021],[139.6990573,35.6160526],[139.699251,35.6162523],[139.6993135,35.6163037],[139.6994503,35.6164488],[139.6995607,35.6165668],[139.6999573,35.6170448],[139.6995974,35.617202],[139.699713,35.6173315],[139.6997907,35.617418],[139.6999734,35.61762],[139.7001995,35.6178715],[139.7005261,35.6182445],[139.700618,35.6183486],[139.7007408,35.6184881],[139.7010294,35.6188015],[139.7012597,35.6190534],[139.7015818,35.6194143],[139.7017672,35.619622],[139.702026,35.6199057],[139.7022194,35.6201194],[139.7023392,35.6202469],[139.7023463,35.6202544],[139.7024102,35.6203377],[139.7024303,35.6203627],[139.7024678,35.6204259],[139.7025234,35.62061],[139.7025866,35.6207325],[139.7027339,35.6209887],[139.7028661,35.6212362],[139.7028861,35.6213154],[139.7028918,35.6213835],[139.7028484,35.6215952],[139.7029629,35.6215958],[139.7029832,35.6216345],[139.7031009,35.6216118],[139.7031243,35.621704],[139.7032554,35.621716],[139.703611,35.6216719],[139.7038116,35.6216513],[139.703873,35.6218238],[139.7039588,35.6218587],[139.7039669,35.6219765],[139.7039757,35.6220218],[139.7038427,35.6220911],[139.7035934,35.6222184],[139.7034321,35.622289],[139.7033763,35.6223118],[139.7031494,35.6223988],[139.7029317,35.6224786],[139.7026891,35.6225883],[139.7024377,35.622729],[139.7024237,35.6227383],[139.7022495,35.6228542],[139.7020098,35.6230566],[139.7018907,35.6231297],[139.7016891,35.6232549],[139.7012178,35.6234978],[139.7010648,35.6235754],[139.7008495,35.6236422],[139.7005438,35.6237081],[139.7001574,35.6237784],[139.6999817,35.623807],[139.6996693,35.6238917],[139.699493,35.6239593],[139.699251,35.6240404],[139.6990434,35.6240999],[139.6987415,35.6241771],[139.6985568,35.6242247],[139.6983893,35.6242809],[139.6983182,35.6243033],[139.6982389,35.6243703],[139.6980688,35.6245353],[139.6980034,35.6245669],[139.6979043,35.6245917],[139.6975252,35.6246209],[139.6973194,35.6246391],[139.6969838,35.624696],[139.6962331,35.6249434],[139.6962181,35.624955],[139.6962781,35.6249834],[139.6963891,35.6249926],[139.6965161,35.6249853],[139.6969375,35.6251001],[139.6971334,35.625223],[139.6972773,35.6252517],[139.6974213,35.6252456],[139.6976296,35.6252638],[139.6977702,35.6252475],[139.6979471,35.6251701],[139.6980043,35.6251806],[139.6980467,35.6252531],[139.6981288,35.6253983],[139.6985525,35.625526],[139.6988219,35.6257392],[139.698872,35.6257255],[139.6992644,35.6257216],[139.6995583,35.6257706],[139.6997402,35.625831],[139.700186,35.6259824],[139.7005363,35.6261041],[139.7008554,35.626132],[139.701285,35.6260694],[139.7014437,35.6260468],[139.7016275,35.6260333],[139.7016798,35.6259662],[139.7018535,35.625798],[139.7019871,35.625705],[139.7022045,35.625687],[139.7023262,35.6255591],[139.7023577,35.6253905],[139.7024655,35.6248588],[139.7036974,35.6251508],[139.7036571,35.6253177],[139.7038441,35.6253624],[139.7040687,35.6247723],[139.7048075,35.6250107],[139.7047937,35.6250458],[139.7052511,35.6252067],[139.7059679,35.6254339],[139.70633,35.6255256],[139.7063593,35.6254183],[139.7066129,35.6254532],[139.7073246,35.6255462],[139.7073557,35.6256375],[139.707395,35.6257472],[139.7074286,35.6258481],[139.7074636,35.6259226],[139.7077077,35.6261239],[139.7077239,35.6261088],[139.7077835,35.626039],[139.7079585,35.6261438],[139.7080144,35.6261151],[139.7081311,35.626114],[139.708387,35.6261546],[139.709157,35.626479],[139.7092754,35.6265454],[139.7094804,35.6266235],[139.709555,35.6266544],[139.7098432,35.6267718],[139.7098316,35.6267895],[139.7099899,35.6268576],[139.7105414,35.6271264],[139.7108764,35.6272986],[139.7112558,35.6274728],[139.7116717,35.6276811],[139.7119278,35.6277767],[139.71183,35.6279863],[139.7118075,35.6280167],[139.7117794,35.6280314],[139.7122562,35.6282417],[139.7123615,35.6282862],[139.7124142,35.6283082],[139.7131732,35.6286282],[139.7138782,35.6289259],[139.714376,35.6291306],[139.7145192,35.629195],[139.7142166,35.6296116],[139.7146259,35.6298043],[139.7146534,35.629889],[139.7149825,35.6299841],[139.715,35.629956],[139.7152089,35.6300116],[139.715083,35.6304399],[139.7150323,35.6304359],[139.7149084,35.6306741],[139.7148422,35.630796],[139.714782,35.6309867],[139.7146706,35.6312421],[139.7145854,35.6314335],[139.7143941,35.6313715],[139.7143507,35.6314211],[139.7142749,35.6315587],[139.7143687,35.6318982],[139.7144231,35.6319258],[139.7146592,35.6319466],[139.7146314,35.6321468],[139.714456,35.6325196],[139.714288,35.6324715],[139.7141046,35.6329177],[139.7142724,35.6329654],[139.7143891,35.6331599],[139.7143901,35.633304],[139.714372,35.6334907],[139.7143556,35.6337435],[139.7144509,35.6338791],[139.7144753,35.6339147]]]}},{"type":"Feature","properties":{"name":"大田区","name:en":"Ota"},"geometry":{"type":"Polygon","coordinates":[[[139.693452,35.6096049],[139.6934287,35.6096343],[139.693214,35.6097893],[139.6928402,35.6100593],[139.6924245,35.6103582],[139.6921634,35.6105466],[139.6917221,35.6108719],[139.6914196,35.6110914],[139.6910342,35.6111415],[139.6910431,35.6111599],[139.6909187,35.6111782],[139.6907776,35.6111794],[139.6907691,35.6111445],[139.6906239,35.6111434],[139.6905271,35.6111569],[139.6905399,35.6112181],[139.6904171,35.6112361],[139.690406,35.6111699],[139.6903789,35.6111735],[139.6902749,35.6110448],[139.6901953,35.6110958],[139.6902131,35.611221],[139.689847,35.611268],[139.6896393,35.6112946],[139.6893911,35.6113034],[139.6892411,35.6112998],[139.6888179,35.6112537],[139.6885763,35.6112463],[139.688402,35.611259],[139.6881877,35.6112745],[139.6879382,35.6113241],[139.6877285,35.6113827],[139.6873731,35.6115475],[139.6870189,35.6116754],[139.6868639,35.6116573],[139.686742,35.6116429],[139.6865355,35.611652],[139.6861574,35.6116915],[139.6860428,35.6117254],[139.6858415,35.6118079],[139.6855793,35.6119615],[139.6853914,35.6120711],[139.685408,35.6121993],[139.6852747,35.6122396],[139.6852331,35.6122595],[139.685194,35.6122669],[139.685178,35.6122777],[139.6850886,35.6122801],[139.6850892,35.6124002],[139.6850518,35.6124026],[139.6848357,35.6126068],[139.6847868,35.612646],[139.684634,35.6128071],[139.6845522,35.6128835],[139.6845228,35.6128789],[139.6844832,35.613028],[139.6843844,35.6130132],[139.6843564,35.6131053],[139.6842133,35.6130791],[139.6842771,35.6127667],[139.6843412,35.612432],[139.6843765,35.6121781],[139.6843999,35.6119869],[139.6844517,35.6114664],[139.6844694,35.6112392],[139.6845438,35.6107815],[139.6845514,35.6105778],[139.6845627,35.6102704],[139.6846484,35.6099875],[139.6847487,35.6097781],[139.6847957,35.6095786],[139.6847973,35.6092736],[139.6848256,35.6091031],[139.6848326,35.609069],[139.6848575,35.6089466],[139.6848622,35.6088739],[139.6848199,35.6084983],[139.684779,35.6081366],[139.6847751,35.6077338],[139.6848991,35.6076976],[139.6849902,35.6074963],[139.6850328,35.6073993],[139.6851067,35.6072669],[139.6851641,35.6071067],[139.6850283,35.6070844],[139.6850374,35.6070511],[139.6851776,35.606889],[139.6849788,35.6066189],[139.6849595,35.6065123],[139.6850092,35.6063885],[139.684895,35.605836],[139.6847426,35.6048755],[139.684584,35.6039269],[139.6845314,35.6036568],[139.6844976,35.6034459],[139.6842967,35.6022359],[139.6841883,35.6022555],[139.6839064,35.6023117],[139.68366,35.6023614],[139.6834379,35.6024443],[139.6830785,35.6025777],[139.683103,35.6026397],[139.683066,35.6026782],[139.6829893,35.6027701],[139.6829538,35.6028338],[139.6828592,35.6030406],[139.682949,35.6031326],[139.682868,35.6033391],[139.6827323,35.6033438],[139.6826448,35.6036525],[139.6827562,35.6037856],[139.6829183,35.6038819],[139.6828528,35.6039862],[139.6827277,35.6039201],[139.6822429,35.6039952],[139.6822751,35.6042023],[139.6820612,35.604219],[139.6819317,35.6042324],[139.6819317,35.6041882],[139.6818154,35.604193],[139.6816179,35.6041819],[139.6810991,35.6041498],[139.6810806,35.6041858],[139.680914,35.6041675],[139.6806936,35.604138],[139.6806141,35.6041274],[139.6806311,35.6040153],[139.6806538,35.6038817],[139.6806904,35.6037445],[139.6807069,35.6036827],[139.6807513,35.6035418],[139.6807649,35.6034986],[139.6807802,35.6033295],[139.6808108,35.6031937],[139.6808199,35.6029394],[139.6808144,35.6028369],[139.6807964,35.6026694],[139.6807671,35.6024466],[139.6807453,35.6022722],[139.6807199,35.6020955],[139.6806916,35.6018617],[139.6806653,35.6016437],[139.6806691,35.6014496],[139.6807056,35.6012949],[139.6807294,35.6012409],[139.6807798,35.6011164],[139.6808718,35.6009751],[139.6809926,35.6008271],[139.6811454,35.6006639],[139.6808011,35.6005708],[139.6806854,35.6005787],[139.6803494,35.6006116],[139.6803464,35.6001106],[139.6803576,35.5996639],[139.6803435,35.5994536],[139.6802308,35.5993567],[139.6802268,35.5991484],[139.6802241,35.5990238],[139.6802137,35.598771],[139.6802432,35.5987702],[139.680255,35.5990057],[139.6806625,35.5990055],[139.6806887,35.5987451],[139.6810872,35.5987376],[139.6811692,35.5982004],[139.6804239,35.5980594],[139.6802941,35.5981151],[139.6802967,35.5980426],[139.6807959,35.5978162],[139.6805211,35.5975372],[139.6804777,35.5975442],[139.6805223,35.5973046],[139.6806332,35.5970999],[139.6806548,35.5970526],[139.6808535,35.5966344],[139.6808265,35.5963821],[139.6807891,35.5960186],[139.6808058,35.5957472],[139.6808191,35.5955576],[139.6808236,35.5953922],[139.6808357,35.5950831],[139.6808435,35.5950447],[139.6808444,35.5950404],[139.6808361,35.5949665],[139.6808067,35.5948492],[139.6805792,35.5946583],[139.6801456,35.5943366],[139.6797874,35.5941051],[139.6794631,35.5938907],[139.6792586,35.5937362],[139.6788571,35.5935243],[139.6786195,35.5933821],[139.6782485,35.5931241],[139.6777997,35.5928145],[139.6774382,35.5925737],[139.6769916,35.5923066],[139.6766409,35.5921153],[139.6762678,35.5919028],[139.676063,35.5917854],[139.675974,35.59174],[139.6756149,35.5922551],[139.6753646,35.5926345],[139.67515,35.5929372],[139.6748638,35.593347],[139.6747183,35.5935478],[139.6745585,35.5937682],[139.6743166,35.5941065],[139.6739823,35.5945245],[139.6734426,35.5951497],[139.6729993,35.5956674],[139.6723448,35.5963981],[139.6719546,35.5968594],[139.6716902,35.5971458],[139.6713497,35.5975547],[139.6710535,35.5978946],[139.6707382,35.5982619],[139.6703989,35.5986444],[139.670152,35.598921],[139.670004,35.5990822],[139.6698416,35.5992327],[139.6695859,35.599064],[139.6693953,35.5988876],[139.6692529,35.5987277],[139.6690866,35.5985657],[139.6690335,35.5984224],[139.6689252,35.5981598],[139.6687258,35.598289],[139.668458,35.5983957],[139.6683131,35.5985218],[139.6683791,35.5987382],[139.668046,35.5988042],[139.6675033,35.5988575],[139.6671109,35.5988805],[139.6671637,35.5992403],[139.6672033,35.5995173],[139.6664675,35.599398],[139.6660782,35.5993293],[139.6658646,35.5992847],[139.6657282,35.5992259],[139.66556,35.599103],[139.6651163,35.5988207],[139.6650131,35.598745],[139.6644789,35.5991839],[139.6642874,35.5995119],[139.6641572,35.5997525],[139.664135,35.5997689],[139.6638621,35.5995498],[139.6636103,35.599307],[139.6634159,35.599077],[139.6633434,35.5989802],[139.6632257,35.5988147],[139.6631094,35.5988287],[139.6630382,35.5987831],[139.6628765,35.5986875],[139.6626836,35.5985955],[139.6622131,35.5988306],[139.6619092,35.5990456],[139.6613233,35.5994549],[139.6610497,35.5995208],[139.6609757,35.5994426],[139.66072,35.5996793],[139.6603021,35.5998168],[139.6596664,35.5999657],[139.6593158,35.6000098],[139.6592707,35.5998431],[139.6590643,35.5998418],[139.6589987,35.5997794],[139.6588349,35.5995349],[139.6586954,35.599375],[139.6585161,35.5993084],[139.6583442,35.5992989],[139.6582335,35.5993242],[139.6581519,35.5992539],[139.6579909,35.5991362],[139.6580645,35.5990493],[139.6575077,35.5990682],[139.657427,35.5988379],[139.6574732,35.5985314],[139.6568223,35.5982627],[139.6562234,35.5978795],[139.6565914,35.5974846],[139.6563345,35.5973399],[139.656159,35.5972462],[139.6561081,35.5973009],[139.6555917,35.5964591],[139.6553213,35.5965732],[139.6548229,35.5967804],[139.6542355,35.5970276],[139.6536289,35.5972839],[139.6533534,35.5968399],[139.6530647,35.5963843],[139.6528251,35.5959893],[139.6534146,35.5957531],[139.6533458,35.5956425],[139.6539043,35.5954242],[139.6538369,35.5953127],[139.6544148,35.5950726],[139.6543093,35.5948947],[139.6548452,35.5946657],[139.6549556,35.5948425],[139.6555273,35.5946069],[139.6554084,35.5944031],[139.6559758,35.5941827],[139.6560921,35.5943685],[139.6564268,35.5942342],[139.657853,35.593638],[139.6582152,35.593461],[139.6581715,35.5933078],[139.6581017,35.5931519],[139.6580325,35.5931485],[139.6577412,35.5931588],[139.6576139,35.593207],[139.6573727,35.5933706],[139.6572211,35.5934129],[139.656981,35.593192],[139.6568086,35.5928228],[139.655494,35.589977],[139.656006,35.589797],[139.656091,35.589776],[139.656288,35.589728],[139.65646,35.589713],[139.656834,35.589686],[139.656972,35.589684],[139.657002,35.589683],[139.657202,35.589699],[139.657275,35.589704],[139.657576,35.589723],[139.657764,35.589734],[139.657831,35.589738],[139.65864,35.589787],[139.658702,35.589612],[139.658712,35.589579],[139.658742,35.589485],[139.658793,35.589434],[139.659261,35.589466],[139.659868,35.589507],[139.6599,35.589674],[139.6601894,35.5896943],[139.660898,35.589744],[139.66222,35.58985],[139.66317,35.5898637],[139.663327,35.589866],[139.663569,35.589854],[139.663799,35.589805],[139.664141,35.589686],[139.664411,35.589568],[139.66449,35.589522],[139.664641,35.589418],[139.664759,35.589327],[139.665271,35.588934],[139.666086,35.58826],[139.667007,35.587434],[139.667062,35.587384],[139.667288,35.587182],[139.667424,35.587036],[139.667478,35.586977],[139.6675163,35.5869239],[139.66754,35.586891],[139.667748,35.58658],[139.668113,35.586218],[139.668527,35.58579],[139.668706,35.58559],[139.668877,35.5853531],[139.669053,35.585109],[139.669171,35.584947],[139.669306,35.584719],[139.669521,35.584204],[139.670132,35.582613],[139.670525,35.58132],[139.6705715,35.5811798],[139.670593,35.581115],[139.6707431,35.5806024],[139.6707781,35.5804626],[139.6708371,35.5801664],[139.670898,35.579892],[139.67101,35.579363],[139.671034,35.57925],[139.671256,35.578521],[139.671392,35.578191],[139.6714537,35.5780408],[139.671664,35.577529],[139.6717934,35.577214],[139.6719014,35.5769512],[139.672086,35.576502],[139.672494,35.575516],[139.6729283,35.5745085],[139.673389,35.57344],[139.673604,35.5729527],[139.673997,35.572062],[139.6740151,35.5720163],[139.67432,35.571249],[139.674663,35.570285],[139.674914,35.569645],[139.675028,35.569356],[139.675547,35.567975],[139.675987,35.566884],[139.676263,35.566313],[139.676404,35.566038],[139.676593,35.565779],[139.676714,35.5656014],[139.677096,35.565041],[139.6771336,35.5649906],[139.677693,35.564241],[139.678229,35.563553],[139.6785272,35.5632503],[139.678563,35.563214],[139.678787,35.562987],[139.67918,35.562697],[139.679848,35.56225],[139.680282,35.561967],[139.6808676,35.5617093],[139.6812848,35.5615745],[139.6816902,35.5613773],[139.6823649,35.561005],[139.6830784,35.5606918],[139.6840685,35.5603403],[139.6850235,35.5599614],[139.6857166,35.559621],[139.6859881,35.5594842],[139.6863143,35.5593415],[139.6871131,35.5589046],[139.6875571,35.5586315],[139.6878377,35.5584576],[139.687956,35.5583783],[139.6880732,35.5582998],[139.6885191,35.558001],[139.6889684,35.557688],[139.689246,35.5574997],[139.6896311,35.5572935],[139.690008,35.55713],[139.6904668,35.5570246],[139.6906651,35.5569822],[139.6909699,35.5568979],[139.6914046,35.5568039],[139.6918628,35.5567287],[139.6929831,35.5566384],[139.6938267,35.5565579],[139.6947271,35.5564753],[139.695513,35.5564045],[139.696235,35.55633],[139.6965443,35.5562837],[139.6966706,35.5562659],[139.6972887,35.5562019],[139.697781,35.556129],[139.698292,35.5560375],[139.6986901,35.5559301],[139.6988462,35.5558812],[139.6993383,35.5556878],[139.699863,35.555399],[139.700437,35.555124],[139.700877,35.554888],[139.701202,35.554682],[139.701419,35.554543],[139.701934,35.554209],[139.702287,35.553966],[139.702664,35.553675],[139.703073,35.553322],[139.703379,35.552992],[139.703733,35.552607],[139.704026,35.552132],[139.704176,35.551826],[139.7042094,35.5516975],[139.704223,35.551645],[139.704239,35.551449],[139.704223,35.551174],[139.704144,35.55075],[139.704066,35.550467],[139.70394,35.550216],[139.703696,35.549678],[139.703531,35.549411],[139.703303,35.549183],[139.703013,35.548916],[139.702596,35.548736],[139.701777,35.548231],[139.701478,35.548019],[139.701038,35.547664],[139.700779,35.547454],[139.700182,35.54692],[139.7001311,35.5468669],[139.699828,35.546551],[139.69941,35.546197],[139.699191,35.546011],[139.698954,35.54581],[139.698443,35.545401],[139.6984163,35.5453573],[139.6982899,35.5452028],[139.6981813,35.5449824],[139.6980725,35.5447251],[139.6980122,35.5443816],[139.6979655,35.543984],[139.6979065,35.5433668],[139.6978919,35.5424645],[139.6979507,35.5418515],[139.6980044,35.5415405],[139.6981319,35.5411242],[139.698404,35.540502],[139.698639,35.540094],[139.6987674,35.5399126],[139.698879,35.5397327],[139.6992184,35.5392656],[139.6993286,35.5391155],[139.6993671,35.5390485],[139.6994086,35.5389895],[139.6995933,35.5387981],[139.6999006,35.5384992],[139.7001325,35.5383085],[139.7003714,35.5381179],[139.7007328,35.5378615],[139.7008208,35.5378025],[139.7011829,35.537569],[139.701815,35.537247],[139.702224,35.537027],[139.702954,35.536772],[139.7030484,35.5367385],[139.70314,35.536706],[139.7032169,35.5366589],[139.703791,35.536489],[139.704034,35.536432],[139.704294,35.536371],[139.704789,35.536293],[139.70574,35.536246],[139.706809,35.536277],[139.707983,35.536339],[139.708244,35.536349],[139.7082966,35.5363511],[139.7085761,35.5363621],[139.7086272,35.5363641],[139.709005,35.536379],[139.710136,35.536457],[139.71051,35.53651],[139.710749,35.536543],[139.7113741,35.5366808],[139.711534,35.536716],[139.712782,35.536984],[139.7131487,35.5370668],[139.714349,35.537338],[139.714448,35.537361],[139.714908,35.537454],[139.715948,35.537666],[139.716825,35.537885],[139.7170223,35.5379344],[139.7173,35.538004],[139.718201,35.538305],[139.718657,35.53854],[139.719505,35.539121],[139.720134,35.539662],[139.7205805,35.5400664],[139.720971,35.54042],[139.721108,35.540545],[139.722369,35.541507],[139.722943,35.541869],[139.723408,35.542134],[139.723658,35.542277],[139.724318,35.542646],[139.724571,35.5427652],[139.725221,35.543093],[139.726109,35.54347],[139.726561,35.543575],[139.726946,35.543591],[139.727606,35.543567],[139.728077,35.543473],[139.728706,35.543355],[139.729366,35.543198],[139.7301018,35.5429979],[139.730353,35.542914],[139.730738,35.542765],[139.730989,35.542561],[139.730994,35.542558],[139.73154,35.542137],[139.73194,35.541831],[139.732005,35.5417787],[139.732145,35.541666],[139.73231,35.541532],[139.732734,35.541203],[139.732929,35.541076],[139.733024,35.541015],[139.733363,35.540897],[139.7337468,35.540866],[139.734052,35.540885],[139.73429,35.540897],[139.734635,35.540983],[139.7349114,35.5411883],[139.734946,35.541219],[139.735292,35.541596],[139.73607,35.542452],[139.73618,35.542589],[139.736863,35.543441],[139.737225,35.543967],[139.737468,35.544234],[139.737665,35.544391],[139.738105,35.544611],[139.738634,35.54481],[139.7393994,35.5451027],[139.7395807,35.5451272],[139.7399039,35.5450952],[139.7401851,35.545056],[139.7404024,35.5450305],[139.7407,35.544983],[139.740991,35.544952],[139.7410746,35.5449452],[139.7411337,35.5449404],[139.741309,35.544926],[139.741844,35.544881],[139.742127,35.544826],[139.742472,35.544685],[139.742641,35.544624],[139.742928,35.54452],[139.743089,35.544461],[139.7432066,35.5444179],[139.7434,35.544347],[139.743855,35.544214],[139.744743,35.544002],[139.7451104,35.5439462],[139.745341,35.543916],[139.7465604,35.5438376],[139.746774,35.543828],[139.747869,35.543982],[139.748788,35.5442692],[139.748832,35.544283],[139.749314,35.544494],[139.7500434,35.5447455],[139.7508569,35.544738],[139.7514408,35.5447311],[139.7531851,35.5446725],[139.7540756,35.5446323],[139.7555141,35.5445813],[139.7568381,35.5445617],[139.7572802,35.5443361],[139.757591,35.544183],[139.757684,35.544144],[139.758886,35.543543],[139.760061,35.542969],[139.7619164,35.5420169],[139.7621437,35.5419135],[139.765851,35.540254],[139.7664504,35.5400464],[139.7671903,35.5397331],[139.7679682,35.5394155],[139.7696275,35.5384776],[139.7699503,35.5383115],[139.7705266,35.5379732],[139.7715035,35.5374123],[139.7735567,35.5362311],[139.7763008,35.5346418],[139.7775371,35.533927],[139.7800645,35.5323515],[139.7830283,35.5307054],[139.7846758,35.5297096],[139.7859399,35.5289732],[139.7879504,35.5278663],[139.7912045,35.5259938],[139.7938507,35.524423],[139.7957737,35.5233559],[139.7968342,35.5227674],[139.7991409,35.5213359],[139.801461,35.5201252],[139.8027118,35.5192956],[139.8108242,35.5145687],[139.8184814,35.507348],[139.8199509,35.506386],[139.8225765,35.504667],[139.8243045,35.5035357],[139.8250727,35.5030328],[139.8260927,35.502365],[139.8382181,35.494426],[139.8577511,35.4816556],[139.8575734,35.5212459],[139.8575735,35.5212514],[139.8578153,35.5308279],[139.8362561,35.5485499],[139.8284745,35.5549455],[139.8189158,35.562801],[139.8133853,35.5673457],[139.8090982,35.5708685],[139.8060321,35.5733879],[139.8030452,35.575842],[139.8029667,35.5759065],[139.797422,35.5809906],[139.8058472,35.5854293],[139.8117063,35.5886489],[139.8044373,35.5976829],[139.7934933,35.5917234],[139.7885707,35.5888695],[139.7870257,35.5893756],[139.7844508,35.591295],[139.7830959,35.5934217],[139.7826055,35.5941915],[139.7818115,35.5968436],[139.7799018,35.5990246],[139.7729492,35.5953869],[139.7724228,35.5951379],[139.7706039,35.5942871],[139.7670992,35.5925347],[139.7653359,35.5948862],[139.7648316,35.5948338],[139.7623282,35.5949462],[139.762335,35.594639],[139.7624286,35.5925716],[139.7624622,35.5918483],[139.7625083,35.5908545],[139.7625787,35.5894943],[139.7626483,35.5883061],[139.7627273,35.5866423],[139.7627625,35.5859866],[139.7628558,35.5850188],[139.7628947,35.5848425],[139.7628976,35.5846654],[139.7624766,35.5846608],[139.7586464,35.5846608],[139.7569805,35.5846492],[139.7561788,35.584591],[139.7554224,35.5844906],[139.7553095,35.5851976],[139.7552693,35.5871969],[139.7552559,35.5897171],[139.75487,35.58973],[139.75055,35.5898764],[139.750507,35.5893038],[139.7484886,35.5888634],[139.7479656,35.5905944],[139.740016,35.5882466],[139.7382641,35.5877292],[139.7380495,35.5881131],[139.7369324,35.5880246],[139.7357726,35.5879327],[139.7357669,35.5872427],[139.7356584,35.587241],[139.7356317,35.5872406],[139.7353445,35.5872362],[139.7348459,35.5872727],[139.7343537,35.5873],[139.7333532,35.5873556],[139.7331453,35.5873567],[139.7324815,35.5873338],[139.7322842,35.5873319],[139.7312729,35.5872974],[139.7308546,35.5872785],[139.7306306,35.5872775],[139.7299093,35.5872787],[139.7298956,35.5873594],[139.7295224,35.5879781],[139.7294689,35.5880954],[139.729418,35.588253],[139.7293924,35.5883793],[139.7293968,35.5884981],[139.7294126,35.5885843],[139.7294342,35.5886397],[139.7294713,35.5887012],[139.7295072,35.5887568],[139.7295928,35.5889148],[139.729771,35.5892517],[139.7298829,35.5894571],[139.7292494,35.5895859],[139.7293238,35.5897456],[139.7293457,35.5897926],[139.7292763,35.5898193],[139.7293943,35.5900658],[139.7293272,35.590092],[139.7293862,35.5902795],[139.7294316,35.5904033],[139.7294077,35.5904104],[139.7294165,35.5904283],[139.7294774,35.5905522],[139.7295104,35.5906105],[139.7303853,35.5921564],[139.7301452,35.5922541],[139.7300899,35.5923027],[139.7299716,35.5924171],[139.7297841,35.592446],[139.7295861,35.5925599],[139.7294492,35.5925992],[139.7293679,35.5926316],[139.7293562,35.5926369],[139.7292606,35.59268],[139.7291738,35.5927202],[139.7291391,35.5927726],[139.7291282,35.5929009],[139.7290429,35.5931804],[139.7290046,35.5933353],[139.7289892,35.593409],[139.728977,35.5936997],[139.728928,35.5938797],[139.7288172,35.5940185],[139.728722,35.5941187],[139.7286763,35.5941395],[139.7285641,35.5941808],[139.7283983,35.5942237],[139.7282963,35.5942393],[139.7282348,35.5942687],[139.7281952,35.5943172],[139.7281431,35.5944147],[139.7280791,35.5945484],[139.7279193,35.5944933],[139.7276494,35.5944036],[139.727409,35.5943319],[139.7269262,35.5941873],[139.7267918,35.5941566],[139.7266578,35.5941502],[139.7265343,35.5941345],[139.7264971,35.5943339],[139.7262446,35.5943156],[139.7259518,35.5943299],[139.7256286,35.5943368],[139.7252679,35.5943424],[139.7250808,35.5943526],[139.7248155,35.5943621],[139.7245422,35.5943813],[139.7244909,35.5943849],[139.7240626,35.5943977],[139.7240642,35.5942998],[139.7239176,35.5942663],[139.7238021,35.5942979],[139.7238036,35.5944006],[139.7236598,35.5944001],[139.7234374,35.594409],[139.7231058,35.5944153],[139.7228069,35.5944204],[139.7226351,35.5944351],[139.7222498,35.5944868],[139.7221452,35.5944978],[139.7220358,35.5945033],[139.7219218,35.594505],[139.7217824,35.5944841],[139.721611,35.5944538],[139.7209909,35.5944314],[139.7209257,35.5942631],[139.7208466,35.5940518],[139.7207025,35.5937304],[139.7205416,35.5934238],[139.7202844,35.5930796],[139.7202655,35.5930355],[139.7202623,35.5929381],[139.7203169,35.5927504],[139.7203157,35.5927129],[139.7203014,35.5926464],[139.7202824,35.5925949],[139.7202266,35.5925651],[139.7200579,35.5924975],[139.7197192,35.5923228],[139.7195212,35.5922141],[139.7192115,35.5920388],[139.719154,35.5920213],[139.7189843,35.5921912],[139.7189501,35.5921997],[139.7189612,35.5923247],[139.7189431,35.5923756],[139.7189347,35.592451],[139.7192477,35.5926106],[139.7190048,35.592954],[139.7186594,35.5934517],[139.7182178,35.5941336],[139.7181735,35.5947149],[139.7177108,35.5946945],[139.7179256,35.5949369],[139.7179137,35.5951635],[139.7177297,35.5953512],[139.7177072,35.5953788],[139.7175511,35.5955701],[139.7174515,35.5956991],[139.7172676,35.5958411],[139.7174306,35.5962057],[139.7175767,35.5965066],[139.717466,35.5965411],[139.7168237,35.5968256],[139.7167195,35.5968444],[139.7162054,35.5968817],[139.7159959,35.5968929],[139.7157697,35.5969311],[139.7152687,35.5970739],[139.7150489,35.5971266],[139.7146076,35.5973638],[139.7145249,35.5974318],[139.714489,35.5975118],[139.7145442,35.5978679],[139.7145347,35.5979345],[139.714491,35.5981231],[139.7143608,35.5982797],[139.714274,35.5985297],[139.7140971,35.5988646],[139.7140777,35.5989123],[139.7140482,35.5990659],[139.7140293,35.5991518],[139.7141189,35.5992703],[139.7146244,35.5991709],[139.7147417,35.5992907],[139.7148327,35.5994138],[139.7146744,35.5994833],[139.7147475,35.5996151],[139.714723,35.5996269],[139.7148732,35.5999062],[139.7148145,35.599915],[139.7146514,35.5999911],[139.7145737,35.600059],[139.7144808,35.600111],[139.7139177,35.6003255],[139.713658,35.6004209],[139.7133694,35.6005213],[139.7130457,35.6006061],[139.7128664,35.6006542],[139.7127914,35.6006808],[139.7126301,35.6007182],[139.7125966,35.600726],[139.7122751,35.600767],[139.7119448,35.6008071],[139.7116831,35.6008278],[139.7112989,35.600864],[139.7108702,35.6009125],[139.7104791,35.6009411],[139.7099426,35.6009754],[139.7099357,35.6009759],[139.7096594,35.6009969],[139.7092138,35.6010753],[139.7091628,35.6010824],[139.709094,35.6010897],[139.7089666,35.6010707],[139.7088277,35.6010539],[139.7087434,35.6010594],[139.7080941,35.6010907],[139.7080431,35.601094],[139.7076367,35.6011204],[139.7071937,35.6011497],[139.7068128,35.6011762],[139.7063875,35.6012029],[139.7062551,35.6012118],[139.7059765,35.6012419],[139.7057956,35.6012591],[139.705562,35.6012813],[139.7053284,35.6012969],[139.7049254,35.6013213],[139.7046475,35.6013379],[139.7043,35.60137],[139.7039928,35.6013872],[139.7039408,35.6014312],[139.7036989,35.601455],[139.7034076,35.6014654],[139.7030003,35.6014932],[139.7026305,35.6015133],[139.7020099,35.6015367],[139.7015879,35.6015736],[139.701346,35.6015893],[139.7008685,35.6016019],[139.7008701,35.6016432],[139.7007658,35.6017337],[139.7005315,35.6019366],[139.7002318,35.6021884],[139.7000915,35.6023059],[139.6999788,35.6023949],[139.6996809,35.6026263],[139.699506,35.6027626],[139.6993232,35.6028918],[139.6990423,35.6030645],[139.6988366,35.6032538],[139.698736,35.6033464],[139.6984868,35.6035703],[139.6979647,35.6040659],[139.6980056,35.6041004],[139.6978887,35.6042254],[139.6977482,35.6043874],[139.6976808,35.6044265],[139.6976246,35.6044641],[139.6975526,35.6044306],[139.6974737,35.6045355],[139.6974139,35.6045716],[139.6972893,35.604724],[139.697168,35.6049277],[139.6970194,35.6050753],[139.696733,35.6054249],[139.6966382,35.6055484],[139.6962825,35.6060305],[139.6959743,35.6065275],[139.6956642,35.6070659],[139.6954551,35.607431],[139.6953739,35.607642],[139.695304,35.6078621],[139.695187,35.6081058],[139.695008,35.6083555],[139.6949484,35.6084376],[139.6949862,35.6084548],[139.6949209,35.6085187],[139.6947032,35.6087318],[139.6944844,35.6089426],[139.6942976,35.6091313],[139.6942289,35.6091985],[139.6941335,35.6092697],[139.6939456,35.6094086],[139.6939059,35.6094668],[139.6938954,35.6094759],[139.6937627,35.6095234],[139.6936378,35.6095924],[139.6935502,35.6096717],[139.693452,35.6096049]]]}},{"type":"Feature","properties":{"name":"世田谷区","name:en":"Setagaya"},"geometry":{"type":"Polygon","coordinates":[[[139.6536289,35.5972839],[139.6542355,35.5970276],[139.6548229,35.5967804],[139.6553213,35.5965732],[139.6555917,35.5964591],[139.6561081,35.5973009],[139.656159,35.5972462],[139.6563345,35.5973399],[139.6565914,35.5974846],[139.6562234,35.5978795],[139.6568223,35.5982627],[139.6574732,35.5985314],[139.657427,35.5988379],[139.6575077,35.5990682],[139.6580645,35.5990493],[139.6579909,35.5991362],[139.6581519,35.5992539],[139.6582335,35.5993242],[139.6583442,35.5992989],[139.6585161,35.5993084],[139.6586954,35.599375],[139.6588349,35.5995349],[139.6589987,35.5997794],[139.6590643,35.5998418],[139.6592707,35.5998431],[139.6593158,35.6000098],[139.6596664,35.5999657],[139.6603021,35.5998168],[139.66072,35.5996793],[139.6609757,35.5994426],[139.6610497,35.5995208],[139.6613233,35.5994549],[139.6619092,35.5990456],[139.6622131,35.5988306],[139.6626836,35.5985955],[139.6628765,35.5986875],[139.6630382,35.5987831],[139.6631094,35.5988287],[139.6632257,35.5988147],[139.6633434,35.5989802],[139.6634159,35.599077],[139.6636103,35.599307],[139.6638621,35.5995498],[139.664135,35.5997689],[139.6641572,35.5997525],[139.6642874,35.5995119],[139.6644789,35.5991839],[139.6650131,35.598745],[139.6651163,35.5988207],[139.66556,35.599103],[139.6657282,35.5992259],[139.6658646,35.5992847],[139.6660782,35.5993293],[139.6664675,35.599398],[139.6672033,35.5995173],[139.6671637,35.5992403],[139.6671109,35.5988805],[139.6675033,35.5988575],[139.668046,35.5988042],[139.6683791,35.5987382],[139.6683131,35.5985218],[139.668458,35.5983957],[139.6687258,35.598289],[139.6689252,35.5981598],[139.6690335,35.5984224],[139.6690866,35.5985657],[139.6692529,35.5987277],[139.6693953,35.5988876],[139.6695859,35.599064],[139.6698416,35.5992327],[139.670004,35.5990822],[139.670152,35.598921],[139.6703989,35.5986444],[139.6707382,35.5982619],[139.6710535,35.5978946],[139.6713497,35.5975547],[139.6716902,35.5971458],[139.6719546,35.5968594],[139.6723448,35.5963981],[139.6729993,35.5956674],[139.6734426,35.5951497],[139.6739823,35.5945245],[139.6743166,35.5941065],[139.6745585,35.5937682],[139.6747183,35.5935478],[139.6748638,35.593347],[139.67515,35.5929372],[139.6753646,35.5926345],[139.6756149,35.5922551],[139.675974,35.59174],[139.676063,35.5917854],[139.6762678,35.5919028],[139.6766409,35.5921153],[139.6769916,35.5923066],[139.6774382,35.5925737],[139.6777997,35.5928145],[139.6782485,35.5931241],[139.6786195,35.5933821],[139.6788571,35.5935243],[139.6792586,35.5937362],[139.6794631,35.5938907],[139.6797874,35.5941051],[139.6801456,35.5943366],[139.6805792,35.5946583],[139.6808067,35.5948492],[139.6808361,35.5949665],[139.6808444,35.5950404],[139.6808435,35.5950447],[139.6808357,35.5950831],[139.6808236,35.5953922],[139.6808191,35.5955576],[139.6808058,35.5957472],[139.6807891,35.5960186],[139.6808265,35.5963821],[139.6808535,35.5966344],[139.6806548,35.5970526],[139.6806332,35.5970999],[139.6805223,35.5973046],[139.6804777,35.5975442],[139.6805211,35.5975372],[139.6807959,35.5978162],[139.6802967,35.5980426],[139.6802941,35.5981151],[139.6804239,35.5980594],[139.6811692,35.5982004],[139.6810872,35.5987376],[139.6806887,35.5987451],[139.6806625,35.5990055],[139.680255,35.5990057],[139.6802432,35.5987702],[139.6802137,35.598771],[139.6802241,35.5990238],[139.6802268,35.5991484],[139.6802308,35.5993567],[139.6803435,35.5994536],[139.6803576,35.5996639],[139.6803464,35.6001106],[139.6803494,35.6006116],[139.6802657,35.6006154],[139.6802503,35.6009415],[139.680243,35.6011098],[139.6802375,35.6012534],[139.6802051,35.601887],[139.6802812,35.6020727],[139.6802301,35.6027939],[139.6801953,35.6030289],[139.6800862,35.6030283],[139.6799829,35.6030192],[139.6799558,35.6032566],[139.6799168,35.6035827],[139.6797364,35.6035582],[139.6797076,35.6037173],[139.6794127,35.6036779],[139.6793936,35.6038161],[139.679696,35.6038416],[139.6796575,35.6040254],[139.6796383,35.6042303],[139.6796342,35.6043011],[139.6796166,35.6044729],[139.6796092,35.6045501],[139.679592,35.604669],[139.6795757,35.6047898],[139.6795595,35.6048944],[139.6795757,35.6049071],[139.6795618,35.6050748],[139.6795384,35.6051273],[139.679498,35.6054069],[139.6794304,35.6054563],[139.6793547,35.6056029],[139.6793201,35.6056851],[139.6792983,35.6057434],[139.67928,35.6057925],[139.6791142,35.6059597],[139.6789789,35.6060582],[139.6788555,35.6061143],[139.678816,35.606147],[139.678754,35.606304],[139.678714,35.606405],[139.6787047,35.6064219],[139.6785935,35.6066248],[139.6785218,35.6066821],[139.6784591,35.6067865],[139.6783058,35.6069313],[139.6778805,35.6072749],[139.6776751,35.6075184],[139.6775558,35.6075817],[139.6774973,35.6076436],[139.6773736,35.6077915],[139.6772376,35.6079918],[139.6771979,35.6080425],[139.6770113,35.6081521],[139.6767661,35.6082265],[139.6764557,35.6083162],[139.6762455,35.6083964],[139.6761069,35.6084157],[139.6757814,35.6084562],[139.6757475,35.6084604],[139.6754619,35.6084946],[139.6753066,35.6084357],[139.6750935,35.608344],[139.6749711,35.6083203],[139.6746346,35.6082692],[139.6742025,35.6082081],[139.6740075,35.6081976],[139.6738092,35.6082271],[139.6736876,35.6082424],[139.6734293,35.6082196],[139.6732071,35.6081818],[139.672993,35.608073],[139.672877,35.6080046],[139.6726461,35.6078707],[139.671902,35.607713],[139.6713212,35.6075105],[139.671228,35.607478],[139.6709381,35.6073679],[139.67087,35.6073422],[139.669827,35.6069327],[139.6696961,35.6068929],[139.6694494,35.6068128],[139.6686856,35.6065857],[139.6685227,35.6065519],[139.6684289,35.6065327],[139.6683287,35.6065214],[139.6681589,35.6065177],[139.6681059,35.6065216],[139.667953,35.606533],[139.667913,35.606537],[139.667491,35.606586],[139.6673177,35.60662],[139.6670581,35.6067207],[139.6670306,35.6067314],[139.6668635,35.6067838],[139.6664632,35.6069176],[139.6657192,35.6071593],[139.6654072,35.6072787],[139.6653823,35.6072882],[139.6652956,35.6073452],[139.6650824,35.6074711],[139.6649483,35.6075545],[139.664376,35.6079026],[139.6633814,35.6084944],[139.6633044,35.6085389],[139.6633748,35.6086898],[139.6634762,35.6089808],[139.6631769,35.6090453],[139.6632273,35.6091816],[139.6632473,35.6092764],[139.6633348,35.6095222],[139.663427,35.6095284],[139.663489,35.6097573],[139.6636597,35.6097223],[139.6640134,35.6096519],[139.6640303,35.609692],[139.6640343,35.6098643],[139.6639802,35.6098871],[139.6639423,35.6099191],[139.6636982,35.6101983],[139.6635462,35.6103437],[139.6634148,35.6104728],[139.6634285,35.6104965],[139.6633586,35.6106256],[139.663278,35.6107394],[139.6635456,35.6109303],[139.6635298,35.6109885],[139.6634678,35.6111823],[139.6632251,35.6111926],[139.6632269,35.6112482],[139.663265,35.6112584],[139.6632665,35.6113293],[139.6632373,35.6113656],[139.663282,35.6114741],[139.6632364,35.6115264],[139.6633017,35.6116368],[139.6633105,35.6117627],[139.6630962,35.61191],[139.6629471,35.6117933],[139.6628405,35.6117974],[139.6628483,35.6119116],[139.6628472,35.611956],[139.6628854,35.6119825],[139.6628808,35.6121281],[139.6628869,35.6122942],[139.6630711,35.6122873],[139.6631592,35.6123896],[139.6632119,35.6124084],[139.6633522,35.6125592],[139.6631277,35.6125581],[139.6630659,35.6125319],[139.6628973,35.6125362],[139.6626677,35.6125406],[139.6626856,35.6126676],[139.6627092,35.612798],[139.6627156,35.6128722],[139.6627201,35.6129341],[139.6627288,35.6130292],[139.6627466,35.613177],[139.66277,35.6133793],[139.6627791,35.6134992],[139.6628132,35.6137533],[139.6628053,35.6138572],[139.6628364,35.6140004],[139.6628911,35.6142546],[139.6629808,35.6145298],[139.663091,35.615196],[139.6631713,35.6151888],[139.6631844,35.6153118],[139.663251,35.6154058],[139.6633371,35.6155145],[139.6634283,35.6155094],[139.663439,35.6157095],[139.663478,35.6157098],[139.6636262,35.6157823],[139.6637809,35.6157741],[139.6639355,35.6158038],[139.6640588,35.6158434],[139.6640156,35.6159726],[139.6640624,35.6160452],[139.6640073,35.6162092],[139.6641079,35.6162307],[139.6642498,35.61639],[139.6642471,35.6164068],[139.6645968,35.6164814],[139.6645226,35.6167711],[139.6647446,35.616816],[139.6646365,35.6169935],[139.6644588,35.6172788],[139.6643829,35.6174408],[139.6645061,35.6177114],[139.6645742,35.6178955],[139.6648005,35.6183776],[139.6656082,35.6184922],[139.6663836,35.6185815],[139.666357,35.6187782],[139.6662572,35.6192325],[139.6662312,35.6192914],[139.6661986,35.619365],[139.6660036,35.6198386],[139.6658602,35.6200378],[139.6656999,35.6203286],[139.6656958,35.6205266],[139.6657623,35.6207192],[139.665796,35.620848],[139.6661636,35.620835],[139.6663465,35.6208299],[139.666412,35.6208318],[139.6664427,35.6208557],[139.6664265,35.6208993],[139.6663312,35.6209624],[139.6662354,35.6210228],[139.6660641,35.6212006],[139.6659989,35.621378],[139.6658812,35.6215139],[139.6657941,35.6215917],[139.6657298,35.6216709],[139.6656661,35.6218232],[139.665565,35.6219635],[139.665431,35.622084],[139.6653565,35.6221954],[139.6653727,35.6222754],[139.6653346,35.6224508],[139.6652256,35.6225141],[139.6650713,35.6225185],[139.664475,35.623068],[139.6641427,35.6236358],[139.6639964,35.623951],[139.6639194,35.6241393],[139.663882,35.6242386],[139.663864,35.6242671],[139.6637606,35.624431],[139.6639238,35.6247873],[139.6635547,35.6264978],[139.6635263,35.626597],[139.663489,35.626702],[139.663452,35.626776],[139.663379,35.626869],[139.663149,35.627042],[139.663053,35.627098],[139.663007,35.627124],[139.662905,35.627183],[139.662616,35.627272],[139.662184,35.627384],[139.661806,35.627484],[139.661865,35.6276],[139.661904,35.627676],[139.661979,35.627779],[139.66209,35.627909],[139.662122,35.627992],[139.6623164,35.6282547],[139.6622885,35.6283853],[139.6622273,35.6284839],[139.6621693,35.6288859],[139.6621575,35.6289716],[139.6621369,35.6291214],[139.662201,35.6292409],[139.6623003,35.6293742],[139.6623597,35.629563],[139.6624196,35.6298471],[139.6624627,35.6301607],[139.6624855,35.6302812],[139.6624321,35.6303819],[139.6622685,35.6306879],[139.6620646,35.6310643],[139.6618439,35.6314754],[139.6616082,35.6319453],[139.6619744,35.6319793],[139.6622992,35.6320099],[139.6625158,35.6320435],[139.6635572,35.6321018],[139.6637229,35.6320972],[139.6643124,35.6320414],[139.664498,35.6320166],[139.6646243,35.6319865],[139.6646738,35.6319821],[139.6648169,35.6319413],[139.6652061,35.6318272],[139.6657661,35.6316651],[139.6663018,35.6315938],[139.6667322,35.6314602],[139.6671687,35.6313337],[139.6673997,35.6313114],[139.6677293,35.6312656],[139.6680817,35.6311406],[139.6683491,35.6310334],[139.6685804,35.6309243],[139.6687641,35.6308581],[139.6692841,35.6307398],[139.6695186,35.6306848],[139.6700541,35.6305248],[139.6704124,35.6304186],[139.6709678,35.6302311],[139.6714771,35.6300487],[139.6717243,35.6299583],[139.6719245,35.6298859],[139.6719641,35.629879],[139.6719888,35.6298873],[139.6720743,35.6299538],[139.6723937,35.6297253],[139.6724415,35.6296923],[139.6729026,35.6294479],[139.674058,35.6288727],[139.674647,35.6285614],[139.6754016,35.6281658],[139.676466,35.62756],[139.6765903,35.6274858],[139.6767283,35.6274034],[139.6769555,35.6272205],[139.6773432,35.6267442],[139.677824,35.6260473],[139.6782282,35.6254349],[139.6783158,35.6253005],[139.678455,35.6252907],[139.678571,35.6252755],[139.6786465,35.6252589],[139.6789169,35.6251612],[139.6790805,35.6251068],[139.6793872,35.6250524],[139.6794396,35.6252629],[139.6794583,35.6255462],[139.6794683,35.6256436],[139.6796034,35.6260606],[139.6796312,35.6261383],[139.6796492,35.6261641],[139.6797627,35.6264603],[139.6798907,35.6267814],[139.6799227,35.6268211],[139.6800323,35.6271202],[139.6801397,35.6273407],[139.6802603,35.6275897],[139.6804478,35.6279664],[139.6806235,35.6283876],[139.6807606,35.628712],[139.6809328,35.6290129],[139.6810002,35.6291821],[139.6810504,35.6293113],[139.6811081,35.6294789],[139.6811134,35.6295524],[139.6812599,35.6299562],[139.6814348,35.6302723],[139.6815847,35.6305309],[139.6818113,35.6309181],[139.682037,35.6312885],[139.682325,35.6316922],[139.6825707,35.632039],[139.6827592,35.6322942],[139.6828852,35.6324903],[139.6830777,35.6327924],[139.6831841,35.632955],[139.6836205,35.633474],[139.6838192,35.6337511],[139.6839628,35.6339681],[139.6841351,35.6342356],[139.6842421,35.6344775],[139.6844102,35.6348812],[139.6845989,35.6353027],[139.6846454,35.6353858],[139.6848868,35.6357357],[139.685181,35.6361908],[139.6853164,35.6364578],[139.6854958,35.6368507],[139.685631,35.6370904],[139.6858476,35.6374211],[139.6860289,35.6376966],[139.6861979,35.6379452],[139.6862956,35.6382993],[139.6863804,35.6386051],[139.6865064,35.6390435],[139.6866146,35.6393896],[139.6861441,35.6396144],[139.6860407,35.6396199],[139.6860397,35.639716],[139.6860527,35.6398917],[139.6860373,35.6398997],[139.6859517,35.6399443],[139.6858653,35.6401079],[139.6858675,35.6403012],[139.685865,35.6404387],[139.6858607,35.6405908],[139.6858563,35.6407226],[139.685789,35.6407993],[139.6856365,35.6410384],[139.6855798,35.6410699],[139.6853983,35.64136],[139.6851314,35.6413743],[139.6850652,35.6415487],[139.6849172,35.6419808],[139.6847574,35.6424244],[139.6847257,35.6425119],[139.68432,35.642388],[139.6842431,35.6425476],[139.6850183,35.6427964],[139.6849816,35.6428781],[139.6848587,35.6431518],[139.6846661,35.6435407],[139.6844786,35.6439356],[139.6843666,35.6441706],[139.6841488,35.6445948],[139.6849233,35.6448383],[139.6855638,35.645046],[139.685447,35.6452948],[139.6853112,35.6455816],[139.6851759,35.6458736],[139.6850172,35.6462212],[139.6843729,35.6460012],[139.6843639,35.6463668],[139.6843566,35.6466687],[139.6844328,35.6467361],[139.6844731,35.6467718],[139.6844173,35.6470929],[139.684405,35.647244],[139.6843565,35.6475701],[139.6843161,35.6477749],[139.6842717,35.6480394],[139.684282,35.6480816],[139.6842527,35.648233],[139.6841998,35.6484016],[139.6841453,35.6485889],[139.6840695,35.6489836],[139.6840518,35.6491816],[139.6840646,35.6493341],[139.6840908,35.6493942],[139.6841364,35.6494888],[139.6841796,35.6495809],[139.6842466,35.6497247],[139.6843512,35.6499408],[139.6843091,35.6499613],[139.6842465,35.6500564],[139.6843051,35.6501074],[139.6843712,35.650175],[139.6844141,35.6502348],[139.6844494,35.6503018],[139.6844713,35.6503549],[139.6844667,35.6504202],[139.6845511,35.6506802],[139.6846218,35.6508981],[139.6846174,35.6510009],[139.6846339,35.6511676],[139.684661,35.6512971],[139.6846871,35.6513884],[139.6845301,35.651429],[139.6843731,35.6514741],[139.6842788,35.6515392],[139.684257,35.65162],[139.68426,35.651693],[139.6841257,35.6517276],[139.6838544,35.6518244],[139.6824597,35.6522656],[139.6825509,35.6525375],[139.6825525,35.6527586],[139.6831712,35.6527931],[139.6839814,35.6528375],[139.6841539,35.6528469],[139.6840313,35.6530832],[139.6836451,35.6530728],[139.6829525,35.6530504],[139.682947,35.6532731],[139.6829306,35.6536822],[139.6829216,35.6540942],[139.6831638,35.65411],[139.6831583,35.6543699],[139.6831548,35.6545137],[139.6826367,35.6545061],[139.682352,35.6545],[139.6818644,35.6544908],[139.6818418,35.6548598],[139.6818021,35.6552979],[139.6817728,35.655596],[139.6816293,35.6555904],[139.6813534,35.6556033],[139.6808658,35.655651],[139.6805966,35.655677],[139.6805918,35.6558441],[139.6805947,35.6560927],[139.6805928,35.6563382],[139.6805936,35.6565284],[139.6805898,35.6566277],[139.6804663,35.6566643],[139.6802333,35.6567561],[139.679887,35.6569373],[139.6796112,35.6570925],[139.6795832,35.6571172],[139.6794897,35.6571997],[139.6793781,35.6573301],[139.6792243,35.6576056],[139.679099,35.6578216],[139.6788989,35.6581322],[139.6786116,35.6584389],[139.6784352,35.6586375],[139.6782184,35.659025],[139.6780527,35.6592897],[139.677914,35.659484],[139.6777987,35.6597065],[139.677681,35.6598],[139.6773968,35.6598236],[139.6770825,35.6598606],[139.6766877,35.6599041],[139.6765087,35.6606147],[139.6764472,35.6608689],[139.6763629,35.6612073],[139.676313,35.661402],[139.6762881,35.6615124],[139.6761971,35.6619009],[139.6761121,35.6622412],[139.6760416,35.6625274],[139.675959,35.662783],[139.6758819,35.662933],[139.675749,35.6631285],[139.675703,35.663189],[139.6754725,35.6634593],[139.6752262,35.6636783],[139.6749971,35.6637463],[139.6748028,35.6639324],[139.6749535,35.6641147],[139.6748673,35.6641601],[139.6747948,35.6641858],[139.6747453,35.6642185],[139.6747128,35.6642418],[139.6746203,35.6643225],[139.6745292,35.664433],[139.6744294,35.6645678],[139.6743823,35.6646433],[139.6742559,35.6648561],[139.6740891,35.6651468],[139.6739621,35.6653706],[139.6739154,35.6654521],[139.6738129,35.6656564],[139.6738026,35.6656755],[139.6737822,35.6657135],[139.6737561,35.6657619],[139.6737462,35.6657845],[139.6737276,35.6658271],[139.6736818,35.6659186],[139.673579,35.6661573],[139.6734106,35.6665469],[139.6733061,35.6667492],[139.6732696,35.6668443],[139.673212,35.6669676],[139.6731854,35.6670311],[139.6731562,35.6671382],[139.6731243,35.6672665],[139.6731097,35.6673254],[139.6730486,35.6676153],[139.6730217,35.66773],[139.6729991,35.6678304],[139.6729923,35.6678552],[139.6729847,35.6678878],[139.6729626,35.6679817],[139.6729189,35.6681602],[139.672898,35.6682468],[139.672872,35.6683826],[139.6728513,35.6684942],[139.6728258,35.6686316],[139.6728132,35.668711],[139.6727273,35.6690309],[139.6726046,35.6694106],[139.6725158,35.66967],[139.6724688,35.6698081],[139.6724851,35.6700184],[139.6725127,35.6703223],[139.6725166,35.670483],[139.6725272,35.6707413],[139.6725376,35.670974],[139.6725427,35.6711128],[139.672571,35.6713148],[139.6726008,35.6715692],[139.6726199,35.6716956],[139.6726392,35.6717664],[139.6727046,35.6719235],[139.6727532,35.6720446],[139.6728208,35.6722056],[139.6728014,35.6722112],[139.6723832,35.6721985],[139.6723605,35.6720713],[139.6718783,35.6719853],[139.671774,35.6719673],[139.6716527,35.6719488],[139.6714536,35.67192],[139.6710616,35.6718686],[139.6708058,35.6718313],[139.6706139,35.6718104],[139.6702397,35.6717347],[139.6701274,35.6717077],[139.6700374,35.6717016],[139.6698483,35.6716894],[139.6692156,35.6716709],[139.6689782,35.6716254],[139.6689262,35.6716041],[139.6688636,35.6715299],[139.6685728,35.6717665],[139.6685007,35.6717323],[139.6682736,35.6716691],[139.6681227,35.6716955],[139.6679451,35.6716853],[139.6671931,35.6716052],[139.667053,35.6716041],[139.6668057,35.6716029],[139.6665569,35.6715978],[139.6661059,35.6715879],[139.6660632,35.6715852],[139.6657213,35.6715632],[139.6648627,35.671494],[139.6643124,35.6714401],[139.6641031,35.6714219],[139.6638233,35.6714219],[139.6634035,35.6714232],[139.6631641,35.6714264],[139.6628706,35.6714553],[139.6625084,35.6714885],[139.6621131,35.6715155],[139.6619892,35.6715244],[139.661787,35.6715494],[139.6616107,35.671562],[139.6615497,35.6716932],[139.6614729,35.6719299],[139.6614744,35.6720672],[139.6614879,35.6722054],[139.6614929,35.672328],[139.661495,35.6723936],[139.6615191,35.6727799],[139.6610027,35.6726508],[139.6606768,35.672564],[139.6605179,35.6725217],[139.6598144,35.6723428],[139.6591698,35.6721879],[139.6583102,35.6719619],[139.6576709,35.6717991],[139.6572408,35.6716716],[139.6570926,35.671618],[139.6568821,35.6715418],[139.6565608,35.6714187],[139.6563188,35.6713259],[139.6559226,35.6711748],[139.6554705,35.6710088],[139.6551332,35.6709029],[139.6548493,35.6708448],[139.6545615,35.6707974],[139.6541642,35.6707576],[139.6538909,35.6707351],[139.6536132,35.6707141],[139.6532669,35.6706834],[139.6529133,35.670641],[139.6526091,35.6705925],[139.6522916,35.670545],[139.6519216,35.6704846],[139.6515545,35.6704233],[139.6512904,35.6703841],[139.6510308,35.6703429],[139.6507145,35.670291],[139.6504899,35.6702446],[139.6501967,35.6701681],[139.6500163,35.6701116],[139.649806,35.6700329],[139.6495561,35.6699272],[139.6492982,35.6697875],[139.6490768,35.6696626],[139.64888,35.6695432],[139.6485694,35.6693568],[139.6483686,35.6692439],[139.6481801,35.6691315],[139.647939,35.6690082],[139.6477271,35.668902],[139.6475135,35.6688035],[139.6472902,35.6687141],[139.6468124,35.6685392],[139.646555,35.6684574],[139.6463473,35.6683808],[139.6460924,35.6682992],[139.6457593,35.6681965],[139.6455064,35.668127],[139.6452583,35.6680746],[139.6449973,35.6680242],[139.6448236,35.6680019],[139.6447171,35.6679882],[139.6442971,35.6679258],[139.6438862,35.6678736],[139.6435419,35.6678272],[139.6432281,35.6677887],[139.642854,35.6677361],[139.6425559,35.6676948],[139.6421352,35.6676327],[139.6418141,35.6675926],[139.6416102,35.6675705],[139.6414416,35.6675523],[139.6413671,35.6675444],[139.6414632,35.6670627],[139.6415011,35.6666819],[139.640968,35.6665075],[139.6406892,35.6664242],[139.6405135,35.6663527],[139.6403358,35.6662983],[139.6402954,35.6662859],[139.6400761,35.6661918],[139.6398095,35.6660769],[139.6395166,35.66594],[139.6393475,35.6658826],[139.6391145,35.6659114],[139.638994,35.6659258],[139.6388815,35.6659392],[139.6387345,35.6659573],[139.6385234,35.6659441],[139.6383038,35.665932],[139.6380933,35.66593],[139.6378663,35.6659507],[139.6376877,35.6659676],[139.6374416,35.6660144],[139.637051,35.6660829],[139.6368935,35.6661152],[139.6368386,35.6661157],[139.6368508,35.6662671],[139.6368983,35.6665098],[139.6369612,35.6666796],[139.6365479,35.6667983],[139.6360769,35.666993],[139.6360413,35.6670077],[139.6358715,35.6670699],[139.6356825,35.6671505],[139.6353322,35.6673009],[139.6349849,35.6674489],[139.6345537,35.6676247],[139.6341999,35.6677413],[139.63389,35.6678312],[139.6336043,35.6678997],[139.6333627,35.6679411],[139.6330753,35.6680486],[139.6328827,35.668139],[139.6327117,35.6682089],[139.6326982,35.6682149],[139.6325103,35.6682429],[139.6322944,35.6682846],[139.6315487,35.6684169],[139.6310405,35.6685071],[139.6306209,35.6685794],[139.6299247,35.668698],[139.6295714,35.6687563],[139.6292849,35.6687941],[139.6291483,35.6688062],[139.6289489,35.668829],[139.6285764,35.6688766],[139.6279551,35.6689534],[139.6275451,35.6690083],[139.6271238,35.6690663],[139.6267286,35.6690959],[139.6260265,35.6691583],[139.6255345,35.6691993],[139.6253561,35.6692121],[139.6250468,35.6692351],[139.6248682,35.6692589],[139.6248512,35.6694927],[139.6248392,35.669641],[139.624823,35.669877],[139.6248165,35.6700478],[139.624791,35.6703482],[139.6245525,35.670387],[139.6242762,35.670432],[139.6239319,35.670491],[139.62362,35.6705458],[139.6235315,35.670559],[139.6231571,35.6706092],[139.6231585,35.6707253],[139.6231608,35.6709851],[139.6231657,35.6713161],[139.6231706,35.6714869],[139.6224269,35.6721035],[139.6221442,35.6722301],[139.6219441,35.672341],[139.6216656,35.6725144],[139.6214754,35.6726437],[139.621146,35.6728058],[139.6209777,35.6728854],[139.6205614,35.6730582],[139.6202589,35.6731772],[139.6198271,35.6733413],[139.6195082,35.6734623],[139.6190968,35.6735987],[139.6189078,35.6736611],[139.6187314,35.6737198],[139.6183393,35.6738571],[139.6180533,35.6739523],[139.6175776,35.6741178],[139.6174323,35.6741633],[139.6171335,35.6742252],[139.6168931,35.6742915],[139.6166452,35.6743662],[139.6163554,35.6744591],[139.6160804,35.6745245],[139.6157359,35.6746364],[139.615452,35.6747323],[139.6152125,35.6748134],[139.6149482,35.6749011],[139.6146316,35.6750309],[139.6140995,35.675243],[139.6139508,35.6752989],[139.6138886,35.6753301],[139.6138252,35.6753618],[139.6132873,35.6754213],[139.6132742,35.6755148],[139.6131556,35.6755956],[139.6129425,35.6757172],[139.6127865,35.6758097],[139.6126164,35.6759982],[139.6124983,35.67603],[139.6124316,35.6758793],[139.6122674,35.6755301],[139.612244,35.6754621],[139.6119195,35.6754699],[139.6119057,35.6756221],[139.6119436,35.6760264],[139.611917,35.6761888],[139.6113397,35.6763502],[139.6109584,35.6764506],[139.6107739,35.6764963],[139.6107124,35.6765088],[139.6105449,35.6765119],[139.6103907,35.6765149],[139.6102364,35.6764981],[139.6103091,35.6764138],[139.6104365,35.6762545],[139.6105695,35.6760821],[139.6106975,35.6759132],[139.6108056,35.6757755],[139.6109057,35.6756463],[139.611024,35.6754903],[139.6111813,35.675287],[139.6113997,35.6750006],[139.611489,35.6748977],[139.6117773,35.6746329],[139.6118691,35.6745788],[139.6120381,35.674506],[139.6123029,35.6744245],[139.6126877,35.6743113],[139.6128792,35.6742495],[139.6130023,35.6741495],[139.6130533,35.6740694],[139.6131252,35.6739922],[139.6133443,35.6738783],[139.6133939,35.673782],[139.6135067,35.6737391],[139.613433,35.6727981],[139.6143474,35.6727583],[139.6149531,35.6727185],[139.6153016,35.6726803],[139.615687,35.6726394],[139.6158466,35.6726281],[139.6160486,35.672602],[139.6166764,35.6725498],[139.6166608,35.6722482],[139.6166445,35.6719095],[139.6166333,35.6716767],[139.6166211,35.6715246],[139.6164938,35.6715409],[139.6164622,35.6712061],[139.6164216,35.6706576],[139.6164184,35.6704051],[139.6164284,35.6702462],[139.6164371,35.6700903],[139.6164739,35.6698829],[139.6162154,35.6696669],[139.6161208,35.6695003],[139.6160208,35.6693564],[139.6159746,35.6692794],[139.6159418,35.6691625],[139.6157695,35.6691642],[139.6155812,35.6691517],[139.6154416,35.6690579],[139.6153543,35.6690151],[139.6152955,35.6690851],[139.6154372,35.669247],[139.6156318,35.6694085],[139.6156892,35.6695181],[139.6157147,35.6695749],[139.6156105,35.6695748],[139.6155417,35.6695777],[139.6154592,35.66952],[139.6153574,35.6694225],[139.6152334,35.6693244],[139.6150919,35.6692515],[139.6147653,35.6691546],[139.6146689,35.6692038],[139.6145039,35.6693171],[139.6143173,35.6694496],[139.6142211,35.6695217],[139.6139973,35.6697831],[139.613894,35.6698978],[139.6137653,35.6700854],[139.6136912,35.6702925],[139.6136738,35.6704907],[139.6136266,35.6706232],[139.6134564,35.67063],[139.6134454,35.6704978],[139.6124904,35.6702828],[139.6122201,35.6702146],[139.6118505,35.6701203],[139.611566,35.6700544],[139.6114291,35.6700173],[139.6113065,35.6699802],[139.6112525,35.6702654],[139.6114247,35.6703056],[139.6114201,35.670466],[139.6111329,35.6704961],[139.6106578,35.6705352],[139.6106181,35.67086],[139.6101956,35.6707503],[139.6100123,35.6707171],[139.609642,35.6706865],[139.6093756,35.6706729],[139.6093937,35.6705252],[139.6094179,35.6703245],[139.6094245,35.6702434],[139.6092944,35.6702386],[139.6091984,35.6702117],[139.6091858,35.6703492],[139.6091489,35.6704726],[139.6090947,35.6706309],[139.6090705,35.6707017],[139.6090396,35.6709987],[139.6089827,35.6715277],[139.6089666,35.6717406],[139.6089713,35.672005],[139.6089875,35.6725123],[139.6089844,35.6726912],[139.6089893,35.6728359],[139.6090082,35.6729065],[139.6089847,35.6731455],[139.6089381,35.67359],[139.6089205,35.6737561],[139.6089106,35.6739875],[139.6093563,35.6739894],[139.6093125,35.6744692],[139.6092942,35.6747168],[139.6091312,35.6747036],[139.6088791,35.6746844],[139.6088462,35.6748848],[139.6091501,35.6748872],[139.6091427,35.6750689],[139.6090144,35.6753269],[139.6089533,35.6754723],[139.6088967,35.6756428],[139.608883,35.6756897],[139.6088233,35.6757851],[139.6087592,35.6759171],[139.6086654,35.6761129],[139.6084913,35.6761253],[139.6084864,35.6762306],[139.6084887,35.676434],[139.6083631,35.676426],[139.6082218,35.6764168],[139.6080847,35.676403],[139.6079592,35.6763898],[139.607891,35.676381],[139.607831,35.676376],[139.607784,35.67637],[139.607663,35.6763527],[139.6076958,35.6762368],[139.6077346,35.6760389],[139.6074854,35.6760155],[139.6074688,35.6761092],[139.6074522,35.6762083],[139.6074075,35.6764016],[139.6073923,35.6764791],[139.6072786,35.6767919],[139.607186,35.6769788],[139.6070978,35.6771372],[139.6068844,35.6774517],[139.6068183,35.6775488],[139.6066482,35.6776901],[139.6063965,35.6779296],[139.606342,35.6779799],[139.6060485,35.6781999],[139.6056963,35.6784653],[139.6056457,35.6785142],[139.6056044,35.6785689],[139.6054712,35.6787468],[139.6054005,35.6788161],[139.6050989,35.6790157],[139.6050117,35.6790849],[139.6047302,35.6792738],[139.6043218,35.6795607],[139.6037422,35.6799648],[139.603505,35.6801419],[139.6033909,35.6802615],[139.6033289,35.6803264],[139.6032528,35.6803826],[139.6031519,35.6805179],[139.6030787,35.6805859],[139.6029571,35.6806544],[139.6025539,35.6808113],[139.6020415,35.6809745],[139.6018304,35.6810393],[139.6015809,35.6811123],[139.6009666,35.6813092],[139.6005075,35.6814445],[139.6001708,35.6815403],[139.5998025,35.6816357],[139.5994065,35.6817376],[139.5991054,35.6818114],[139.5987509,35.681892],[139.5984679,35.6819378],[139.5981771,35.6819872],[139.59786,35.6820333],[139.5975301,35.6820819],[139.597092,35.6821445],[139.5966702,35.6821745],[139.5964161,35.6821912],[139.5961343,35.6822101],[139.5959621,35.6822299],[139.595765,35.6822465],[139.5955457,35.6822643],[139.5953865,35.6822798],[139.5950116,35.6823143],[139.5947366,35.6823415],[139.594542,35.6823567],[139.5944504,35.6823552],[139.594175,35.6823312],[139.5939609,35.6823086],[139.5938009,35.6822712],[139.593697,35.6822174],[139.5935486,35.6820832],[139.5934872,35.6820168],[139.5933873,35.6819571],[139.5933205,35.6819193],[139.5933011,35.6819185],[139.5932717,35.6819174],[139.5929967,35.6820025],[139.5926817,35.6821076],[139.5923822,35.6822116],[139.5922102,35.6822691],[139.5920668,35.6823082],[139.5919609,35.6823382],[139.591808,35.6823586],[139.5916456,35.6823736],[139.5913605,35.6824022],[139.5910646,35.682427],[139.5907055,35.6824606],[139.5900468,35.6825172],[139.5894577,35.682584],[139.5891934,35.6826219],[139.5887535,35.6826813],[139.5884982,35.6827197],[139.5882947,35.6827503],[139.5879522,35.6827905],[139.5876453,35.6828241],[139.5873685,35.6828576],[139.5870157,35.6829059],[139.5869083,35.6829246],[139.5866414,35.6829664],[139.5864097,35.6830038],[139.5862419,35.6830054],[139.5860995,35.6829878],[139.5859093,35.6829447],[139.5856846,35.6828922],[139.5853883,35.6828341],[139.585147,35.6827601],[139.5857073,35.6826838],[139.5860989,35.6826207],[139.586435,35.6825638],[139.5864336,35.6824914],[139.5866936,35.6824318],[139.5869127,35.6824274],[139.5869907,35.682404],[139.587372,35.6824194],[139.5874127,35.6822703],[139.5876308,35.6822796],[139.5883141,35.6822685],[139.5887,35.682248],[139.589136,35.682239],[139.5894445,35.6822276],[139.5900797,35.6822118],[139.5908105,35.6821643],[139.5918513,35.682148],[139.5919702,35.6817963],[139.5911821,35.681718],[139.5902605,35.6817689],[139.5897328,35.6817846],[139.5885471,35.6818552],[139.5880143,35.6819098],[139.5875758,35.6819499],[139.5869996,35.6820175],[139.5865826,35.6820728],[139.5861823,35.682123],[139.585819,35.6821685],[139.58526,35.6822404],[139.5851919,35.6824863],[139.5851435,35.6824801],[139.5852078,35.6822307],[139.5852946,35.6820179],[139.585431,35.681786],[139.5856807,35.6814997],[139.5860988,35.6812558],[139.5862656,35.6812232],[139.5861882,35.6810551],[139.5866069,35.6809965],[139.5867801,35.6810404],[139.5872091,35.6810995],[139.5872951,35.6809912],[139.5874716,35.6810145],[139.5877053,35.6808014],[139.5878963,35.6805973],[139.5879857,35.6804919],[139.5880612,35.6803634],[139.5881164,35.680256],[139.5881869,35.6801099],[139.5882939,35.6801294],[139.5885074,35.6796638],[139.5886193,35.6794232],[139.5886505,35.6793568],[139.5887024,35.6791052],[139.5886638,35.6790469],[139.5886181,35.6789753],[139.5885588,35.6789243],[139.5883717,35.6787876],[139.5881062,35.6785973],[139.5879961,35.6784273],[139.5879242,35.6782856],[139.5878669,35.6781973],[139.5878176,35.6781535],[139.5876062,35.678058],[139.5871544,35.677925],[139.5870018,35.6778719],[139.5867877,35.6777846],[139.5866669,35.6775993],[139.5866023,35.6773883],[139.5865615,35.6770952],[139.5865556,35.6769594],[139.5865981,35.6767749],[139.5865856,35.6765744],[139.5867037,35.6764074],[139.5867756,35.6762869],[139.5868223,35.6761641],[139.5868571,35.6760439],[139.586877,35.6759659],[139.5868662,35.6757939],[139.5868558,35.6756316],[139.5868126,35.6754092],[139.586829,35.6752985],[139.586849,35.6751907],[139.5868852,35.6750648],[139.586969,35.6748592],[139.5869969,35.6747925],[139.5870456,35.6747215],[139.5872404,35.6746491],[139.5874259,35.6745733],[139.5879187,35.674426],[139.5877669,35.6741706],[139.5876962,35.6740629],[139.5877555,35.6740305],[139.5876445,35.6738362],[139.5872057,35.6739664],[139.5870739,35.6739694],[139.5870861,35.6740607],[139.5862538,35.6743258],[139.5859315,35.6742501],[139.5854934,35.6740428],[139.5853045,35.6739898],[139.5849945,35.6739585],[139.5848738,35.6739678],[139.5846811,35.6739959],[139.5826728,35.6744496],[139.5824679,35.6737513],[139.582386,35.6733489],[139.5825822,35.6733349],[139.5828967,35.6732287],[139.5831437,35.6731486],[139.5838102,35.6728787],[139.5840377,35.6727279],[139.5842623,35.6726221],[139.5844209,35.6725248],[139.5845072,35.6724451],[139.5845777,35.672367],[139.5848369,35.6722614],[139.5851082,35.6721451],[139.5853909,35.672026],[139.585552,35.6719577],[139.5860072,35.6717665],[139.5865138,35.6715588],[139.5868729,35.6714269],[139.5874026,35.6711918],[139.5878116,35.6710025],[139.5883148,35.6707806],[139.5886978,35.6706215],[139.5888935,35.6700157],[139.5889612,35.6698026],[139.5890161,35.6696288],[139.5891168,35.6694438],[139.5892396,35.6690686],[139.5890415,35.6688973],[139.5890486,35.6687876],[139.5891002,35.6686812],[139.5892093,35.6684854],[139.5893723,35.6681868],[139.589546,35.6678607],[139.5896733,35.6676155],[139.5897792,35.6674127],[139.5899605,35.6670715],[139.5900614,35.6668022],[139.5901332,35.6665463],[139.5901408,35.6664951],[139.5901619,35.6663516],[139.5901262,35.6661064],[139.5901081,35.6659979],[139.5899322,35.665897],[139.5892381,35.6659908],[139.5892404,35.6659284],[139.5891314,35.6659282],[139.5890583,35.6658018],[139.5888602,35.6656837],[139.588392,35.665391],[139.5882535,35.6651814],[139.5882354,35.6648637],[139.5882614,35.6646977],[139.5881452,35.6646581],[139.5878861,35.6645751],[139.5875734,35.6644786],[139.5872889,35.6643839],[139.5870041,35.6642874],[139.5868494,35.6642432],[139.5868829,35.6641133],[139.586928,35.6638007],[139.5869997,35.6636372],[139.5871561,35.6633219],[139.5872963,35.6631101],[139.5873579,35.6630171],[139.5875917,35.6626689],[139.5878458,35.6627026],[139.5878479,35.6626027],[139.5881327,35.6625273],[139.5884015,35.6624482],[139.5885313,35.6624094],[139.5885698,35.6624934],[139.5892631,35.662247],[139.5891718,35.6620307],[139.5893645,35.6619757],[139.5893039,35.6616906],[139.5896679,35.6614935],[139.5901279,35.6612504],[139.5898366,35.6609742],[139.5897114,35.6608502],[139.5898082,35.6607387],[139.5897701,35.6605812],[139.5897715,35.6604412],[139.589779,35.660305],[139.5897844,35.6600194],[139.589782,35.659905],[139.5897536,35.6596437],[139.5897489,35.6595964],[139.589736,35.659462],[139.5897167,35.6592738],[139.5896987,35.6591485],[139.5896789,35.6589548],[139.5897095,35.6587132],[139.5897147,35.658672],[139.5897448,35.658442],[139.589749,35.658149],[139.5897492,35.6576596],[139.5898109,35.6573958],[139.5898615,35.6572273],[139.5898931,35.6571008],[139.5899916,35.6568142],[139.5902128,35.6565003],[139.5901015,35.6564587],[139.5901572,35.6563587],[139.5902668,35.6563976],[139.5904126,35.6561334],[139.5904766,35.6560461],[139.5905804,35.6559269],[139.590836,35.6555774],[139.590973,35.6553881],[139.5910278,35.6552216],[139.5913617,35.655246],[139.5917178,35.6552759],[139.5921312,35.6553268],[139.5924312,35.6553682],[139.5924759,35.6551332],[139.5925445,35.6547794],[139.5926943,35.6543987],[139.5928819,35.6540016],[139.5929646,35.6537155],[139.5930149,35.6535614],[139.5930961,35.6530301],[139.5931752,35.6525848],[139.5932013,35.6522939],[139.5932196,35.6521209],[139.5932369,35.6519577],[139.5932557,35.6517913],[139.5932946,35.651535],[139.593157,35.6515232],[139.5929448,35.6515005],[139.5928923,35.6517517],[139.5925512,35.6517125],[139.5920712,35.6516226],[139.5921477,35.6513366],[139.5921802,35.6511817],[139.5922177,35.6509336],[139.5922304,35.6507001],[139.5922301,35.6505626],[139.5922124,35.6502262],[139.5922126,35.6499867],[139.5921969,35.6496395],[139.592171,35.6493438],[139.5921617,35.6488078],[139.5921532,35.6483628],[139.592154,35.648047],[139.5921687,35.6474627],[139.5921928,35.6471021],[139.5922283,35.6466914],[139.5922403,35.6465204],[139.5922476,35.6461054],[139.5922626,35.6459871],[139.5917758,35.6458251],[139.591387,35.645689],[139.5908537,35.6454877],[139.5905497,35.645374],[139.5903621,35.6452936],[139.5901621,35.6456831],[139.5898301,35.6455694],[139.5900384,35.6451489],[139.5897733,35.6450397],[139.5895377,35.6450567],[139.5895146,35.6450854],[139.5892687,35.6452354],[139.5888959,35.6454541],[139.5885251,35.6456892],[139.5883225,35.6458184],[139.5880091,35.6460043],[139.5879,35.6458862],[139.587512,35.6461851],[139.587406,35.6462269],[139.5872895,35.6460616],[139.5875549,35.6458475],[139.5877705,35.645744],[139.5878446,35.6457235],[139.5878363,35.6457145],[139.5875586,35.6458278],[139.5874314,35.6459233],[139.5872641,35.6460414],[139.5871197,35.6462137],[139.5870461,35.6462933],[139.5868108,35.6462003],[139.5869765,35.645911],[139.5871736,35.6457461],[139.5875011,35.6455466],[139.5874191,35.6455088],[139.5872211,35.6454459],[139.587092,35.645374],[139.5870103,35.6450757],[139.5869569,35.6448903],[139.5872508,35.6443753],[139.5873026,35.6442208],[139.5872661,35.6439744],[139.5872061,35.6439418],[139.5870125,35.6437813],[139.5870037,35.6436942],[139.5868686,35.6437208],[139.5868301,35.6434645],[139.5865896,35.6435264],[139.5865488,35.6433983],[139.5865064,35.6432446],[139.5864894,35.6430165],[139.5865029,35.6428865],[139.5864429,35.6427342],[139.5861393,35.6427346],[139.5859325,35.6427335],[139.5857755,35.6427325],[139.5857667,35.6426021],[139.5857526,35.6424245],[139.5858123,35.6421996],[139.5859039,35.6419859],[139.5857399,35.6419099],[139.585572,35.642064],[139.5855208,35.6420353],[139.5851642,35.6418592],[139.5850835,35.6418065],[139.5847346,35.6416608],[139.5844644,35.6415617],[139.5845901,35.6412974],[139.5842487,35.6411959],[139.584323,35.6410094],[139.5844202,35.6407842],[139.5844851,35.6406623],[139.5845327,35.64057],[139.5847453,35.6401983],[139.5848205,35.6400659],[139.5849249,35.6397674],[139.5849764,35.6396068],[139.5851099,35.6391483],[139.58523,35.6387911],[139.5852798,35.6386371],[139.5853839,35.6383672],[139.5854853,35.6381192],[139.5855162,35.638005],[139.5855437,35.6379154],[139.585647,35.637672],[139.5857949,35.6374317],[139.585891,35.6372863],[139.5860249,35.6370531],[139.5861845,35.6368346],[139.5863528,35.6366184],[139.5865067,35.6364357],[139.5866369,35.636281],[139.5867511,35.6361457],[139.5869132,35.635961],[139.5871599,35.6356655],[139.587312,35.6354715],[139.5874532,35.6353038],[139.5875163,35.6352086],[139.5876375,35.6352285],[139.5877631,35.6351351],[139.5879163,35.6350684],[139.5880615,35.6349951],[139.5882175,35.6349618],[139.5883926,35.6348881],[139.5886193,35.6347922],[139.588745,35.6347372],[139.5888282,35.6347347],[139.588884,35.6347749],[139.5890929,35.6347313],[139.5892055,35.6347055],[139.5892323,35.6348129],[139.5892818,35.6348156],[139.5894783,35.6347192],[139.5896938,35.6345814],[139.5897998,35.634487],[139.5899133,35.6343964],[139.5900458,35.6342963],[139.5900798,35.6342409],[139.5902833,35.6340354],[139.5903768,35.63396],[139.5905352,35.6338609],[139.5907549,35.6337107],[139.590921,35.6335666],[139.5909693,35.6335217],[139.5910727,35.633428],[139.5911124,35.6332064],[139.5911399,35.6330295],[139.5911547,35.6329355],[139.5912085,35.632939],[139.5914762,35.6329029],[139.5915171,35.6328917],[139.591396,35.632636],[139.5912878,35.6322133],[139.5912579,35.6320885],[139.5913496,35.6320627],[139.5914196,35.6320338],[139.5916142,35.6319344],[139.5915494,35.6317762],[139.5914976,35.6316356],[139.5914055,35.6314387],[139.5913498,35.6312856],[139.591162,35.630986],[139.591304,35.6309108],[139.5917783,35.6307192],[139.5919573,35.6306369],[139.5923469,35.6304632],[139.5924246,35.6303507],[139.5925279,35.6301018],[139.592576,35.6299828],[139.592587,35.629774],[139.5925831,35.6297365],[139.5928279,35.6296046],[139.5927011,35.629448],[139.5926013,35.6293292],[139.5923179,35.6289557],[139.592235,35.6288401],[139.5922056,35.6287749],[139.5922266,35.6286833],[139.5923259,35.6285518],[139.5924552,35.6283758],[139.5923954,35.6281683],[139.592355,35.6280321],[139.5923027,35.627859],[139.5921766,35.6275082],[139.5922434,35.6274578],[139.5923503,35.627388],[139.592553,35.6273112],[139.5926451,35.6274369],[139.5927731,35.6274808],[139.5928279,35.6277055],[139.5930768,35.6276738],[139.5933154,35.6276399],[139.5934843,35.6276108],[139.5936301,35.6275334],[139.5938263,35.6273477],[139.5937885,35.6272937],[139.593943,35.6271843],[139.5941365,35.6270526],[139.5940816,35.6269384],[139.5939066,35.6267622],[139.5938049,35.6266678],[139.5936681,35.6267337],[139.5935783,35.6266467],[139.5935367,35.6266159],[139.593578,35.6264747],[139.5937674,35.6262724],[139.5934742,35.6261338],[139.5933465,35.6259912],[139.5931665,35.6256417],[139.5931193,35.6255531],[139.5930754,35.6254707],[139.5928857,35.6251248],[139.5927156,35.6247513],[139.5926886,35.6246941],[139.5924601,35.6243892],[139.5923478,35.6242561],[139.5923047,35.6241776],[139.592393,35.623956],[139.592422,35.6238875],[139.5924644,35.6237909],[139.59192,35.6238932],[139.591887,35.6237811],[139.5918479,35.6236448],[139.591393,35.623726],[139.5911995,35.6237626],[139.5911272,35.6238307],[139.5909684,35.623923],[139.5910237,35.6240021],[139.5908687,35.6240703],[139.590804,35.6240042],[139.5906644,35.6241067],[139.5904727,35.6242263],[139.5903307,35.6243284],[139.5902598,35.624386],[139.5902018,35.6244313],[139.5901624,35.6244621],[139.590075,35.624534],[139.590039,35.6245551],[139.5900066,35.6245834],[139.5899343,35.6246398],[139.5898655,35.6247035],[139.5898296,35.624706],[139.5897377,35.6246643],[139.5896519,35.6245896],[139.5896447,35.6244765],[139.5896381,35.6243837],[139.5896332,35.6242356],[139.5896297,35.6240074],[139.5896464,35.6237803],[139.5895947,35.6236259],[139.5895305,35.6234541],[139.589492,35.623364],[139.5894333,35.6232002],[139.5896638,35.623216],[139.5896674,35.6231893],[139.589663,35.6230711],[139.5896631,35.6229555],[139.5897072,35.6228428],[139.5897397,35.6227411],[139.5897591,35.622636],[139.5897801,35.622521],[139.5898031,35.622435],[139.589815,35.6223115],[139.5898175,35.6222636],[139.5898554,35.6218354],[139.5898444,35.621675],[139.5897626,35.6216503],[139.5895528,35.6215707],[139.5894055,35.6215006],[139.5892659,35.6214382],[139.5891775,35.6213989],[139.5892584,35.621266],[139.589298,35.6211767],[139.5893323,35.6210968],[139.589371,35.6209965],[139.5894146,35.6208699],[139.5895185,35.6205677],[139.589632,35.6202691],[139.5896843,35.6201286],[139.5897268,35.6199996],[139.5898391,35.6197063],[139.5898854,35.6195595],[139.5899408,35.6194165],[139.5900072,35.6192285],[139.5900772,35.6190136],[139.5901352,35.6188591],[139.5901429,35.618837],[139.5903027,35.6183569],[139.5903268,35.6183439],[139.5906994,35.6181438],[139.5913406,35.6177341],[139.5918816,35.6176],[139.59245,35.6175082],[139.5928487,35.6175367],[139.593157,35.6175787],[139.5935746,35.6176334],[139.5939167,35.6177119],[139.594088,35.6177493],[139.5954442,35.618344],[139.5960291,35.6183843],[139.5965744,35.6184249],[139.597163,35.618472],[139.5988052,35.6185582],[139.5989882,35.6185483],[139.5994793,35.6184004],[139.6002397,35.6181385],[139.6009743,35.6178856],[139.6015119,35.6176909],[139.6019427,35.6175217],[139.6023802,35.6173295],[139.6029531,35.6170392],[139.6035756,35.6167142],[139.6041831,35.6163773],[139.6047377,35.6160825],[139.6054744,35.6156789],[139.6056596,35.6155824],[139.6058332,35.6155817],[139.6063209,35.6156843],[139.6071496,35.6158922],[139.607448,35.6159647],[139.6079744,35.6161768],[139.6088522,35.6165078],[139.6089286,35.6165168],[139.6093341,35.616351],[139.6100025,35.616227],[139.6119513,35.6159678],[139.6121206,35.6159151],[139.6122483,35.6158254],[139.6123724,35.6156777],[139.6125374,35.6154686],[139.6127449,35.6151574],[139.6128956,35.6149331],[139.6129729,35.6148451],[139.613035,35.614783],[139.6131243,35.6147457],[139.6133406,35.6146351],[139.6136924,35.6144722],[139.6138201,35.6144131],[139.6140941,35.6142751],[139.614209,35.614206],[139.614572,35.613978],[139.615207,35.613533],[139.6156005,35.6132834],[139.6176475,35.6135853],[139.6183205,35.6137001],[139.6204575,35.6125812],[139.6209742,35.6122639],[139.6212452,35.6120752],[139.6214619,35.6119462],[139.6215669,35.611881],[139.6218616,35.6117244],[139.6222986,35.6115532],[139.6227591,35.6114435],[139.622853,35.6114434],[139.623441,35.6113091],[139.623721,35.61116],[139.623854,35.611061],[139.6241034,35.6109588],[139.6242714,35.6108532],[139.6244131,35.6106385],[139.6245131,35.6103877],[139.6246194,35.6101393],[139.6247004,35.6099933],[139.624688,35.609967],[139.624756,35.609884],[139.624793,35.609837],[139.624869,35.609764],[139.624872,35.609762],[139.624956,35.609705],[139.625193,35.609542],[139.625433,35.609408],[139.625633,35.609321],[139.625744,35.609276],[139.625842,35.609237],[139.625967,35.609196],[139.626416,35.609118],[139.626861,35.609041],[139.627229,35.608947],[139.627366,35.608886],[139.627557,35.608781],[139.627686,35.608689],[139.62797,35.608453],[139.62798,35.608445],[139.6284555,35.6079209],[139.6286388,35.6081838],[139.6286847,35.6081681],[139.6292842,35.6079637],[139.6294453,35.607913],[139.6296318,35.6078512],[139.630059,35.607698],[139.6306931,35.6074999],[139.6311372,35.607347],[139.6314267,35.6071471],[139.631845,35.606833],[139.6321877,35.6065822],[139.6318301,35.6061103],[139.6317921,35.6060073],[139.6317921,35.6059233],[139.6318201,35.6058583],[139.6318751,35.6057823],[139.631945,35.605681],[139.6328305,35.6049753],[139.6329702,35.6048896],[139.6330842,35.6048196],[139.6334097,35.6046161],[139.63382,35.604353],[139.634224,35.604057],[139.634271,35.604025],[139.634872,35.603627],[139.6350774,35.6035225],[139.6352274,35.6034801],[139.6353594,35.6034471],[139.6355282,35.6034227],[139.6357732,35.6034371],[139.6359428,35.6034507],[139.6362044,35.6034554],[139.6362154,35.6034534],[139.6365194,35.6032587],[139.6366792,35.6031753],[139.6367816,35.603103],[139.6368294,35.603069],[139.6368514,35.6030552],[139.6369155,35.6030184],[139.6370545,35.6029343],[139.6372277,35.6027738],[139.6376324,35.6023957],[139.637931,35.6021026],[139.638243,35.6017514],[139.6385053,35.6014551],[139.6388388,35.6010789],[139.6390543,35.60084],[139.6392494,35.6006183],[139.6394689,35.6004498],[139.6396628,35.6003093],[139.6398501,35.6001807],[139.6399364,35.6001282],[139.6400434,35.6000571],[139.6400753,35.6000374],[139.6401188,35.6000115],[139.640486,35.599781],[139.640852,35.599568],[139.6415858,35.5991386],[139.641971,35.598917],[139.642282,35.598736],[139.6432088,35.5981767],[139.64375,35.597859],[139.644266,35.597556],[139.645741,35.596694],[139.645743,35.596692],[139.646259,35.596403],[139.646346,35.596346],[139.64672,35.596097],[139.6468336,35.5960215],[139.646917,35.595966],[139.647784,35.595555],[139.648347,35.595278],[139.648762,35.59504],[139.648848,35.594969],[139.64892,35.594875],[139.649112,35.594553],[139.649194,35.594417],[139.6493209,35.5942037],[139.64941,35.594054],[139.649754,35.593451],[139.649796,35.593379],[139.650111,35.592913],[139.650211,35.592807],[139.650348,35.592661],[139.65043,35.592584],[139.65055,35.592512],[139.650718,35.592416],[139.651048,35.592234],[139.651699,35.591897],[139.652525,35.591504],[139.653236,35.591165],[139.654289,35.590568],[139.6545,35.590461],[139.655136,35.590146],[139.655226,35.590094],[139.655337,35.590043],[139.655494,35.589977],[139.6568086,35.5928228],[139.656981,35.593192],[139.6572211,35.5934129],[139.6573727,35.5933706],[139.6576139,35.593207],[139.6577412,35.5931588],[139.6580325,35.5931485],[139.6581017,35.5931519],[139.6581715,35.5933078],[139.6582152,35.593461],[139.657853,35.593638],[139.6564268,35.5942342],[139.6560921,35.5943685],[139.6559758,35.5941827],[139.6554084,35.5944031],[139.6555273,35.5946069],[139.6549556,35.5948425],[139.6548452,35.5946657],[139.6543093,35.5948947],[139.6544148,35.5950726],[139.6538369,35.5953127],[139.6539043,35.5954242],[139.6533458,35.5956425],[139.6534146,35.5957531],[139.6528251,35.5959893],[139.6530647,35.5963843],[139.6533534,35.5968399],[139.6536289,35.5972839]]]}},{"type":"Feature","properties":{"name":"渋谷区","name:en":"Shibuya"},"geometry":{"type":"Polygon","coordinates":[[[139.722311,35.6507423],[139.7222895,35.6508351],[139.7222719,35.6509401],[139.7222595,35.6510643],[139.7222386,35.6514408],[139.7222299,35.6516688],[139.7222211,35.6519416],[139.7222143,35.6522426],[139.7222082,35.6523414],[139.7219555,35.6523337],[139.7219568,35.65232],[139.7218067,35.6523152],[139.7218039,35.6523649],[139.7216237,35.6523605],[139.7216454,35.6524052],[139.7216565,35.652428],[139.7217063,35.6525129],[139.721782,35.6525705],[139.7218535,35.6525822],[139.7219517,35.6525822],[139.7219721,35.6525959],[139.721869,35.6527158],[139.7218135,35.6528377],[139.7217887,35.6529085],[139.7217371,35.6532706],[139.7217467,35.6534412],[139.7216552,35.6536534],[139.7216972,35.6539176],[139.7218572,35.6541502],[139.7220345,35.6544439],[139.7222282,35.654767],[139.7224208,35.6550862],[139.7225587,35.6553212],[139.7227655,35.6556742],[139.7228959,35.655897],[139.722938,35.6560409],[139.7229674,35.6562939],[139.7229646,35.6563661],[139.7227341,35.6562011],[139.7224859,35.6560207],[139.7222823,35.6558724],[139.7221338,35.6557631],[139.7221115,35.6557538],[139.7220814,35.6557474],[139.7220406,35.6557522],[139.7216797,35.6558643],[139.7215495,35.6559073],[139.7212627,35.6560049],[139.7210375,35.6560802],[139.720656,35.6562089],[139.7204529,35.6562776],[139.720145,35.6563815],[139.7199017,35.6564791],[139.7196686,35.6565733],[139.7193528,35.6566854],[139.7190911,35.6567755],[139.718847,35.6568581],[139.7186091,35.6569392],[139.718461,35.6569909],[139.7183286,35.6570342],[139.7182361,35.657068],[139.7182128,35.6570111],[139.7181586,35.6568817],[139.717999,35.6565573],[139.7179252,35.6564062],[139.7176846,35.6564816],[139.7175119,35.6565373],[139.7173042,35.6566028],[139.7170774,35.6566751],[139.7168402,35.6567509],[139.7165704,35.6568368],[139.7162839,35.6568747],[139.7161171,35.6568957],[139.7157939,35.6569309],[139.7153778,35.6569631],[139.7150592,35.6570416],[139.7145996,35.6572159],[139.7145317,35.6572815],[139.7144295,35.6573529],[139.7141383,35.6575357],[139.714021,35.6576093],[139.7138631,35.6577337],[139.7136488,35.6579357],[139.7135484,35.6580203],[139.7131507,35.6582373],[139.7128643,35.6584016],[139.7126655,35.6585494],[139.7126542,35.6585593],[139.7126193,35.6585899],[139.7128407,35.6586132],[139.7133904,35.6586713],[139.7135666,35.6591297],[139.7137069,35.6593637],[139.7137624,35.6594539],[139.7139706,35.6597439],[139.7139364,35.6597763],[139.7138498,35.6598285],[139.71339,35.660104],[139.7128408,35.6604307],[139.7124434,35.660669],[139.7122946,35.6607507],[139.7121867,35.6608239],[139.7119547,35.6610908],[139.7119769,35.6611729],[139.7118574,35.6612819],[139.7117224,35.6614355],[139.7115519,35.6616295],[139.7112759,35.6619481],[139.7112206,35.6620108],[139.7110273,35.6622192],[139.7108924,35.6623672],[139.7106748,35.6626023],[139.7104442,35.662852],[139.7103619,35.6629441],[139.7103183,35.6629903],[139.7103819,35.6630299],[139.7102979,35.6630864],[139.7101113,35.6632148],[139.7097551,35.6634496],[139.7094296,35.6636724],[139.7090822,35.6639111],[139.7089015,35.6640576],[139.7087439,35.6641822],[139.7089334,35.664385],[139.7091249,35.6645895],[139.7092571,35.6647315],[139.7093514,35.6648355],[139.7094689,35.6649615],[139.7095059,35.6650036],[139.7097023,35.665216],[139.7098927,35.6654059],[139.7101438,35.6656581],[139.7102073,35.6657271],[139.7104235,35.6659653],[139.7105111,35.6660748],[139.7105691,35.6660985],[139.7108453,35.6659621],[139.7111238,35.6663036],[139.711293,35.6664912],[139.7114778,35.6666937],[139.7115806,35.6668113],[139.7116858,35.6669348],[139.7118155,35.6670825],[139.711958,35.6672186],[139.7120841,35.667358],[139.7126112,35.6679411],[139.7127595,35.6681053],[139.7129396,35.6682921],[139.7130275,35.6684024],[139.7131526,35.6685516],[139.7132747,35.6686986],[139.7134639,35.6689252],[139.7136238,35.6691131],[139.7137436,35.6692365],[139.7138511,35.6693451],[139.7139198,35.6694193],[139.7142276,35.6693092],[139.7143479,35.6692587],[139.7144039,35.6692273],[139.7147518,35.6693733],[139.7149022,35.6694607],[139.7150947,35.6696449],[139.7149797,35.6697194],[139.7148013,35.6698355],[139.714595,35.6699703],[139.7143809,35.6701131],[139.7142351,35.6702045],[139.7141563,35.6702567],[139.7140024,35.6703599],[139.7143509,35.6708569],[139.7141176,35.6709154],[139.7141019,35.6711159],[139.7141545,35.6712307],[139.7142338,35.6713395],[139.7142561,35.671379],[139.7142617,35.671403],[139.7142924,35.6714978],[139.7143856,35.6716478],[139.7145625,35.6719194],[139.7143992,35.6719939],[139.714547,35.6722134],[139.7146024,35.6724654],[139.7147724,35.6728119],[139.714837,35.6729487],[139.7150215,35.6728828],[139.7149993,35.6728438],[139.7154338,35.6726883],[139.7153708,35.6725748],[139.7158501,35.672387],[139.7161529,35.6722701],[139.7164769,35.6721508],[139.7165289,35.6722438],[139.7165844,35.6722491],[139.7166705,35.6724212],[139.7166893,35.6724252],[139.7166738,35.6724711],[139.7165515,35.6727004],[139.7164226,35.672942],[139.7163203,35.6731341],[139.7162738,35.6732207],[139.7156144,35.6737672],[139.7153677,35.673792],[139.715071,35.6739095],[139.7151287,35.6740072],[139.7150748,35.674098],[139.7152251,35.6741495],[139.7148522,35.6748986],[139.7141552,35.674821],[139.7140018,35.6747418],[139.7138949,35.6747007],[139.713799,35.674652],[139.7136703,35.674605],[139.7136124,35.6745566],[139.7136009,35.6745188],[139.7133536,35.6745094],[139.7131085,35.6744885],[139.7127607,35.6744328],[139.7126993,35.6744221],[139.7127709,35.6756671],[139.7127667,35.6758076],[139.7127222,35.6763631],[139.7129033,35.6764967],[139.7129438,35.6768012],[139.7129677,35.6769983],[139.7129862,35.677151],[139.7133234,35.6777794],[139.7133724,35.6778801],[139.7133095,35.6779615],[139.7139185,35.679127],[139.7139879,35.6791616],[139.7140058,35.6792271],[139.7140401,35.6797978],[139.7141315,35.6798289],[139.714161,35.6798409],[139.71422,35.6798904],[139.7142465,35.6799503],[139.7143419,35.6801658],[139.7144998,35.6807475],[139.7144384,35.680808],[139.7141194,35.6811222],[139.713753,35.6814831],[139.7137887,35.6815426],[139.7136614,35.6816113],[139.7137063,35.6816839],[139.7136873,35.6816967],[139.7132196,35.6820107],[139.7112711,35.6833385],[139.7100561,35.6837058],[139.7097986,35.683956],[139.7095614,35.6840497],[139.7092935,35.6841888],[139.7092651,35.6841918],[139.7079926,35.6843315],[139.7075528,35.6846161],[139.7072154,35.6846398],[139.7070057,35.6846414],[139.7068541,35.6854617],[139.7068053,35.6861823],[139.706176,35.686842],[139.7055409,35.6878319],[139.7050977,35.6878353],[139.7051283,35.6880205],[139.7050715,35.6880511],[139.7047138,35.6880349],[139.7041427,35.6880136],[139.7037311,35.6880097],[139.7035448,35.6879821],[139.7030652,35.6879074],[139.7028597,35.6878813],[139.7027864,35.6878983],[139.7026878,35.6879465],[139.7026241,35.6880818],[139.7025443,35.6882698],[139.7023335,35.6883729],[139.7019443,35.6883156],[139.7022595,35.6889812],[139.7021537,35.6893449],[139.7020806,35.6893166],[139.7018921,35.6892169],[139.7017498,35.6891487],[139.7016039,35.6891013],[139.7014993,35.6890672],[139.701357,35.6890267],[139.7012542,35.6890129],[139.7012585,35.6889956],[139.7011676,35.6889809],[139.7008834,35.6889388],[139.7005757,35.6888928],[139.7004535,35.6888775],[139.7001396,35.6888404],[139.7000848,35.6888339],[139.6998343,35.6888003],[139.6997273,35.6887736],[139.6998465,35.6884685],[139.6996203,35.6883974],[139.6995072,35.6886749],[139.6991181,35.6885208],[139.6988457,35.6884191],[139.6983921,35.6882561],[139.6978413,35.6880428],[139.6972841,35.68783],[139.6969436,35.6877025],[139.6966433,35.6875637],[139.6963844,35.6874112],[139.6963452,35.6873509],[139.695995,35.6871613],[139.6959197,35.6871553],[139.6958401,35.6871691],[139.6957935,35.6871691],[139.695716,35.6871441],[139.6954624,35.6870407],[139.695376,35.6870029],[139.6949839,35.6868313],[139.694759,35.6867175],[139.6946073,35.6866425],[139.6942699,35.6864168],[139.6941691,35.6863478],[139.6934285,35.6858101],[139.6929543,35.685449],[139.6926105,35.6852017],[139.6923676,35.6850173],[139.6919761,35.6847312],[139.6914265,35.684333],[139.6913119,35.6842512],[139.6910216,35.6840761],[139.6908673,35.6839831],[139.6907856,35.683934],[139.6898722,35.6833559],[139.6888314,35.6826234],[139.6884919,35.6824028],[139.6883256,35.6822951],[139.6874409,35.6817221],[139.685819,35.6834756],[139.6859299,35.6835418],[139.6859372,35.6836101],[139.6857046,35.6840855],[139.6856943,35.6841018],[139.6856589,35.6841574],[139.6854939,35.6845429],[139.685428,35.6845877],[139.6852493,35.6848992],[139.6849771,35.6853901],[139.6848811,35.685573],[139.684825,35.6857393],[139.684773,35.6858593],[139.6847222,35.686157],[139.6846841,35.6863337],[139.6850728,35.6864038],[139.6855896,35.6864415],[139.6856258,35.6864933],[139.6855031,35.6871819],[139.6855219,35.6872144],[139.6855684,35.6872415],[139.6857965,35.687309],[139.6858158,35.6873302],[139.6858158,35.6873606],[139.6857502,35.6876421],[139.6857389,35.6877652],[139.6845172,35.6875404],[139.6840322,35.687429],[139.6839125,35.6875335],[139.6837624,35.6876761],[139.6837047,35.6877356],[139.6835225,35.6878989],[139.6834295,35.6879942],[139.6834321,35.6881361],[139.6833205,35.6883276],[139.6833227,35.688482],[139.6831576,35.6886289],[139.6833095,35.6889647],[139.6833385,35.68903],[139.6833739,35.6890687],[139.6832869,35.6890791],[139.683306,35.6891851],[139.6833778,35.6891782],[139.6834523,35.689423],[139.6838606,35.6896052],[139.6836974,35.6898604],[139.6837457,35.6899705],[139.6838589,35.6900222],[139.683962,35.6900532],[139.6840697,35.69021],[139.6842257,35.6904272],[139.6843263,35.6905289],[139.6843672,35.690519],[139.6844393,35.6906929],[139.6846693,35.6909952],[139.6847741,35.6911551],[139.6848074,35.6912271],[139.6848495,35.6913539],[139.6848679,35.6914403],[139.6845157,35.691631],[139.6842244,35.6918052],[139.6844495,35.6919944],[139.6844808,35.6920261],[139.6844896,35.6920859],[139.6844768,35.6921567],[139.6842212,35.6921396],[139.6839439,35.6921088],[139.6837409,35.6921123],[139.6836195,35.6921153],[139.6835241,35.6921005],[139.6834387,35.6920644],[139.6833744,35.6920183],[139.6833575,35.6920045],[139.6831196,35.6917455],[139.6830962,35.6917242],[139.6830646,35.6916959],[139.6830277,35.6916456],[139.6828916,35.691532],[139.6827964,35.6914614],[139.6827128,35.691367],[139.6826223,35.6912978],[139.6826164,35.6912937],[139.6821422,35.6909637],[139.6819582,35.6908394],[139.6814264,35.6904983],[139.6811572,35.6902968],[139.6808805,35.6900823],[139.68076,35.6899966],[139.6804937,35.689776],[139.680372,35.6896842],[139.6802139,35.6895223],[139.680165,35.6894753],[139.6800889,35.6893987],[139.6800577,35.6893328],[139.6799881,35.6892076],[139.6798798,35.6890732],[139.6797558,35.6889272],[139.6796491,35.6888811],[139.6795473,35.6887557],[139.6794657,35.6886593],[139.6794052,35.6885938],[139.679238,35.6884238],[139.6791991,35.6883924],[139.6790405,35.6882653],[139.6789195,35.6881537],[139.6784847,35.6878017],[139.6785209,35.6877228],[139.677978,35.6875542],[139.6779993,35.6875063],[139.6780081,35.6874835],[139.6779455,35.6874402],[139.6778187,35.6873466],[139.6775391,35.6871285],[139.6773755,35.6869916],[139.6773102,35.6869217],[139.6769971,35.6867132],[139.676835,35.6866198],[139.6766894,35.686491],[139.6765211,35.6863517],[139.6763124,35.6862033],[139.6761878,35.6860818],[139.6758832,35.6857859],[139.6757964,35.6856651],[139.6755857,35.6853096],[139.6755702,35.6852865],[139.6755576,35.685262],[139.675273,35.6848565],[139.6752381,35.6847561],[139.6752339,35.6847457],[139.6752374,35.6846772],[139.6748689,35.6845077],[139.6749272,35.6844259],[139.6746327,35.6841602],[139.6746151,35.6841378],[139.674314,35.683776],[139.6741976,35.6836458],[139.674101,35.6835781],[139.6738475,35.6835023],[139.6734601,35.6832865],[139.6734247,35.6832657],[139.6733884,35.6832918],[139.6731463,35.6831071],[139.6728869,35.6829024],[139.6727933,35.6828155],[139.6723897,35.6825053],[139.6722495,35.6823659],[139.6718878,35.6820783],[139.6717137,35.6819461],[139.6717172,35.6818469],[139.6715857,35.6817114],[139.671477,35.6815818],[139.6714132,35.6815067],[139.671181,35.6814059],[139.6710336,35.6813351],[139.6709979,35.6813045],[139.6707541,35.6811894],[139.6703834,35.6810627],[139.6701534,35.6809821],[139.6700775,35.6809498],[139.6697899,35.6808261],[139.6696645,35.6807809],[139.6695717,35.6807473],[139.6692572,35.6806861],[139.669012,35.680608],[139.6689135,35.6805705],[139.668546,35.68032],[139.6683288,35.6802996],[139.6682302,35.6803992],[139.6680747,35.6803096],[139.6679655,35.6802281],[139.667782,35.6800912],[139.6676106,35.6799958],[139.667452,35.6799205],[139.6675677,35.6797738],[139.6671214,35.6793706],[139.6665588,35.6788601],[139.6665409,35.6788462],[139.6663918,35.6787221],[139.6662339,35.6784173],[139.6661594,35.6783445],[139.6660241,35.6782315],[139.6657794,35.6777713],[139.6656434,35.6774617],[139.6654107,35.6771936],[139.6653574,35.6771364],[139.6653138,35.6770651],[139.6650948,35.6769342],[139.6649721,35.6768991],[139.6647111,35.676825],[139.6645848,35.6767698],[139.6645477,35.6767539],[139.6642344,35.6766272],[139.6640269,35.6765608],[139.6639653,35.6765326],[139.66385,35.6764762],[139.6637331,35.6764136],[139.6634928,35.6762851],[139.6634195,35.6762478],[139.6632928,35.6762055],[139.6631825,35.6761694],[139.6630313,35.6761187],[139.662847,35.676039],[139.6626927,35.6759773],[139.6625097,35.6759072],[139.6623341,35.675838],[139.6621912,35.6757845],[139.6618822,35.6756728],[139.6618589,35.675614],[139.6618246,35.6755919],[139.6617927,35.6755677],[139.6617849,35.675539],[139.6617867,35.6754641],[139.6618277,35.6753252],[139.6618025,35.6752729],[139.6617704,35.675213],[139.6617527,35.6751843],[139.6617348,35.6751685],[139.6616818,35.674964],[139.6615957,35.6748178],[139.6613778,35.6746041],[139.6613861,35.6745616],[139.6614095,35.6745306],[139.6614035,35.6744877],[139.6614369,35.6744447],[139.6615103,35.674371],[139.661673,35.6742153],[139.6616865,35.6741146],[139.6617136,35.6739855],[139.6617562,35.6738311],[139.6618185,35.6736651],[139.661811,35.6736601],[139.6617805,35.6735899],[139.6617396,35.673491],[139.6617086,35.6734523],[139.6616541,35.6733813],[139.6615783,35.6732816],[139.6615317,35.6732055],[139.6614678,35.6730699],[139.6615254,35.6728909],[139.6615191,35.6727799],[139.661495,35.6723936],[139.6614929,35.672328],[139.6614879,35.6722054],[139.6614744,35.6720672],[139.6614729,35.6719299],[139.6615497,35.6716932],[139.6616107,35.671562],[139.661787,35.6715494],[139.6619892,35.6715244],[139.6621131,35.6715155],[139.6625084,35.6714885],[139.6628706,35.6714553],[139.6631641,35.6714264],[139.6634035,35.6714232],[139.6638233,35.6714219],[139.6641031,35.6714219],[139.6643124,35.6714401],[139.6648627,35.671494],[139.6657213,35.6715632],[139.6660632,35.6715852],[139.6661059,35.6715879],[139.6665569,35.6715978],[139.6668057,35.6716029],[139.667053,35.6716041],[139.6671931,35.6716052],[139.6679451,35.6716853],[139.6681227,35.6716955],[139.6682736,35.6716691],[139.6685007,35.6717323],[139.6685728,35.6717665],[139.6688636,35.6715299],[139.6689262,35.6716041],[139.6689782,35.6716254],[139.6692156,35.6716709],[139.6698483,35.6716894],[139.6700374,35.6717016],[139.6701274,35.6717077],[139.6702397,35.6717347],[139.6706139,35.6718104],[139.6708058,35.6718313],[139.6710616,35.6718686],[139.6714536,35.67192],[139.6716527,35.6719488],[139.671774,35.6719673],[139.6718783,35.6719853],[139.6723605,35.6720713],[139.6723832,35.6721985],[139.6728014,35.6722112],[139.6728208,35.6722056],[139.6727532,35.6720446],[139.6727046,35.6719235],[139.6726392,35.6717664],[139.6726199,35.6716956],[139.6726008,35.6715692],[139.672571,35.6713148],[139.6725427,35.6711128],[139.6725376,35.670974],[139.6725272,35.6707413],[139.6725166,35.670483],[139.6725127,35.6703223],[139.6724851,35.6700184],[139.6724688,35.6698081],[139.6725158,35.66967],[139.6726046,35.6694106],[139.6727273,35.6690309],[139.6728132,35.668711],[139.6728258,35.6686316],[139.6728513,35.6684942],[139.672872,35.6683826],[139.672898,35.6682468],[139.6729189,35.6681602],[139.6729626,35.6679817],[139.6729847,35.6678878],[139.6729923,35.6678552],[139.6729991,35.6678304],[139.6730217,35.66773],[139.6730486,35.6676153],[139.6731097,35.6673254],[139.6731243,35.6672665],[139.6731562,35.6671382],[139.6731854,35.6670311],[139.673212,35.6669676],[139.6732696,35.6668443],[139.6733061,35.6667492],[139.6734106,35.6665469],[139.673579,35.6661573],[139.6736818,35.6659186],[139.6737276,35.6658271],[139.6737462,35.6657845],[139.6737561,35.6657619],[139.6737822,35.6657135],[139.6738026,35.6656755],[139.6738129,35.6656564],[139.6739154,35.6654521],[139.6739621,35.6653706],[139.6740891,35.6651468],[139.6742559,35.6648561],[139.6743823,35.6646433],[139.6744294,35.6645678],[139.6745292,35.664433],[139.6746203,35.6643225],[139.6747128,35.6642418],[139.6747453,35.6642185],[139.6747948,35.6641858],[139.6748673,35.6641601],[139.6749535,35.6641147],[139.6749993,35.664091],[139.6750266,35.6640768],[139.6751309,35.6640361],[139.6753449,35.6640343],[139.6756606,35.6640346],[139.6766619,35.6640848],[139.6773062,35.6641208],[139.6776963,35.6641392],[139.6777677,35.6641388],[139.6784399,35.6641032],[139.6787791,35.6640846],[139.6792251,35.6640617],[139.679501,35.6640465],[139.6796999,35.6640279],[139.6804222,35.6638666],[139.6806405,35.6638095],[139.6808762,35.6637215],[139.6813044,35.6635338],[139.6819532,35.6632646],[139.6822095,35.6631582],[139.682411,35.6630975],[139.6825436,35.6630729],[139.6826588,35.663063],[139.6827568,35.6630546],[139.6828305,35.6630495],[139.6832523,35.6630828],[139.6834463,35.6630942],[139.6836644,35.6631213],[139.6837803,35.6631289],[139.6840277,35.6630946],[139.684133,35.6630417],[139.6842383,35.6630093],[139.6843881,35.6629608],[139.6844479,35.6629431],[139.6845598,35.6629065],[139.6847939,35.6628387],[139.6850485,35.6627542],[139.6852914,35.6626813],[139.6854884,35.6626112],[139.6856647,35.6625564],[139.6858032,35.6625129],[139.6857245,35.6622997],[139.6862813,35.6621431],[139.6864538,35.6620904],[139.6865709,35.6620546],[139.6866996,35.6620067],[139.6868954,35.661905],[139.68702,35.661809],[139.687137,35.6616684],[139.6872685,35.6616705],[139.6873614,35.661611],[139.6874674,35.6615015],[139.687608,35.661269],[139.687717,35.661206],[139.6879503,35.6610711],[139.6880563,35.6608843],[139.6881242,35.6607431],[139.6881941,35.6605871],[139.6883766,35.6601676],[139.6881682,35.6600535],[139.6882595,35.6599447],[139.688405,35.6598564],[139.6885109,35.6596708],[139.6885833,35.6595321],[139.6887032,35.6593697],[139.6887704,35.6592273],[139.6888681,35.6590191],[139.68892,35.658913],[139.6889962,35.6588017],[139.689035,35.6587574],[139.68916,35.6586086],[139.6892649,35.6584703],[139.6893074,35.6584317],[139.689353,35.6584167],[139.6894102,35.6584046],[139.6894402,35.6584351],[139.6895826,35.6583202],[139.6896546,35.6582488],[139.689839,35.6580292],[139.6899378,35.6579125],[139.6900333,35.6577988],[139.6901404,35.6576678],[139.6903502,35.6573646],[139.6905134,35.6571487],[139.6905751,35.6570546],[139.6906413,35.6569431],[139.6907237,35.6568278],[139.690856,35.6566882],[139.6909909,35.6565459],[139.6913542,35.656153],[139.6914953,35.6560021],[139.6915783,35.6558627],[139.6916708,35.6557186],[139.6917936,35.6555679],[139.6918382,35.6555136],[139.6918738,35.6555096],[139.6919695,35.6553858],[139.6920473,35.6554287],[139.6923881,35.6551346],[139.6925471,35.6549205],[139.6927324,35.6547109],[139.6931204,35.6542284],[139.6932703,35.6540384],[139.6934089,35.6538569],[139.693497,35.6537601],[139.6935448,35.6537178],[139.6936015,35.6536619],[139.6937663,35.6535195],[139.69395,35.653353],[139.694068,35.6532441],[139.6944972,35.6528513],[139.6946991,35.6526747],[139.6951171,35.6522955],[139.6954624,35.6519859],[139.6957168,35.6517668],[139.6954957,35.6515906],[139.695644,35.651414],[139.6958284,35.6512242],[139.6961483,35.6509478],[139.6961084,35.6508708],[139.6960889,35.6508439],[139.6966473,35.6507498],[139.6968593,35.6507166],[139.6968902,35.6507118],[139.6971156,35.6505128],[139.6974209,35.6502357],[139.697768,35.6499219],[139.6982857,35.6494633],[139.6983677,35.6493906],[139.6988543,35.6490401],[139.6991555,35.6488443],[139.6989035,35.6485685],[139.6993433,35.6483074],[139.6993911,35.6483945],[139.6998467,35.6481481],[139.6995383,35.6478454],[139.6996716,35.6477549],[139.6998015,35.6476669],[139.6999321,35.6475891],[139.7002722,35.647623],[139.7002501,35.6473259],[139.7003492,35.6472942],[139.7004109,35.6472612],[139.7006299,35.6471682],[139.7009726,35.6470885],[139.7011663,35.6470457],[139.701371,35.6470348],[139.701531,35.646916],[139.701724,35.6468462],[139.7018654,35.646779],[139.7019558,35.646732],[139.7020766,35.6465257],[139.7022061,35.6463478],[139.7023271,35.6463777],[139.7023774,35.6463105],[139.7024972,35.6462876],[139.7025349,35.6462761],[139.7027161,35.6461505],[139.702936,35.6459977],[139.7031128,35.6458624],[139.703453,35.6455939],[139.7035846,35.6454863],[139.7038946,35.6452399],[139.7041783,35.6450519],[139.7042327,35.6450191],[139.7043002,35.644996],[139.7043667,35.6450041],[139.7043756,35.6449622],[139.7045575,35.6448519],[139.7049306,35.6446226],[139.7052549,35.6444243],[139.7053296,35.6443354],[139.7055219,35.644225],[139.7060285,35.6439507],[139.7061914,35.644114],[139.7064435,35.6440423],[139.7065017,35.6438252],[139.7065648,35.6436257],[139.7065188,35.6434361],[139.7072266,35.6429717],[139.7074944,35.642938],[139.7075764,35.6428808],[139.7076995,35.6427961],[139.7083782,35.6423341],[139.7087905,35.642109],[139.709015,35.6420115],[139.7098311,35.6417507],[139.7101151,35.641636],[139.7101839,35.6415937],[139.7102192,35.6415696],[139.710262,35.6415008],[139.7104498,35.6416711],[139.7103986,35.6417624],[139.7104782,35.6420297],[139.710528,35.6420112],[139.7108461,35.6420685],[139.7110369,35.6421076],[139.7112053,35.6421265],[139.7114593,35.6422195],[139.7116211,35.6422499],[139.7119227,35.6423165],[139.7121579,35.642338],[139.7123222,35.6423356],[139.7123558,35.6423548],[139.7123847,35.6423637],[139.7125007,35.6423548],[139.7128248,35.6422312],[139.7135366,35.6416563],[139.7141443,35.6421439],[139.714649,35.6420785],[139.7150809,35.6420368],[139.7151821,35.6422227],[139.7152379,35.6423634],[139.7152825,35.6424762],[139.715291,35.6425177],[139.7153275,35.6426707],[139.7153444,35.6429487],[139.7153366,35.6430609],[139.7153975,35.6430546],[139.7155221,35.6430417],[139.7155663,35.6430018],[139.7156041,35.6429325],[139.7156227,35.6427699],[139.7156658,35.6426613],[139.7157355,35.6425552],[139.7159601,35.6423307],[139.7162298,35.6421166],[139.7163188,35.6420813],[139.7164365,35.6419623],[139.716493,35.6419183],[139.7165849,35.6418625],[139.7167479,35.6417321],[139.7168228,35.6417221],[139.7170031,35.6417104],[139.71708,35.6416827],[139.7172018,35.6416295],[139.717267,35.6415909],[139.7173089,35.6415601],[139.7177496,35.6415768],[139.717865,35.6415807],[139.7181419,35.6415806],[139.7187421,35.6415846],[139.7189049,35.6415921],[139.7189657,35.6415938],[139.7190916,35.641547],[139.7192308,35.6414984],[139.7192513,35.6414928],[139.7192845,35.641485],[139.7192285,35.641624],[139.7195936,35.6418412],[139.7197425,35.6419411],[139.7199004,35.6420526],[139.7201193,35.6422384],[139.7202359,35.6423507],[139.7203893,35.6425169],[139.7204881,35.6426313],[139.7207104,35.6428887],[139.7208898,35.6431183],[139.7209673,35.6432144],[139.7213835,35.6437286],[139.7210595,35.6438263],[139.7209238,35.643868],[139.7209743,35.6441336],[139.7211528,35.6442297],[139.7212425,35.6442782],[139.7213319,35.6443406],[139.7215062,35.6444514],[139.7215271,35.6444631],[139.7217093,35.644407],[139.7217156,35.6444051],[139.7217441,35.6444528],[139.7219803,35.6443643],[139.7220042,35.6443552],[139.7220503,35.644351],[139.7221697,35.6443733],[139.7222505,35.6443636],[139.7223834,35.644419],[139.7223553,35.6444626],[139.7225275,35.6445482],[139.7225796,35.6445658],[139.7227301,35.6446434],[139.7227061,35.6446971],[139.7227096,35.6447108],[139.7227147,35.6447582],[139.7227275,35.6448524],[139.7227126,35.644859],[139.7227252,35.6449088],[139.7227489,35.6449068],[139.7227543,35.6449414],[139.7228592,35.6449326],[139.7229309,35.6450651],[139.7229627,35.6451817],[139.722983,35.6453071],[139.7228085,35.6455391],[139.7228821,35.6455813],[139.7230358,35.6454421],[139.723147,35.6454949],[139.7231697,35.6458072],[139.7230818,35.6458367],[139.7231597,35.6460057],[139.7232766,35.6461213],[139.7239259,35.6467294],[139.7238873,35.6467549],[139.7237717,35.6468318],[139.7236409,35.646922],[139.7234559,35.6470543],[139.7233605,35.6471226],[139.7232524,35.6472252],[139.7231974,35.6473163],[139.7231789,35.6473763],[139.7231314,35.6473936],[139.7231167,35.6473928],[139.723073,35.6473913],[139.7230556,35.6478385],[139.7228437,35.6478479],[139.7228163,35.6481974],[139.7228053,35.6483539],[139.7227555,35.6487421],[139.7225767,35.6495424],[139.7224472,35.6501166],[139.7223368,35.6506222],[139.722311,35.6507423]]]}},{"type":"Feature","properties":{"name":"豊島区","name:en":"Toshima"},"geometry":{"type":"Polygon","coordinates":[[[139.7364211,35.7305165],[139.7365441,35.7305684],[139.7366765,35.7306245],[139.7369567,35.7307569],[139.7370662,35.7308071],[139.7372482,35.7308859],[139.7375684,35.7310302],[139.7377149,35.7311418],[139.7379215,35.7312961],[139.7381687,35.7314771],[139.7384096,35.7316631],[139.7386211,35.7318267],[139.7386499,35.7318771],[139.738802,35.7319846],[139.7389518,35.7318418],[139.7390923,35.7317112],[139.7391585,35.7316486],[139.7391998,35.7316855],[139.7392598,35.7316337],[139.739414,35.7315026],[139.7395423,35.7313943],[139.7397172,35.7312455],[139.7399946,35.7310094],[139.740347,35.7306443],[139.7404271,35.7305629],[139.7406518,35.730335],[139.7407642,35.7302207],[139.74082,35.7302532],[139.741,35.73036],[139.7411031,35.7304225],[139.7413841,35.7305744],[139.7416181,35.7307023],[139.7416971,35.730747],[139.7412741,35.7311556],[139.741363,35.731221],[139.7414563,35.731292],[139.7415609,35.7313612],[139.7417447,35.7314866],[139.7420525,35.7317058],[139.742233,35.7318336],[139.7425872,35.7320864],[139.7428918,35.7323069],[139.7433093,35.7326097],[139.7434286,35.7326968],[139.7433292,35.7327848],[139.7431854,35.7329163],[139.7433632,35.7330376],[139.7432715,35.7331198],[139.7432716,35.7331591],[139.7431398,35.7332484],[139.7430621,35.7332629],[139.7429524,35.7333443],[139.7428854,35.7333478],[139.7426827,35.7334947],[139.7425721,35.7333979],[139.7423231,35.7335579],[139.7430429,35.7347149],[139.7433313,35.7346139],[139.7433972,35.7346813],[139.7435893,35.7348791],[139.7441075,35.7350888],[139.7444448,35.7355321],[139.7452514,35.7358052],[139.745292,35.7359098],[139.7456953,35.7357366],[139.7460525,35.7355562],[139.7462308,35.7354698],[139.746672,35.7352563],[139.7468647,35.7351623],[139.7469415,35.7352094],[139.7472426,35.7353575],[139.7473716,35.735152],[139.747469,35.735193],[139.7475104,35.7351289],[139.7476127,35.735172],[139.7477708,35.7349142],[139.7476929,35.7348775],[139.7477477,35.7347851],[139.7477738,35.7347942],[139.7478319,35.7347155],[139.7477105,35.7346575],[139.7476787,35.7347012],[139.7474432,35.7345976],[139.747843,35.7340404],[139.7482421,35.7334866],[139.7484803,35.7337511],[139.748574,35.7336244],[139.7486272,35.7336483],[139.7486979,35.7335603],[139.7487752,35.7334508],[139.7489311,35.7335303],[139.7490385,35.7333986],[139.7485554,35.733076],[139.7485933,35.7330344],[139.7487538,35.7331348],[139.74888,35.7329867],[139.749054,35.7330779],[139.7491482,35.7329716],[139.7489383,35.7328566],[139.7489529,35.7328321],[139.7491801,35.7329534],[139.7492575,35.7328575],[139.7494113,35.732937],[139.7493977,35.7329557],[139.7494311,35.7329743],[139.7495504,35.7330421],[139.7495178,35.7330814],[139.7496712,35.7331625],[139.7496386,35.7332064],[139.7497701,35.73327],[139.7498298,35.7332003],[139.7498759,35.7332276],[139.7499364,35.7332594],[139.7498897,35.7333131],[139.7499737,35.7333631],[139.7500203,35.7333169],[139.750302,35.7334781],[139.7501991,35.7335607],[139.7504311,35.7337553],[139.7505318,35.7338388],[139.7506244,35.7339454],[139.7506043,35.7340991],[139.7504768,35.7340963],[139.7501863,35.7342388],[139.7503093,35.7342644],[139.7503047,35.7343771],[139.7509113,35.7344308],[139.7508943,35.7346694],[139.7513828,35.7348063],[139.7514563,35.7347736],[139.7515126,35.7347441],[139.7516557,35.7348873],[139.7517204,35.7349589],[139.7519329,35.7350322],[139.7520317,35.7350664],[139.7521463,35.735097],[139.7522006,35.7351287],[139.7525896,35.7352477],[139.7524729,35.7354039],[139.7523998,35.7353515],[139.7522937,35.7354369],[139.7522189,35.7354949],[139.7522048,35.7354804],[139.7521147,35.7353878],[139.7515797,35.7357388],[139.7515465,35.7357067],[139.7514584,35.7357644],[139.7513638,35.7356751],[139.7512363,35.7357607],[139.7511679,35.7358014],[139.7510751,35.7358499],[139.7505332,35.7361074],[139.7503292,35.73622],[139.75005,35.7363752],[139.7498777,35.7364711],[139.7497075,35.7365822],[139.7495226,35.7367835],[139.7493758,35.7370142],[139.7492832,35.7371779],[139.7492549,35.7372166],[139.7492356,35.737243],[139.7491886,35.7373559],[139.7491384,35.7374978],[139.749124,35.7375377],[139.7490607,35.7376465],[139.7489483,35.7378503],[139.7488118,35.7380982],[139.7486468,35.7383855],[139.7485153,35.7386124],[139.7484512,35.7387498],[139.7484301,35.738836],[139.7484299,35.7388546],[139.748375,35.7388728],[139.748334,35.7388965],[139.7481758,35.7390066],[139.7479603,35.739159],[139.7478849,35.7392077],[139.7477521,35.7392935],[139.747602,35.7393853],[139.7472701,35.7395786],[139.747039,35.7397174],[139.746821,35.7398504],[139.7467795,35.7398863],[139.7465086,35.7392062],[139.7463254,35.7387657],[139.7462122,35.7387899],[139.7459669,35.7388202],[139.7460521,35.7391185],[139.7459113,35.7391962],[139.7451468,35.7392461],[139.7448601,35.739237],[139.7445405,35.739194],[139.7445516,35.7389925],[139.744413,35.7388589],[139.7441747,35.738937],[139.7441605,35.7388774],[139.7440661,35.7388943],[139.7441008,35.7391676],[139.7441415,35.7393803],[139.7441723,35.7396262],[139.744129,35.7396681],[139.7441511,35.7397742],[139.7441691,35.739915],[139.7441383,35.7399194],[139.7441553,35.7400141],[139.7441674,35.7400724],[139.7442017,35.7401791],[139.7441887,35.7403319],[139.7442744,35.7406262],[139.7445351,35.7406101],[139.7446707,35.740804],[139.7442571,35.7409196],[139.744214,35.7409317],[139.7442693,35.7411056],[139.7441429,35.7411503],[139.743865,35.7412486],[139.7437217,35.7412788],[139.7432155,35.7413922],[139.7429003,35.7414562],[139.7426353,35.7415638],[139.7425977,35.741579],[139.7423602,35.7417183],[139.742072,35.7418873],[139.7418544,35.7420344],[139.7416058,35.742153],[139.7415141,35.7421915],[139.7411472,35.7423323],[139.7410863,35.7423075],[139.7408506,35.7422114],[139.7404407,35.7420396],[139.7402762,35.7419775],[139.7395946,35.7417479],[139.7393056,35.7416579],[139.7392153,35.74162],[139.7389437,35.7415001],[139.7386281,35.7414001],[139.7383591,35.7413312],[139.7382855,35.7413365],[139.7380357,35.7412648],[139.7375541,35.7411355],[139.7370636,35.7409861],[139.7368607,35.7409376],[139.7366611,35.7408898],[139.7362822,35.7407713],[139.7357521,35.7406106],[139.7354736,35.740534],[139.7351884,35.7407025],[139.7351472,35.7407014],[139.7350817,35.7406466],[139.7350525,35.7406329],[139.7350414,35.7406348],[139.7347792,35.7408459],[139.7346249,35.7409775],[139.7345889,35.7410317],[139.7344644,35.7413182],[139.7343446,35.7415579],[139.7342195,35.741675],[139.7340602,35.7418078],[139.7337816,35.7420166],[139.733579,35.742175],[139.7335104,35.7422429],[139.7333554,35.7424263],[139.7331933,35.7426178],[139.7331368,35.7426759],[139.732934,35.7428806],[139.7327422,35.7429883],[139.7326122,35.7430646],[139.7324902,35.7431151],[139.7323716,35.7431485],[139.7322483,35.7431708],[139.7322009,35.7431788],[139.7321711,35.7431838],[139.7319642,35.7432165],[139.7321857,35.7435121],[139.7323551,35.743738],[139.7323688,35.7439866],[139.7323865,35.7441167],[139.7323856,35.744211],[139.7326044,35.7442162],[139.7326542,35.7442795],[139.7328155,35.7444814],[139.7329347,35.7446327],[139.7328745,35.7448418],[139.7328372,35.7449805],[139.7321151,35.7450374],[139.7318425,35.7450612],[139.7315286,35.7450977],[139.7313945,35.7451037],[139.7308665,35.7450485],[139.7306728,35.7450271],[139.7304398,35.7449971],[139.7301191,35.7450117],[139.7297749,35.7450025],[139.7293703,35.7449863],[139.7291592,35.7449762],[139.7291076,35.7449783],[139.7287849,35.7449914],[139.7285312,35.7450553],[139.7278781,35.7451154],[139.7277287,35.7444807],[139.7276518,35.7441623],[139.7276173,35.7440456],[139.7274777,35.7437303],[139.7273915,35.7436475],[139.7273038,35.7435496],[139.7271452,35.7433264],[139.7268749,35.7429665],[139.7265571,35.7425029],[139.7263796,35.7422634],[139.7263398,35.7422086],[139.726238,35.7420783],[139.7262102,35.7420506],[139.7261284,35.7419747],[139.7256155,35.7415177],[139.7250116,35.7409901],[139.7245863,35.7406284],[139.7247156,35.7404971],[139.7247942,35.7403956],[139.7248726,35.7402607],[139.7249415,35.740135],[139.7250883,35.7401997],[139.7251795,35.7401908],[139.7252156,35.7401882],[139.7252946,35.7402068],[139.7254207,35.740226],[139.7254967,35.7401871],[139.7256144,35.740115],[139.7256246,35.7400711],[139.7256331,35.7400221],[139.725656,35.7399679],[139.7256774,35.7399137],[139.7256902,35.7398524],[139.7255971,35.7396656],[139.7251697,35.7398798],[139.7251253,35.7399136],[139.725079,35.739967],[139.7249999,35.74006],[139.7246273,35.739609],[139.7242781,35.7396315],[139.7240399,35.7396438],[139.7240008,35.7397342],[139.7238661,35.7399141],[139.7238406,35.7399575],[139.7238127,35.7400048],[139.7237349,35.7401087],[139.7235255,35.740411],[139.7234835,35.7404494],[139.7232792,35.7406413],[139.7231078,35.7407686],[139.722901,35.7409069],[139.7227857,35.740967],[139.7224566,35.7411385],[139.7219153,35.7414095],[139.7218145,35.7414592],[139.7216234,35.7415102],[139.7209767,35.741656],[139.720313,35.7417916],[139.7202533,35.7418273],[139.7201143,35.7419509],[139.7200443,35.7420472],[139.720006,35.7421036],[139.719973,35.7422059],[139.7199902,35.7426752],[139.720014,35.7430584],[139.7200017,35.7431842],[139.7199837,35.7432837],[139.7199222,35.7434708],[139.7197228,35.7439929],[139.7196069,35.7443651],[139.7195992,35.744528],[139.7196051,35.7446846],[139.7196823,35.7449652],[139.7197735,35.7451252],[139.719632,35.7451751],[139.7196057,35.7451829],[139.7191959,35.7452929],[139.7191624,35.7453019],[139.7190917,35.745345],[139.7190159,35.7454133],[139.7189738,35.7454335],[139.7188901,35.7454576],[139.7175605,35.7454804],[139.7172174,35.7455193],[139.7169292,35.7455506],[139.7161019,35.7456462],[139.7147789,35.7459875],[139.7145837,35.7457737],[139.7146196,35.7457537],[139.7144915,35.7454358],[139.7143703,35.7454574],[139.7138602,35.7454776],[139.7137262,35.7455402],[139.7135804,35.7455735],[139.7134416,35.7455837],[139.7132195,35.745617],[139.7127707,35.7456754],[139.7124463,35.7457241],[139.7121731,35.7457666],[139.7119471,35.7458004],[139.711643,35.7458552],[139.7112043,35.7459115],[139.7110693,35.7459244],[139.7109929,35.7459254],[139.7105644,35.7459812],[139.7104672,35.7459843],[139.7104139,35.7459771],[139.7103643,35.7459704],[139.7102255,35.7459257],[139.7101101,35.7458491],[139.7100091,35.7457376],[139.7099762,35.7456699],[139.7098181,35.7454105],[139.7095591,35.7450085],[139.709526,35.7449625],[139.7095134,35.744945],[139.7094873,35.7449087],[139.7092084,35.744565],[139.7091604,35.7445059],[139.7090377,35.7443422],[139.7089674,35.74418],[139.7089432,35.7439946],[139.7089169,35.74395],[139.7089015,35.7437165],[139.7089309,35.7436241],[139.7089265,35.7435332],[139.7089133,35.7434717],[139.7089079,35.7433906],[139.7089441,35.7432747],[139.7089112,35.7431865],[139.7087398,35.7427912],[139.7085382,35.742346],[139.7083724,35.7420551],[139.7081058,35.7417604],[139.7075451,35.7411508],[139.7073638,35.7409715],[139.7072582,35.7408671],[139.7071359,35.740748],[139.7070113,35.7406244],[139.7069017,35.7405145],[139.7067401,35.7403519],[139.7066788,35.7402901],[139.7065566,35.7401604],[139.7064191,35.740013],[139.7063516,35.7399408],[139.7061561,35.7397477],[139.7060113,35.7396046],[139.7058474,35.7394427],[139.7056714,35.7392686],[139.7053951,35.7389983],[139.7051571,35.7387619],[139.7050895,35.7386954],[139.7050568,35.7386626],[139.7049635,35.7385576],[139.7048478,35.7384313],[139.7045952,35.738147],[139.7045415,35.7380885],[139.7040617,35.7375715],[139.7039643,35.7374669],[139.7039199,35.73737],[139.7039053,35.7372997],[139.7038583,35.7370515],[139.7035818,35.7357828],[139.7035816,35.735779],[139.7033199,35.735835],[139.7031548,35.7358706],[139.7026675,35.7359747],[139.702184,35.7360796],[139.7019917,35.7361222],[139.7018931,35.7362001],[139.701909,35.7363184],[139.7019063,35.7364802],[139.7019015,35.7364951],[139.7018673,35.7366006],[139.7017481,35.7370069],[139.7017246,35.7370927],[139.7017142,35.737132],[139.7021004,35.737258],[139.702076,35.7373106],[139.7018837,35.7377112],[139.7018071,35.7378694],[139.7016292,35.738228],[139.7015144,35.7384658],[139.7014069,35.7387015],[139.7012511,35.7390485],[139.7010673,35.7394311],[139.7009835,35.7396056],[139.7008382,35.7399149],[139.7007773,35.7400496],[139.7007046,35.7400412],[139.7002035,35.7399791],[139.7000095,35.7399559],[139.699395,35.739913],[139.6991441,35.7398937],[139.6990658,35.7398877],[139.6990374,35.7400755],[139.6989678,35.7405284],[139.6989307,35.7407831],[139.6988765,35.7411543],[139.6988387,35.74141],[139.6987506,35.7419594],[139.6986956,35.7423007],[139.6981734,35.742278],[139.6976231,35.7422542],[139.6971723,35.7422351],[139.6965823,35.742209],[139.6959811,35.7421835],[139.6954657,35.7421608],[139.6950148,35.7421404],[139.6946888,35.7421221],[139.6946529,35.7421198],[139.6946385,35.7423212],[139.6946324,35.742529],[139.6946331,35.7427781],[139.6946317,35.7428991],[139.6946368,35.7429385],[139.6946533,35.7430674],[139.6943847,35.7430755],[139.694174,35.7430473],[139.6941064,35.7430376],[139.6941101,35.7429926],[139.694117,35.742908],[139.6937436,35.7428921],[139.6935437,35.7428998],[139.6934795,35.7428963],[139.6934871,35.7429239],[139.6931656,35.7430905],[139.6929952,35.7432202],[139.6927058,35.743478],[139.6925595,35.743401],[139.6925339,35.7434406],[139.692433,35.743317],[139.6919632,35.7429208],[139.6916296,35.7426445],[139.6911702,35.7423061],[139.6909073,35.7421182],[139.6902347,35.7416642],[139.6898496,35.7414072],[139.6897785,35.7413597],[139.6895287,35.7412083],[139.6893797,35.7411505],[139.6890135,35.7410105],[139.6887925,35.7409492],[139.6882956,35.7408078],[139.6882299,35.7407658],[139.6880728,35.7407282],[139.688039,35.7406723],[139.687672,35.7405934],[139.6875698,35.7405739],[139.6875254,35.7405622],[139.6870302,35.7403851],[139.6865695,35.7402345],[139.6863437,35.7401725],[139.6860496,35.740089],[139.6858211,35.7400232],[139.685695,35.7399952],[139.6854715,35.7399435],[139.6853486,35.7399116],[139.6851793,35.7398676],[139.6848445,35.7397662],[139.6840038,35.739478],[139.683721,35.7393795],[139.6834819,35.739302],[139.6832851,35.7392417],[139.6831119,35.7391962],[139.6828843,35.7391429],[139.6825984,35.7390669],[139.6824142,35.7390162],[139.6821364,35.7389457],[139.6820915,35.7389362],[139.6816925,35.7388682],[139.6814957,35.7388359],[139.6810828,35.7387542],[139.6810936,35.738714],[139.6809647,35.7386021],[139.6808294,35.7384733],[139.680733,35.7383664],[139.6807246,35.7383267],[139.6808073,35.7382585],[139.680882,35.7381971],[139.6810056,35.7380929],[139.6810892,35.7378711],[139.6811435,35.737726],[139.6808397,35.7376532],[139.6807841,35.7377904],[139.6807095,35.7377726],[139.6806655,35.7377463],[139.6806778,35.7376256],[139.6806374,35.7375462],[139.6806041,35.7375257],[139.6805911,35.7373478],[139.6805146,35.7372281],[139.6804567,35.7371297],[139.68041,35.737007],[139.6803517,35.7368311],[139.6804579,35.7367603],[139.680335,35.7366262],[139.6803042,35.7365931],[139.6802302,35.7364679],[139.6799933,35.736292],[139.6796856,35.7359808],[139.6795641,35.7358609],[139.6795271,35.7357832],[139.6794303,35.7357459],[139.6791054,35.7355563],[139.6790659,35.7355129],[139.6790387,35.7354639],[139.679026,35.7353712],[139.6790529,35.7352319],[139.6790761,35.7350787],[139.6790448,35.7349071],[139.6790389,35.7348763],[139.6789833,35.7348492],[139.6788835,35.7347769],[139.6788269,35.7347503],[139.6787111,35.7346688],[139.6785874,35.7345356],[139.6785552,35.7344676],[139.6785488,35.7344169],[139.6785681,35.7343359],[139.6786166,35.7342021],[139.6786534,35.7341463],[139.6787714,35.7340652],[139.6789302,35.7339312],[139.6789223,35.7339257],[139.678943,35.7338457],[139.6789559,35.7337854],[139.6791199,35.7336169],[139.6791567,35.7335577],[139.6792306,35.73331],[139.6792448,35.7332967],[139.679201,35.7332193],[139.6791039,35.7330477],[139.6791468,35.7328971],[139.6791638,35.7327618],[139.679119,35.7325976],[139.677649,35.7317724],[139.677886,35.7315356],[139.6781069,35.7313045],[139.6783692,35.7310337],[139.6781069,35.7307647],[139.6779903,35.7306204],[139.6779776,35.7306047],[139.6779284,35.7305463],[139.6778781,35.7304579],[139.6778585,35.7304234],[139.6777815,35.7302619],[139.6776878,35.7300202],[139.6775956,35.7297724],[139.6775357,35.7296135],[139.6775274,35.7295612],[139.6776569,35.7294985],[139.6780328,35.7292765],[139.6786994,35.7288914],[139.6791044,35.7286652],[139.6793661,35.7285155],[139.6793228,35.7284846],[139.6792852,35.7284511],[139.679266,35.7284424],[139.679407,35.7282301],[139.6799131,35.7279763],[139.6800934,35.7278834],[139.6804597,35.7276947],[139.6806287,35.7276062],[139.6806258,35.7276437],[139.6807143,35.7277559],[139.6810335,35.7275321],[139.6812115,35.7273923],[139.6813407,35.7272635],[139.6814181,35.7271791],[139.6814619,35.7271181],[139.6814813,35.726947],[139.6815337,35.7268754],[139.6816591,35.7266871],[139.68148,35.7266632],[139.6815322,35.7264395],[139.6817442,35.7264703],[139.6817707,35.726371],[139.6816448,35.7263428],[139.6817285,35.7260246],[139.6817311,35.7260147],[139.6818207,35.7255535],[139.6818199,35.7254899],[139.6818439,35.7254118],[139.6818641,35.7253625],[139.6819228,35.7252466],[139.6819192,35.7252329],[139.6819097,35.7251973],[139.6819068,35.7251227],[139.6819116,35.7250534],[139.6819386,35.7249517],[139.681977,35.7248691],[139.6820803,35.7247614],[139.6821013,35.724707],[139.6821987,35.7247146],[139.6822185,35.7247195],[139.6822895,35.7245555],[139.6819373,35.7245105],[139.6821955,35.7238877],[139.6825832,35.7240029],[139.6827121,35.7237485],[139.6828958,35.7237922],[139.6829884,35.723576],[139.6831703,35.7236071],[139.6832648,35.7236318],[139.6833825,35.7236511],[139.6836503,35.7236987],[139.6839124,35.7237336],[139.6842125,35.7237629],[139.6843335,35.7232752],[139.6843577,35.723129],[139.6843665,35.722983],[139.6843679,35.7228872],[139.6843949,35.7226885],[139.6846409,35.7227164],[139.6850596,35.7227548],[139.6856046,35.7228245],[139.6860625,35.7228791],[139.6860817,35.7228814],[139.6863301,35.7228833],[139.6866192,35.7228799],[139.6871086,35.7228631],[139.6876985,35.7228515],[139.6886721,35.7228353],[139.6892913,35.7228211],[139.6895334,35.7228151],[139.6895515,35.7228145],[139.6896761,35.7228106],[139.6900178,35.7227806],[139.6907559,35.7227042],[139.6910724,35.7226758],[139.6916805,35.7226161],[139.692223,35.7225621],[139.6924378,35.7225373],[139.6925988,35.7225189],[139.6932167,35.7224655],[139.6938288,35.7224212],[139.6939654,35.7224067],[139.6940469,35.7223917],[139.6941469,35.7223635],[139.6942548,35.7223185],[139.6946011,35.722186],[139.6946483,35.7222728],[139.6947044,35.7223933],[139.6952546,35.7222458],[139.6952242,35.7221481],[139.6953005,35.7221358],[139.6953068,35.7221515],[139.6955213,35.7221396],[139.6955195,35.7221159],[139.6957341,35.7221051],[139.6957351,35.7220781],[139.6958236,35.722078],[139.6958255,35.7221486],[139.6960499,35.722147],[139.6960489,35.7222583],[139.6964529,35.7222631],[139.6964561,35.722124],[139.6965933,35.7221243],[139.696593,35.7221808],[139.6969681,35.7221741],[139.6969672,35.7221473],[139.6973053,35.7221458],[139.697312,35.7221003],[139.6975371,35.7221098],[139.6977139,35.7221384],[139.6979717,35.7221918],[139.6979704,35.7221302],[139.6980619,35.7221496],[139.6981994,35.7221969],[139.6983915,35.7222854],[139.6985005,35.7223199],[139.6985364,35.7223312],[139.6986634,35.7223924],[139.6987791,35.7224973],[139.6989588,35.7225977],[139.698893,35.722708],[139.6989729,35.7227469],[139.6990364,35.7226479],[139.6991501,35.7226956],[139.6991371,35.7227244],[139.6991755,35.722739],[139.6993962,35.7227738],[139.6995097,35.7227852],[139.699523,35.7228247],[139.6995706,35.7229478],[139.6996708,35.7230779],[139.699733,35.7231771],[139.6998376,35.7233618],[139.6999097,35.7234956],[139.7001236,35.7234446],[139.7002374,35.7234256],[139.7003579,35.7234218],[139.7005418,35.7234311],[139.700898,35.7234518],[139.701665,35.7233912],[139.7023844,35.7233349],[139.7027345,35.7232781],[139.7028399,35.7232612],[139.7031491,35.7232115],[139.7036088,35.723125],[139.7038464,35.7230637],[139.704233,35.7229487],[139.7045788,35.722841],[139.704689,35.7227916],[139.7046431,35.7227192],[139.7046109,35.722689],[139.7045002,35.7225928],[139.7044387,35.7225066],[139.7043635,35.722386],[139.7043181,35.7223009],[139.7043045,35.7222158],[139.7044554,35.7222047],[139.7046938,35.7220197],[139.705032,35.7218004],[139.7050876,35.7217698],[139.7054655,35.7216215],[139.7058247,35.7214791],[139.7057326,35.7213509],[139.7055873,35.7212291],[139.7054136,35.721067],[139.7051179,35.7207991],[139.7050686,35.7208232],[139.7050184,35.7207924],[139.7049268,35.7208395],[139.7047205,35.7208565],[139.7047036,35.7206868],[139.7047958,35.7206763],[139.7048674,35.7205474],[139.7047059,35.7202702],[139.7045287,35.7201327],[139.7049017,35.7197769],[139.7050334,35.7194931],[139.7051056,35.7193085],[139.7051617,35.7191853],[139.705232,35.7190862],[139.705315,35.7189909],[139.7054506,35.7188774],[139.7055418,35.7188065],[139.7057707,35.7185699],[139.7054841,35.7177164],[139.7056769,35.7176794],[139.7056605,35.7174132],[139.705549,35.7172312],[139.7055492,35.7171631],[139.7056373,35.7169836],[139.7056504,35.7166613],[139.7055384,35.7166613],[139.7055387,35.7167452],[139.7053903,35.7167815],[139.7053114,35.7165568],[139.7054919,35.7165529],[139.7054826,35.7163327],[139.7054176,35.7163345],[139.7047469,35.7164672],[139.7046376,35.7161358],[139.7041864,35.7147668],[139.7043087,35.7147319],[139.704569,35.7146721],[139.7049988,35.7146867],[139.7052837,35.7146447],[139.7053968,35.7145447],[139.7054992,35.7145155],[139.7055799,35.7144728],[139.7055526,35.7143362],[139.7056987,35.7143226],[139.7056677,35.7141326],[139.705793,35.7141205],[139.7057807,35.7140251],[139.7052517,35.7140785],[139.7052181,35.713906],[139.7058725,35.7138317],[139.7058658,35.7137661],[139.7058047,35.7136207],[139.7060543,35.7135285],[139.7062445,35.7135269],[139.7063478,35.7135261],[139.7063831,35.7135326],[139.706534,35.7135613],[139.7067964,35.7136106],[139.7068726,35.7136187],[139.7070171,35.7136188],[139.7070233,35.7137021],[139.7073692,35.7136954],[139.7073697,35.7137273],[139.7075136,35.7137268],[139.7075164,35.7137644],[139.7075179,35.7138435],[139.7077855,35.7138178],[139.7079246,35.7138065],[139.7080833,35.713812],[139.7085351,35.7138329],[139.7089525,35.7138547],[139.7091822,35.7138767],[139.7094314,35.7139217],[139.7094947,35.7137626],[139.7096211,35.7137619],[139.7098017,35.7137526],[139.7098041,35.7136503],[139.7098775,35.7136501],[139.7098832,35.7136708],[139.7100256,35.713619],[139.7100163,35.7135698],[139.7101231,35.7135656],[139.7101537,35.7136732],[139.7101959,35.7136657],[139.7101731,35.7135839],[139.7103079,35.7135613],[139.7104109,35.7136964],[139.7105152,35.7138951],[139.7105493,35.713956],[139.7107763,35.7142224],[139.7109805,35.714448],[139.7110813,35.7145401],[139.71136,35.7147183],[139.7113954,35.7147262],[139.7114838,35.7147933],[139.7115747,35.7147947],[139.7116705,35.7147961],[139.7119461,35.714801],[139.7122594,35.7146769],[139.7125786,35.7144485],[139.7128835,35.7142035],[139.7133215,35.7138455],[139.7134525,35.7137385],[139.7137313,35.7135325],[139.7138196,35.7134676],[139.7142676,35.7132743],[139.7142772,35.7132702],[139.7146487,35.7131101],[139.7148658,35.7130733],[139.7148952,35.7131847],[139.71509,35.7131476],[139.7154987,35.713127],[139.7156678,35.713473],[139.715746,35.7136491],[139.7160666,35.7135848],[139.716243,35.713535],[139.716391,35.7134859],[139.7165064,35.7134099],[139.7166161,35.7132798],[139.7166832,35.7131102],[139.7167639,35.7129786],[139.7170336,35.7129571],[139.7171088,35.7129507],[139.7173482,35.7129171],[139.7175583,35.712888],[139.7176434,35.7128766],[139.7178639,35.7128319],[139.7181464,35.7127635],[139.7180829,35.7125836],[139.7184064,35.7125042],[139.7184658,35.7126849],[139.7187172,35.7126231],[139.719208,35.7125041],[139.7192969,35.7124822],[139.7193867,35.7126595],[139.7193372,35.7126771],[139.7193771,35.712758],[139.7193994,35.7128014],[139.719453,35.7127878],[139.7194856,35.7128573],[139.7195165,35.7128845],[139.7195441,35.7129314],[139.7195729,35.7129765],[139.7196067,35.713019],[139.7197443,35.7129609],[139.719783,35.7129289],[139.719921,35.7128848],[139.7199059,35.7127651],[139.7198763,35.7125386],[139.719757,35.7125524],[139.7197332,35.7124582],[139.7198647,35.7123077],[139.7201272,35.7122973],[139.720247,35.7123006],[139.7202295,35.7124143],[139.7203653,35.7124287],[139.7203385,35.7125569],[139.7204257,35.7126297],[139.7205293,35.7128507],[139.7207286,35.7127962],[139.7207322,35.7128091],[139.7208369,35.7127972],[139.7208282,35.712724],[139.7206907,35.7127329],[139.7206757,35.7126945],[139.7206135,35.7127127],[139.7205422,35.7125682],[139.7206643,35.7125789],[139.7206615,35.7125945],[139.7208169,35.7126214],[139.7208568,35.7124824],[139.7209475,35.7125038],[139.7211303,35.7124636],[139.7213269,35.7125094],[139.7215463,35.7125316],[139.7217497,35.7125308],[139.7219153,35.7125121],[139.7220563,35.7124827],[139.7221,35.7126215],[139.7217607,35.712804],[139.721462,35.7129997],[139.7214071,35.7130358],[139.7212692,35.7131265],[139.7212037,35.7131675],[139.7207593,35.7134334],[139.7206768,35.7134737],[139.7203417,35.7136383],[139.7202951,35.7136605],[139.7200576,35.7137491],[139.719663,35.7138952],[139.7193155,35.7140263],[139.7189126,35.7141521],[139.7187176,35.7141992],[139.7184278,35.7142449],[139.717964,35.714291],[139.7177656,35.7143234],[139.7176583,35.7143432],[139.7174348,35.7144596],[139.7172608,35.7146099],[139.7173327,35.7149808],[139.7173721,35.7152362],[139.7174139,35.7154817],[139.7174328,35.7155824],[139.7174455,35.7156203],[139.717563,35.7159072],[139.7176728,35.71617],[139.7177403,35.7164537],[139.7177562,35.7166714],[139.7179628,35.7169463],[139.7178124,35.7170109],[139.7178583,35.7171086],[139.7178772,35.7171369],[139.7178855,35.7171733],[139.7178574,35.7172198],[139.7178387,35.7172404],[139.7177349,35.7173553],[139.7179525,35.71759],[139.718071,35.7177178],[139.7182702,35.7179631],[139.7185633,35.7178276],[139.7187374,35.7177476],[139.719038,35.7176214],[139.7191564,35.7175708],[139.719271,35.7175195],[139.7193912,35.717696],[139.7194594,35.7179004],[139.7194905,35.7179795],[139.7194905,35.7180468],[139.7194667,35.7180901],[139.7195251,35.7181877],[139.7195515,35.7183265],[139.7197137,35.7182895],[139.7198172,35.7182559],[139.7199202,35.7182736],[139.7208215,35.7184398],[139.7209046,35.7185372],[139.7210627,35.7184803],[139.721441,35.7185469],[139.7215627,35.7186085],[139.7216599,35.7186892],[139.7215363,35.7188294],[139.7217873,35.7189229],[139.7218738,35.7188188],[139.721994,35.718861],[139.7221165,35.7186775],[139.7223531,35.7187824],[139.7227761,35.7189351],[139.7228858,35.7190548],[139.7229324,35.7190325],[139.7230027,35.7191208],[139.7230172,35.7191801],[139.7229902,35.7191974],[139.7229942,35.7193163],[139.7230375,35.719417],[139.7230445,35.7195212],[139.722994,35.7196607],[139.7231082,35.7197465],[139.7238462,35.7199596],[139.7241629,35.7200508],[139.7242337,35.7199682],[139.7243198,35.7198715],[139.7244395,35.719772],[139.7245052,35.7197193],[139.7246724,35.7196257],[139.724832,35.7195759],[139.7249743,35.7197177],[139.7250465,35.7197854],[139.7248792,35.7198186],[139.7247874,35.7198637],[139.7248135,35.7199651],[139.7247305,35.7200216],[139.7245693,35.7201466],[139.724463,35.72025],[139.7244089,35.7203198],[139.7242401,35.7206385],[139.7241723,35.7207438],[139.7240231,35.7210472],[139.723961,35.7211727],[139.7238163,35.7214234],[139.7237562,35.7216038],[139.7237361,35.7218784],[139.7237243,35.7220255],[139.7236416,35.7221173],[139.7232293,35.7222976],[139.723198,35.7224333],[139.7231557,35.7226745],[139.7231249,35.7229037],[139.7230988,35.723049],[139.723086,35.7230963],[139.7230699,35.7231547],[139.723032,35.723261],[139.7229959,35.7233415],[139.7230307,35.7233776],[139.7230554,35.7234034],[139.7230773,35.7235945],[139.7230621,35.7238187],[139.7230341,35.7241881],[139.7230253,35.7243009],[139.7230088,35.7243294],[139.7229796,35.7243695],[139.7229332,35.7245105],[139.722855,35.7246995],[139.722823,35.7247759],[139.7227943,35.7248297],[139.7227521,35.7249015],[139.7226783,35.7250288],[139.7229446,35.7251087],[139.7231068,35.7251507],[139.7234099,35.7252181],[139.7236414,35.7252709],[139.7239102,35.725326],[139.7240417,35.7253536],[139.724425,35.7254269],[139.7244104,35.7255989],[139.7243907,35.7259391],[139.7243843,35.7260529],[139.7246367,35.7260772],[139.724782,35.7260827],[139.7248052,35.7260718],[139.7249508,35.726072],[139.7251186,35.7260729],[139.7252099,35.7260761],[139.7253627,35.7260961],[139.725325,35.7263207],[139.7251151,35.726299],[139.7248845,35.7262963],[139.7248069,35.7263202],[139.72475,35.7263463],[139.7246928,35.7263917],[139.7246791,35.7264628],[139.7246751,35.7265866],[139.7246801,35.7266623],[139.7248067,35.7266606],[139.7248158,35.7265496],[139.7249121,35.726556],[139.7249171,35.7266469],[139.7249294,35.7267689],[139.725122,35.7267112],[139.7249924,35.7264845],[139.7252257,35.7265393],[139.7253853,35.7265418],[139.7254017,35.7266967],[139.7255081,35.7266935],[139.7255899,35.7267993],[139.7260096,35.7265843],[139.7261706,35.7265085],[139.7262267,35.7266417],[139.726255,35.7267434],[139.7263082,35.7269128],[139.7263585,35.7270674],[139.7266288,35.7269604],[139.7266426,35.7269905],[139.7268015,35.7269304],[139.7268764,35.7269003],[139.7269926,35.7268577],[139.7271259,35.7268172],[139.7272651,35.7267695],[139.727387,35.7267167],[139.7274801,35.7266717],[139.7275644,35.7266124],[139.7276512,35.7265569],[139.7277535,35.7265103],[139.7278798,35.726454],[139.7279867,35.7263867],[139.7280708,35.7263411],[139.7282027,35.7262637],[139.728319,35.7261412],[139.7283844,35.7260835],[139.7284804,35.7259742],[139.7285165,35.725934],[139.7287338,35.7258258],[139.7287439,35.7257386],[139.7288251,35.7257173],[139.7289403,35.7256764],[139.7291774,35.7255928],[139.7293416,35.7255422],[139.7294164,35.7256494],[139.7294711,35.7257224],[139.7295946,35.7258804],[139.729681,35.72597],[139.7294846,35.7260961],[139.7295497,35.7261494],[139.7295848,35.7261782],[139.7296211,35.7262085],[139.729832,35.7262372],[139.7299109,35.7262653],[139.7300018,35.7260698],[139.7300545,35.7259607],[139.7302757,35.7260219],[139.7303355,35.7258982],[139.7303904,35.7257784],[139.7302584,35.7257045],[139.7302207,35.7256865],[139.7301909,35.7256751],[139.7302249,35.7256476],[139.7303692,35.7255422],[139.7305176,35.725432],[139.7305716,35.7252373],[139.730593,35.7251745],[139.7306045,35.7251758],[139.7307236,35.7249479],[139.7307597,35.7249351],[139.7308054,35.7248776],[139.7309312,35.7248766],[139.7310571,35.7245748],[139.7311271,35.7244722],[139.7311504,35.7243706],[139.731396,35.7242533],[139.7316906,35.7242532],[139.7319632,35.7241055],[139.7324163,35.7242528],[139.7324124,35.7243472],[139.7324003,35.724384],[139.7321955,35.7246585],[139.7325126,35.7247005],[139.7325976,35.7246893],[139.7329151,35.7247978],[139.732832,35.7249862],[139.7327192,35.72519],[139.7330144,35.7253445],[139.7330546,35.725293],[139.7331194,35.7252127],[139.7331634,35.7251592],[139.7333101,35.7250458],[139.7333547,35.725041],[139.7336236,35.7251885],[139.7336264,35.725216],[139.7335831,35.7252685],[139.7335774,35.7253321],[139.7337681,35.7254232],[139.7340032,35.7255207],[139.734073,35.7254284],[139.734156,35.7253195],[139.734189,35.7252773],[139.7342705,35.7251699],[139.734474,35.7252718],[139.7346053,35.7251075],[139.7350151,35.7253161],[139.7351159,35.7251823],[139.7353037,35.7252776],[139.7355788,35.7249292],[139.7358221,35.7250575],[139.7361014,35.7252075],[139.7360431,35.7253009],[139.7360048,35.7253634],[139.7359516,35.72553],[139.7359145,35.7255944],[139.7358451,35.7256482],[139.7356604,35.7257654],[139.7353908,35.7260427],[139.7353617,35.7260662],[139.7354987,35.726117],[139.7356811,35.7261848],[139.7359869,35.7263041],[139.7362602,35.7264105],[139.7365235,35.7265095],[139.7369612,35.7266759],[139.7371146,35.7267345],[139.7374406,35.7268581],[139.7374092,35.7269191],[139.7372488,35.7272296],[139.7369093,35.7271063],[139.7367708,35.7273574],[139.7368572,35.7274027],[139.7370653,35.727513],[139.7371413,35.7275562],[139.7370761,35.7276408],[139.7370521,35.7276953],[139.736952,35.7278401],[139.7369583,35.7278551],[139.7368814,35.7279867],[139.7368629,35.7280184],[139.7368559,35.728036],[139.7368056,35.7281162],[139.7367082,35.7281941],[139.7366187,35.7282657],[139.7365136,35.7283498],[139.73647,35.7283846],[139.7363863,35.728471],[139.736321,35.7285386],[139.7362348,35.7286272],[139.73622,35.7286426],[139.736185,35.7287243],[139.7360747,35.7288338],[139.7360389,35.7288696],[139.7359526,35.7288739],[139.7358233,35.7289624],[139.7357239,35.7290317],[139.7356737,35.7290798],[139.7354987,35.7292469],[139.7355885,35.7293099],[139.735633,35.729341],[139.7358533,35.7295119],[139.7359831,35.7296117],[139.7360626,35.7296654],[139.7361038,35.7296879],[139.7362233,35.7297784],[139.7363505,35.7298734],[139.7364799,35.7299765],[139.7365929,35.7300668],[139.7366861,35.7301412],[139.7367403,35.7301843],[139.7367278,35.7301949],[139.7366064,35.7302928],[139.7365756,35.730318],[139.7364635,35.730456],[139.7364211,35.7305165]]]}},{"type":"Feature","properties":{"name":"北区","name:en":"Kita"},"geometry":{"type":"Polygon","coordinates":[[[139.7328372,35.7449805],[139.7328745,35.7448418],[139.7329347,35.7446327],[139.7328155,35.7444814],[139.7326542,35.7442795],[139.7326044,35.7442162],[139.7323856,35.744211],[139.7323865,35.7441167],[139.7323688,35.7439866],[139.7323551,35.743738],[139.7321857,35.7435121],[139.7319642,35.7432165],[139.7321711,35.7431838],[139.7322009,35.7431788],[139.7322483,35.7431708],[139.7323716,35.7431485],[139.7324902,35.7431151],[139.7326122,35.7430646],[139.7327422,35.7429883],[139.732934,35.7428806],[139.7331368,35.7426759],[139.7331933,35.7426178],[139.7333554,35.7424263],[139.7335104,35.7422429],[139.733579,35.742175],[139.7337816,35.7420166],[139.7340602,35.7418078],[139.7342195,35.741675],[139.7343446,35.7415579],[139.7344644,35.7413182],[139.7345889,35.7410317],[139.7346249,35.7409775],[139.7347792,35.7408459],[139.7350414,35.7406348],[139.7350525,35.7406329],[139.7350817,35.7406466],[139.7351472,35.7407014],[139.7351884,35.7407025],[139.7354736,35.740534],[139.7357521,35.7406106],[139.7362822,35.7407713],[139.7366611,35.7408898],[139.7368607,35.7409376],[139.7370636,35.7409861],[139.7375541,35.7411355],[139.7380357,35.7412648],[139.7382855,35.7413365],[139.7383591,35.7413312],[139.7386281,35.7414001],[139.7389437,35.7415001],[139.7392153,35.74162],[139.7393056,35.7416579],[139.7395946,35.7417479],[139.7402762,35.7419775],[139.7404407,35.7420396],[139.7408506,35.7422114],[139.7410863,35.7423075],[139.7411472,35.7423323],[139.7415141,35.7421915],[139.7416058,35.742153],[139.7418544,35.7420344],[139.742072,35.7418873],[139.7423602,35.7417183],[139.7425977,35.741579],[139.7426353,35.7415638],[139.7429003,35.7414562],[139.7432155,35.7413922],[139.7437217,35.7412788],[139.743865,35.7412486],[139.7441429,35.7411503],[139.7442693,35.7411056],[139.744214,35.7409317],[139.7442571,35.7409196],[139.7446707,35.740804],[139.7445351,35.7406101],[139.7442744,35.7406262],[139.7441887,35.7403319],[139.7442017,35.7401791],[139.7441674,35.7400724],[139.7441553,35.7400141],[139.7441383,35.7399194],[139.7441691,35.739915],[139.7441511,35.7397742],[139.744129,35.7396681],[139.7441723,35.7396262],[139.7441415,35.7393803],[139.7441008,35.7391676],[139.7440661,35.7388943],[139.7441605,35.7388774],[139.7441747,35.738937],[139.744413,35.7388589],[139.7445516,35.7389925],[139.7445405,35.739194],[139.7448601,35.739237],[139.7451468,35.7392461],[139.7459113,35.7391962],[139.7460521,35.7391185],[139.7459669,35.7388202],[139.7462122,35.7387899],[139.7463254,35.7387657],[139.7465086,35.7392062],[139.7467795,35.7398863],[139.746821,35.7398504],[139.747039,35.7397174],[139.7472701,35.7395786],[139.747602,35.7393853],[139.7477521,35.7392935],[139.7478849,35.7392077],[139.7479603,35.739159],[139.7481758,35.7390066],[139.748334,35.7388965],[139.748375,35.7388728],[139.7484299,35.7388546],[139.7484301,35.738836],[139.7484512,35.7387498],[139.7485153,35.7386124],[139.7486468,35.7383855],[139.7488118,35.7380982],[139.7489483,35.7378503],[139.7490607,35.7376465],[139.749124,35.7375377],[139.7491384,35.7374978],[139.7491886,35.7373559],[139.7492356,35.737243],[139.7492549,35.7372166],[139.7492832,35.7371779],[139.7493758,35.7370142],[139.7495226,35.7367835],[139.7497075,35.7365822],[139.7498777,35.7364711],[139.75005,35.7363752],[139.7503292,35.73622],[139.7505332,35.7361074],[139.7510751,35.7358499],[139.7511679,35.7358014],[139.7512363,35.7357607],[139.7513638,35.7356751],[139.7514584,35.7357644],[139.7515465,35.7357067],[139.7515797,35.7357388],[139.7521147,35.7353878],[139.7522048,35.7354804],[139.7522189,35.7354949],[139.7522937,35.7354369],[139.7523998,35.7353515],[139.7524729,35.7354039],[139.7525896,35.7352477],[139.7526568,35.7352683],[139.7526838,35.7352491],[139.7528409,35.735212],[139.752923,35.7351711],[139.7530138,35.7351341],[139.7531248,35.7351299],[139.7532045,35.7350816],[139.7533786,35.7350102],[139.7534013,35.7349774],[139.753535,35.7350824],[139.753642,35.7349929],[139.7537732,35.734887],[139.753935,35.7347679],[139.7541647,35.7346344],[139.7543197,35.7345908],[139.7545493,35.7344112],[139.7547694,35.734321],[139.7549361,35.7342538],[139.7549578,35.7342451],[139.7551081,35.7341812],[139.7552528,35.7340973],[139.7555544,35.7339487],[139.7559158,35.7338299],[139.7559909,35.7338277],[139.7561841,35.7337798],[139.756452,35.7336652],[139.7567199,35.7335504],[139.757033,35.7333761],[139.7573618,35.733161],[139.7576531,35.7330098],[139.7580356,35.7328701],[139.7583632,35.7327582],[139.7586528,35.7326778],[139.7586609,35.7326755],[139.7587215,35.7326586],[139.7589125,35.7325658],[139.7591215,35.7324234],[139.7593448,35.7322648],[139.759403,35.7322268],[139.7594634,35.7321419],[139.7595688,35.7320571],[139.7598876,35.7318926],[139.7599406,35.7318648],[139.7601501,35.7317111],[139.7603754,35.7318078],[139.7605753,35.7318571],[139.760628,35.7318848],[139.7607977,35.7320146],[139.7609378,35.7321198],[139.7610754,35.7322125],[139.7611661,35.7322742],[139.7612234,35.7322982],[139.7612916,35.7323608],[139.7613509,35.7323935],[139.761552,35.7326074],[139.7618192,35.7329017],[139.761783,35.7329161],[139.7616539,35.7330838],[139.7617965,35.7331483],[139.7616886,35.7333459],[139.761587,35.7335306],[139.761486,35.7337627],[139.761711,35.7338288],[139.7621178,35.7339661],[139.762132,35.7339438],[139.7621569,35.7339153],[139.7622788,35.7337957],[139.7623689,35.7337248],[139.7625445,35.7336183],[139.7626328,35.7336835],[139.7626521,35.7337005],[139.7627288,35.7337198],[139.7630278,35.73365],[139.7632694,35.7335268],[139.7636147,35.7337476],[139.7635625,35.7337892],[139.7637005,35.7339869],[139.7638534,35.7342054],[139.7639861,35.7343043],[139.764179,35.7344534],[139.7643546,35.7345591],[139.7644415,35.7346274],[139.7642984,35.7347473],[139.7640014,35.7349624],[139.7637686,35.7351818],[139.7636608,35.7352593],[139.7637426,35.7353067],[139.763767,35.7353886],[139.7645771,35.7355747],[139.7648104,35.7357333],[139.7648577,35.7357655],[139.7652903,35.736033],[139.7654082,35.7360807],[139.7658782,35.7362427],[139.7663159,35.7364114],[139.7667427,35.7365509],[139.7673376,35.7367514],[139.7679196,35.7369552],[139.7683837,35.7371201],[139.7685248,35.7371533],[139.768825,35.7372587],[139.7690751,35.7373471],[139.7691198,35.7373759],[139.7693741,35.7374596],[139.7698228,35.7376067],[139.7701766,35.737721],[139.7705579,35.7378372],[139.7706998,35.7379123],[139.7707372,35.738044],[139.770714,35.7380729],[139.7706901,35.7381031],[139.7706693,35.7382025],[139.7706699,35.7382184],[139.770659,35.7382909],[139.7706368,35.7383538],[139.7706327,35.7383857],[139.7705973,35.7384118],[139.7705068,35.7384118],[139.7703014,35.7384059],[139.7703031,35.7385345],[139.7702643,35.7385699],[139.7701806,35.7386295],[139.7700283,35.7387358],[139.769975,35.7388222],[139.7699736,35.7388967],[139.7698708,35.7390523],[139.7698352,35.7390132],[139.7694382,35.7392295],[139.7692919,35.7390512],[139.769196,35.7389339],[139.7686881,35.7392343],[139.7687469,35.7398423],[139.7684864,35.7398414],[139.7684272,35.7400012],[139.7683386,35.740252],[139.7683727,35.7402937],[139.7683284,35.740505],[139.7683373,35.7405571],[139.768333,35.7406238],[139.7682493,35.7406446],[139.7682723,35.7407078],[139.7682285,35.7408611],[139.7681799,35.7409873],[139.7681826,35.7410654],[139.7681968,35.7412381],[139.7682315,35.7414014],[139.7681839,35.741411],[139.7678489,35.7414475],[139.7677343,35.7414515],[139.7674546,35.7414479],[139.7672834,35.7414645],[139.7670082,35.7414959],[139.7669087,35.7414138],[139.766858,35.7414363],[139.7666557,35.7414779],[139.7663201,35.7415285],[139.7661728,35.741535],[139.7660568,35.741556],[139.7659237,35.7415711],[139.7657353,35.7415825],[139.7657058,35.7416001],[139.7656619,35.7417359],[139.7656035,35.7419176],[139.7655312,35.741916],[139.7653379,35.7419281],[139.7652487,35.7419676],[139.7651839,35.742045],[139.7651283,35.7420958],[139.7650856,35.7421188],[139.7649277,35.7422018],[139.7647045,35.7423145],[139.7645644,35.7423857],[139.7644427,35.7424808],[139.7642349,35.7426886],[139.7641287,35.7427921],[139.7641751,35.742853],[139.7641597,35.74304],[139.7641499,35.7432453],[139.764152,35.7433734],[139.7641744,35.7434841],[139.7642145,35.7435517],[139.7642571,35.7436206],[139.7641805,35.7437497],[139.7641465,35.7438437],[139.7641029,35.7440026],[139.7640889,35.7440995],[139.763604,35.7439118],[139.7635052,35.7439],[139.7633946,35.7439104],[139.7632661,35.7439112],[139.7631037,35.7438866],[139.7631528,35.7437591],[139.7631866,35.7436905],[139.763153,35.7436571],[139.7630626,35.7436332],[139.7628478,35.7435655],[139.7626621,35.7434929],[139.7625326,35.7436915],[139.7624634,35.7436504],[139.7623495,35.7435817],[139.7623207,35.7436214],[139.7620066,35.7435608],[139.7618563,35.7435537],[139.7618609,35.7435949],[139.7617424,35.7435937],[139.7614788,35.7436548],[139.7611136,35.7437296],[139.7607836,35.7438083],[139.7605293,35.7439463],[139.7601278,35.7434307],[139.7596232,35.7437143],[139.7593074,35.7438932],[139.7591419,35.7439944],[139.7587058,35.7442596],[139.7584958,35.7443868],[139.7580732,35.7446599],[139.7577631,35.7448579],[139.7575154,35.7450143],[139.7574281,35.7450695],[139.757197,35.7452171],[139.7574347,35.7455199],[139.7575508,35.745649],[139.7576646,35.7457929],[139.7577964,35.7459563],[139.7579054,35.7460858],[139.7579537,35.7461642],[139.7579545,35.7463389],[139.7579554,35.7466284],[139.7579632,35.7469431],[139.7579688,35.7472636],[139.7579714,35.7473974],[139.7579729,35.7474712],[139.7578652,35.7474725],[139.7572421,35.7474789],[139.7565905,35.7474864],[139.7559684,35.7474878],[139.7553592,35.7474901],[139.7552079,35.7475726],[139.7549137,35.7477329],[139.7551675,35.7480536],[139.7551883,35.7481408],[139.7552103,35.748532],[139.7552227,35.7487185],[139.7552339,35.7488941],[139.7545639,35.7489211],[139.7545783,35.7491898],[139.7538694,35.7492186],[139.7532566,35.7492445],[139.7527406,35.7492692],[139.7523748,35.7492867],[139.752374,35.7492673],[139.7522841,35.7491498],[139.7521433,35.7492287],[139.7516929,35.7494802],[139.7514493,35.7496144],[139.7512048,35.7497443],[139.7510354,35.7495143],[139.7499068,35.7501391],[139.7496356,35.7502872],[139.7497346,35.750506],[139.7498206,35.7507023],[139.7498501,35.7508652],[139.7498515,35.7509255],[139.7495759,35.7510408],[139.7494526,35.7510924],[139.7495504,35.7513756],[139.7495504,35.7513987],[139.7495597,35.7514278],[139.7495946,35.7514771],[139.7496584,35.7515022],[139.7496763,35.7515405],[139.7497018,35.7515746],[139.7497502,35.7516199],[139.7498132,35.7516605],[139.7498686,35.7517765],[139.7499513,35.7517603],[139.7500422,35.7519298],[139.7501589,35.751924],[139.7501538,35.7519308],[139.7501447,35.7519716],[139.7501807,35.7520927],[139.7502105,35.7521206],[139.7502381,35.7522012],[139.750295,35.7522852],[139.7503463,35.7522944],[139.7506004,35.7522993],[139.7506765,35.7523052],[139.7506986,35.7523716],[139.7507125,35.7524306],[139.7507384,35.7524777],[139.7507891,35.7525035],[139.7508896,35.7525265],[139.7509068,35.7525889],[139.7509294,35.7527917],[139.7509599,35.753064],[139.7509905,35.7533206],[139.7510239,35.7536093],[139.7512425,35.7536018],[139.7513895,35.7536318],[139.7514773,35.7536249],[139.7517838,35.753604],[139.7518003,35.7537696],[139.7523272,35.7537078],[139.7528211,35.753648],[139.7533332,35.7535853],[139.7537184,35.7535375],[139.753777,35.7535493],[139.754127,35.7535084],[139.754468,35.7534756],[139.7548394,35.7534406],[139.7550937,35.7534148],[139.7553893,35.7533842],[139.755567,35.753371],[139.7557577,35.7533554],[139.7558823,35.7533521],[139.7562581,35.7533489],[139.7565333,35.7533303],[139.756704,35.7533063],[139.757015,35.7532239],[139.7572634,35.753162],[139.7577696,35.7548457],[139.7577676,35.754846],[139.7562861,35.7551234],[139.7562808,35.7551244],[139.7516638,35.7559861],[139.7512968,35.7560546],[139.7498063,35.756586],[139.7487359,35.7574169],[139.7484486,35.7579009],[139.7482548,35.7582357],[139.7482284,35.7588352],[139.7482281,35.7588428],[139.7482121,35.7591804],[139.7487582,35.7598003],[139.7488248,35.7598759],[139.7493707,35.7601405],[139.7512297,35.7610625],[139.753025,35.7619255],[139.7544723,35.7627904],[139.7553987,35.763344],[139.7601579,35.765597],[139.7596748,35.7674612],[139.7585206,35.7690511],[139.7532152,35.7679928],[139.7519632,35.7676359],[139.7516431,35.7675434],[139.7506581,35.7673016],[139.7478835,35.7671437],[139.7478277,35.7671406],[139.7463869,35.7670553],[139.7458713,35.7671583],[139.7457664,35.7671793],[139.7448319,35.7673673],[139.7428184,35.7682538],[139.7428059,35.7682593],[139.7405133,35.769263],[139.7389669,35.7697297],[139.7370997,35.7700663],[139.7370554,35.7700876],[139.7363201,35.7704615],[139.7363132,35.7704749],[139.7358424,35.7713813],[139.7356909,35.7724191],[139.7359604,35.773694],[139.736799,35.7752857],[139.7368286,35.7753419],[139.7369395,35.7755499],[139.7381083,35.7774439],[139.7384676,35.7786385],[139.7383333,35.7795931],[139.7380379,35.7801766],[139.7383071,35.7818903],[139.7390874,35.7868585],[139.7385134,35.7874111],[139.7378053,35.7880508],[139.7368933,35.7886078],[139.7360404,35.7891082],[139.7352357,35.7894192],[139.7342165,35.7898131],[139.7326447,35.7898305],[139.7316738,35.7895216],[139.7311159,35.78913],[139.7273769,35.7875286],[139.7268274,35.7873124],[139.7265674,35.7872101],[139.7259236,35.787184],[139.7251834,35.7870969],[139.7246791,35.7871491],[139.7244372,35.7872414],[139.7240831,35.7873981],[139.723692,35.7876191],[139.7230483,35.7881239],[139.7229137,35.7885991],[139.7228064,35.7891213],[139.7227957,35.7896173],[139.7227527,35.7901308],[139.7224741,35.790632],[139.7211455,35.7914387],[139.7193826,35.791866],[139.7189201,35.7919781],[139.7172161,35.7920194],[139.7158479,35.7920526],[139.7118185,35.7920329],[139.7112857,35.7920861],[139.7092197,35.7922923],[139.7063369,35.7930609],[139.7047411,35.793725],[139.7018867,35.795612],[139.6975008,35.7984944],[139.6972635,35.7986469],[139.6971868,35.7968633],[139.6971132,35.7964801],[139.6969963,35.7961885],[139.6968178,35.7959969],[139.6965031,35.795793],[139.6956014,35.7954084],[139.6954918,35.7954673],[139.6954441,35.7954725],[139.6954093,35.7954584],[139.6953704,35.7954284],[139.6953443,35.7953396],[139.6946172,35.7955946],[139.694564,35.795511],[139.69398,35.794758],[139.693116,35.793576],[139.692544,35.7928],[139.692361,35.792536],[139.692349,35.79252],[139.692054,35.792095],[139.692008,35.792022],[139.6919937,35.7919992],[139.6919,35.79185],[139.69144,35.79138],[139.691346,35.791274],[139.691224,35.791137],[139.691136,35.791038],[139.691014,35.7909],[139.690978,35.790861],[139.690868,35.790737],[139.690633,35.790573],[139.690497,35.790044],[139.690429,35.789791],[139.690397,35.78967],[139.690273,35.789207],[139.690144,35.788963],[139.689966,35.788625],[139.689898,35.78851],[139.689823,35.78838],[139.689686,35.787981],[139.689679,35.787961],[139.689619,35.787873],[139.689498,35.787693],[139.689473,35.787657],[139.689465,35.787645],[139.689443,35.787457],[139.68943,35.787349],[139.689427,35.787319],[139.689393,35.787032],[139.689465,35.786797],[139.689751,35.786368],[139.690079,35.785869],[139.690083,35.785863],[139.6901388,35.7857806],[139.690152,35.785761],[139.690723,35.784909],[139.691275,35.784409],[139.6920483,35.7839454],[139.692451,35.783704],[139.693565,35.783143],[139.694249,35.782898],[139.694975,35.782622],[139.69565,35.782459],[139.696373,35.782321],[139.696551,35.782298],[139.6965724,35.7822953],[139.697169,35.782219],[139.697418,35.782183],[139.69752,35.782169],[139.697742,35.782137],[139.6983431,35.7821284],[139.698437,35.782127],[139.699071,35.78227],[139.699828,35.782607],[139.700369,35.782934],[139.701023,35.783373],[139.701836,35.783882],[139.7021433,35.7840967],[139.7024063,35.7842824],[139.702726,35.783915],[139.702828,35.783813],[139.7028904,35.7837293],[139.7029395,35.7835437],[139.7030145,35.7832484],[139.7031155,35.7827661],[139.7031435,35.7826093],[139.7031751,35.7823988],[139.7032066,35.7821936],[139.7028795,35.7820202],[139.7028242,35.781938],[139.7026074,35.7816738],[139.702546,35.781576],[139.7025514,35.7814627],[139.7026367,35.7810892],[139.7027053,35.78083],[139.7027791,35.7805725],[139.7028736,35.7802797],[139.7029895,35.7799349],[139.7030796,35.779684],[139.7031248,35.7795469],[139.70316,35.7794404],[139.7032643,35.7791347],[139.7033612,35.7788461],[139.7034306,35.7784212],[139.7034407,35.7783747],[139.7034707,35.7782368],[139.7035478,35.7780035],[139.7036143,35.7777985],[139.7036865,35.7776933],[139.7037552,35.777532],[139.7038416,35.7773352],[139.703978,35.7770272],[139.7041278,35.7766603],[139.7042314,35.7763046],[139.7042482,35.776247],[139.7043867,35.7758622],[139.7044909,35.7755637],[139.7045484,35.7753662],[139.704586,35.7751599],[139.7045981,35.7749917],[139.7046005,35.7749589],[139.7046338,35.7748281],[139.7046876,35.7745637],[139.7045824,35.7745402],[139.7045826,35.7744801],[139.7045777,35.7742743],[139.7046933,35.7742852],[139.7046948,35.7741591],[139.7046183,35.7741351],[139.7045417,35.7740854],[139.7044647,35.7739694],[139.7043569,35.7738033],[139.7045592,35.7737577],[139.7048151,35.7737441],[139.705019,35.7732173],[139.7052839,35.7726897],[139.7053878,35.7724613],[139.7054369,35.7723347],[139.7055443,35.77198],[139.7055891,35.7718113],[139.7056582,35.7715242],[139.7056663,35.7714805],[139.7057443,35.7711212],[139.7057857,35.7709068],[139.7058216,35.7707248],[139.7058396,35.7706434],[139.7058697,35.7705326],[139.7059887,35.7701255],[139.7061307,35.7696737],[139.7061539,35.7695898],[139.7061923,35.7694508],[139.706231,35.7692915],[139.7062847,35.7691031],[139.7063111,35.7689856],[139.7063465,35.7688072],[139.7064032,35.7684181],[139.7064823,35.7678893],[139.7064931,35.7677755],[139.706517,35.767581],[139.7065504,35.7673341],[139.7065759,35.7671773],[139.7065964,35.7670506],[139.7072006,35.7664924],[139.707597,35.7662218],[139.707822,35.7661535],[139.7079934,35.7657079],[139.7081303,35.7653787],[139.7091181,35.7656283],[139.7092351,35.7653372],[139.7093828,35.7650073],[139.7095942,35.7650644],[139.709739,35.7647174],[139.7100029,35.7641315],[139.7103289,35.7634122],[139.7113761,35.7636945],[139.7114566,35.7636613],[139.7115541,35.7636211],[139.7116446,35.7635706],[139.7117617,35.7635046],[139.7120451,35.7634569],[139.7124772,35.7634428],[139.7125596,35.7633141],[139.712582,35.7632781],[139.7129078,35.7632667],[139.7131,35.763271],[139.7131549,35.7632693],[139.713188,35.76322],[139.7132676,35.7630907],[139.7134926,35.7627489],[139.7135575,35.7627598],[139.7136546,35.7626859],[139.7139158,35.7624838],[139.7142073,35.762232],[139.7144304,35.762043],[139.7145544,35.7619547],[139.7148211,35.7617743],[139.7149716,35.7616833],[139.7149961,35.7616685],[139.7151145,35.7615803],[139.7152098,35.7615076],[139.7152451,35.7614602],[139.7154235,35.7613512],[139.7155606,35.7612679],[139.7157772,35.7611288],[139.716123,35.760866],[139.716213,35.760791],[139.716292,35.760724],[139.716476,35.760398],[139.716691,35.760234],[139.716854,35.759979],[139.716938,35.759825],[139.716964,35.759777],[139.71703,35.759656],[139.717139,35.759457],[139.717189,35.759364],[139.717298,35.759164],[139.717615,35.758746],[139.7177583,35.7585571],[139.718275,35.7582001],[139.718418,35.757928],[139.718678,35.757674],[139.719199,35.757173],[139.719264,35.75702],[139.719297,35.756941],[139.719347,35.756823],[139.7191951,35.7567095],[139.719588,35.756499],[139.7204048,35.7561678],[139.7201947,35.7558471],[139.7211401,35.7554227],[139.7209813,35.7551565],[139.7204291,35.7553917],[139.7202225,35.7550216],[139.720583,35.754889],[139.7208069,35.7547846],[139.7212077,35.7546147],[139.7210335,35.7542974],[139.721508,35.754111],[139.7218954,35.7539472],[139.7220322,35.7539114],[139.7220285,35.7537068],[139.7222513,35.7536182],[139.7224062,35.7535488],[139.7224052,35.7524893],[139.7224087,35.7522841],[139.7224001,35.7519981],[139.7227544,35.7520026],[139.7227558,35.751863],[139.7227235,35.7517055],[139.7226861,35.7515142],[139.7227177,35.7512194],[139.722594,35.7512185],[139.7226073,35.7508503],[139.722604,35.750755],[139.722403,35.7507261],[139.7222005,35.7506912],[139.7221367,35.7503301],[139.722036,35.7499253],[139.721901,35.749403],[139.7217587,35.7489844],[139.7221731,35.7488023],[139.72206,35.7486241],[139.7219076,35.7486757],[139.721895,35.7485274],[139.7218866,35.7484425],[139.7218523,35.7483811],[139.7217649,35.7482263],[139.7217402,35.7479884],[139.7219947,35.7479948],[139.7220144,35.7477573],[139.722173,35.747754],[139.722178,35.747754],[139.722236,35.747749],[139.722221,35.747579],[139.72222,35.747572],[139.7222126,35.7474582],[139.7213228,35.7474651],[139.7213228,35.7473276],[139.7213504,35.7471757],[139.7213495,35.7471231],[139.7213239,35.7470158],[139.7213047,35.7468024],[139.7213048,35.7465435],[139.7212298,35.7462856],[139.7211482,35.7463211],[139.7210362,35.7463713],[139.7205809,35.7465738],[139.7201922,35.7467347],[139.7200674,35.7465385],[139.7202625,35.7464737],[139.7202095,35.7463835],[139.7201823,35.7463373],[139.720118,35.7462012],[139.7200774,35.7461345],[139.7200318,35.7460492],[139.7199845,35.7459646],[139.7199335,35.7458852],[139.7198671,35.7457334],[139.719759,35.7456282],[139.7196368,35.7451931],[139.719632,35.7451751],[139.7197735,35.7451252],[139.7196823,35.7449652],[139.7196051,35.7446846],[139.7195992,35.744528],[139.7196069,35.7443651],[139.7197228,35.7439929],[139.7199222,35.7434708],[139.7199837,35.7432837],[139.7200017,35.7431842],[139.720014,35.7430584],[139.7199902,35.7426752],[139.719973,35.7422059],[139.720006,35.7421036],[139.7200443,35.7420472],[139.7201143,35.7419509],[139.7202533,35.7418273],[139.720313,35.7417916],[139.7209767,35.741656],[139.7216234,35.7415102],[139.7218145,35.7414592],[139.7219153,35.7414095],[139.7224566,35.7411385],[139.7227857,35.740967],[139.722901,35.7409069],[139.7231078,35.7407686],[139.7232792,35.7406413],[139.7234835,35.7404494],[139.7235255,35.740411],[139.7237349,35.7401087],[139.7238127,35.7400048],[139.7238406,35.7399575],[139.7238661,35.7399141],[139.7240008,35.7397342],[139.7240399,35.7396438],[139.7242781,35.7396315],[139.7246273,35.739609],[139.7249999,35.74006],[139.725079,35.739967],[139.7251253,35.7399136],[139.7251697,35.7398798],[139.7255971,35.7396656],[139.7256902,35.7398524],[139.7256774,35.7399137],[139.725656,35.7399679],[139.7256331,35.7400221],[139.7256246,35.7400711],[139.7256144,35.740115],[139.7254967,35.7401871],[139.7254207,35.740226],[139.7252946,35.7402068],[139.7252156,35.7401882],[139.7251795,35.7401908],[139.7250883,35.7401997],[139.7249415,35.740135],[139.7248726,35.7402607],[139.7247942,35.7403956],[139.7247156,35.7404971],[139.7245863,35.7406284],[139.7250116,35.7409901],[139.7256155,35.7415177],[139.7261284,35.7419747],[139.7262102,35.7420506],[139.726238,35.7420783],[139.7263398,35.7422086],[139.7263796,35.7422634],[139.7265571,35.7425029],[139.7268749,35.7429665],[139.7271452,35.7433264],[139.7273038,35.7435496],[139.7273915,35.7436475],[139.7274777,35.7437303],[139.7276173,35.7440456],[139.7276518,35.7441623],[139.7277287,35.7444807],[139.7278781,35.7451154],[139.7285312,35.7450553],[139.7287849,35.7449914],[139.7291076,35.7449783],[139.7291592,35.7449762],[139.7293703,35.7449863],[139.7297749,35.7450025],[139.7301191,35.7450117],[139.7304398,35.7449971],[139.7306728,35.7450271],[139.7308665,35.7450485],[139.7313945,35.7451037],[139.7315286,35.7450977],[139.7318425,35.7450612],[139.7321151,35.7450374],[139.7328372,35.7449805]]]}},{"type":"Feature","properties":{"name":"荒川区","name:en":"Arakawa"},"geometry":{"type":"Polygon","coordinates":[[[139.8053964,35.728598],[139.805684,35.7285607],[139.8065806,35.7284555],[139.8074916,35.7283443],[139.8080435,35.7282715],[139.8091246,35.7281199],[139.8098027,35.7280328],[139.8100474,35.7302849],[139.8107879,35.7318886],[139.8112045,35.7326001],[139.8116677,35.733391],[139.813089,35.7348707],[139.8138619,35.7357047],[139.8144787,35.7365209],[139.8147363,35.7374956],[139.8144637,35.7394534],[139.8144634,35.7394539],[139.8140975,35.740258],[139.813013,35.7408562],[139.8111759,35.7412282],[139.8110724,35.741211],[139.8094823,35.7409394],[139.8090689,35.7408694],[139.8037677,35.7389465],[139.8023306,35.7386591],[139.8013358,35.7387092],[139.8008681,35.738733],[139.7975309,35.7393911],[139.7970174,35.7394923],[139.7967498,35.7395456],[139.7947178,35.7398678],[139.792807,35.740545],[139.7926563,35.7405983],[139.7913864,35.741492],[139.7913782,35.7414978],[139.7913727,35.7415017],[139.7911368,35.7416686],[139.7897036,35.743306],[139.7894435,35.7436125],[139.7891117,35.7440997],[139.7890886,35.7441337],[139.7888834,35.7444324],[139.7884846,35.7453213],[139.7884394,35.7455729],[139.7883352,35.7461533],[139.7884512,35.7467439],[139.7888002,35.7472857],[139.7892782,35.7475901],[139.7903257,35.748257],[139.7910482,35.7488707],[139.7911781,35.748981],[139.7914388,35.7497059],[139.7911295,35.7505226],[139.78957,35.752335],[139.7888022,35.7527118],[139.7875719,35.7530236],[139.7860209,35.7534167],[139.7826278,35.7540169],[139.782306,35.7540738],[139.7821506,35.754066],[139.7773435,35.7538244],[139.77517,35.7537154],[139.7710652,35.7536128],[139.7695285,35.7535744],[139.7660571,35.753874],[139.7660485,35.7538747],[139.7643453,35.7540187],[139.7616719,35.7543549],[139.7577696,35.7548457],[139.7572634,35.753162],[139.757015,35.7532239],[139.756704,35.7533063],[139.7565333,35.7533303],[139.7562581,35.7533489],[139.7558823,35.7533521],[139.7557577,35.7533554],[139.755567,35.753371],[139.7553893,35.7533842],[139.7550937,35.7534148],[139.7548394,35.7534406],[139.754468,35.7534756],[139.754127,35.7535084],[139.753777,35.7535493],[139.7537184,35.7535375],[139.7533332,35.7535853],[139.7528211,35.753648],[139.7523272,35.7537078],[139.7518003,35.7537696],[139.7517838,35.753604],[139.7514773,35.7536249],[139.7513895,35.7536318],[139.7512425,35.7536018],[139.7510239,35.7536093],[139.7509905,35.7533206],[139.7509599,35.753064],[139.7509294,35.7527917],[139.7509068,35.7525889],[139.7508896,35.7525265],[139.7507891,35.7525035],[139.7507384,35.7524777],[139.7507125,35.7524306],[139.7506986,35.7523716],[139.7506765,35.7523052],[139.7506004,35.7522993],[139.7503463,35.7522944],[139.750295,35.7522852],[139.7502381,35.7522012],[139.7502105,35.7521206],[139.7501807,35.7520927],[139.7501447,35.7519716],[139.7501538,35.7519308],[139.7501589,35.751924],[139.7500422,35.7519298],[139.7499513,35.7517603],[139.7498686,35.7517765],[139.7498132,35.7516605],[139.7497502,35.7516199],[139.7497018,35.7515746],[139.7496763,35.7515405],[139.7496584,35.7515022],[139.7495946,35.7514771],[139.7495597,35.7514278],[139.7495504,35.7513987],[139.7495504,35.7513756],[139.7494526,35.7510924],[139.7495759,35.7510408],[139.7498515,35.7509255],[139.7498501,35.7508652],[139.7498206,35.7507023],[139.7497346,35.750506],[139.7496356,35.7502872],[139.7499068,35.7501391],[139.7510354,35.7495143],[139.7512048,35.7497443],[139.7514493,35.7496144],[139.7516929,35.7494802],[139.7521433,35.7492287],[139.7522841,35.7491498],[139.752374,35.7492673],[139.7523748,35.7492867],[139.7527406,35.7492692],[139.7532566,35.7492445],[139.7538694,35.7492186],[139.7545783,35.7491898],[139.7545639,35.7489211],[139.7552339,35.7488941],[139.7552227,35.7487185],[139.7552103,35.748532],[139.7551883,35.7481408],[139.7551675,35.7480536],[139.7549137,35.7477329],[139.7552079,35.7475726],[139.7553592,35.7474901],[139.7559684,35.7474878],[139.7565905,35.7474864],[139.7572421,35.7474789],[139.7578652,35.7474725],[139.7579729,35.7474712],[139.7579714,35.7473974],[139.7579688,35.7472636],[139.7579632,35.7469431],[139.7579554,35.7466284],[139.7579545,35.7463389],[139.7579537,35.7461642],[139.7579054,35.7460858],[139.7577964,35.7459563],[139.7576646,35.7457929],[139.7575508,35.745649],[139.7574347,35.7455199],[139.757197,35.7452171],[139.7574281,35.7450695],[139.7575154,35.7450143],[139.7577631,35.7448579],[139.7580732,35.7446599],[139.7584958,35.7443868],[139.7587058,35.7442596],[139.7591419,35.7439944],[139.7593074,35.7438932],[139.7596232,35.7437143],[139.7601278,35.7434307],[139.7605293,35.7439463],[139.7607836,35.7438083],[139.7611136,35.7437296],[139.7614788,35.7436548],[139.7617424,35.7435937],[139.7618609,35.7435949],[139.7618563,35.7435537],[139.7620066,35.7435608],[139.7623207,35.7436214],[139.7623495,35.7435817],[139.7624634,35.7436504],[139.7625326,35.7436915],[139.7626621,35.7434929],[139.7628478,35.7435655],[139.7630626,35.7436332],[139.763153,35.7436571],[139.7631866,35.7436905],[139.7631528,35.7437591],[139.7631037,35.7438866],[139.7632661,35.7439112],[139.7633946,35.7439104],[139.7635052,35.7439],[139.763604,35.7439118],[139.7640889,35.7440995],[139.7641029,35.7440026],[139.7641465,35.7438437],[139.7641805,35.7437497],[139.7642571,35.7436206],[139.7642145,35.7435517],[139.7641744,35.7434841],[139.764152,35.7433734],[139.7641499,35.7432453],[139.7641597,35.74304],[139.7641751,35.742853],[139.7641287,35.7427921],[139.7642349,35.7426886],[139.7644427,35.7424808],[139.7645644,35.7423857],[139.7647045,35.7423145],[139.7649277,35.7422018],[139.7650856,35.7421188],[139.7651283,35.7420958],[139.7651839,35.742045],[139.7652487,35.7419676],[139.7653379,35.7419281],[139.7655312,35.741916],[139.7656035,35.7419176],[139.7656619,35.7417359],[139.7657058,35.7416001],[139.7657353,35.7415825],[139.7659237,35.7415711],[139.7660568,35.741556],[139.7661728,35.741535],[139.7663201,35.7415285],[139.7666557,35.7414779],[139.766858,35.7414363],[139.7669087,35.7414138],[139.7670082,35.7414959],[139.7672834,35.7414645],[139.7674546,35.7414479],[139.7677343,35.7414515],[139.7678489,35.7414475],[139.7681839,35.741411],[139.7682315,35.7414014],[139.7681968,35.7412381],[139.7681826,35.7410654],[139.7681799,35.7409873],[139.7682285,35.7408611],[139.7682723,35.7407078],[139.7682493,35.7406446],[139.768333,35.7406238],[139.7683373,35.7405571],[139.7683284,35.740505],[139.7683727,35.7402937],[139.7683386,35.740252],[139.7684272,35.7400012],[139.7684864,35.7398414],[139.7687469,35.7398423],[139.7686881,35.7392343],[139.769196,35.7389339],[139.7692919,35.7390512],[139.7694382,35.7392295],[139.7698352,35.7390132],[139.7698708,35.7390523],[139.7699736,35.7388967],[139.769975,35.7388222],[139.7700283,35.7387358],[139.7701806,35.7386295],[139.7702643,35.7385699],[139.7703031,35.7385345],[139.7703014,35.7384059],[139.7705068,35.7384118],[139.7705973,35.7384118],[139.7706327,35.7383857],[139.7706368,35.7383538],[139.770659,35.7382909],[139.7706699,35.7382184],[139.7706693,35.7382025],[139.7706901,35.7381031],[139.770714,35.7380729],[139.7707372,35.738044],[139.7706998,35.7379123],[139.7705579,35.7378372],[139.7701766,35.737721],[139.7698228,35.7376067],[139.7693741,35.7374596],[139.7691198,35.7373759],[139.7690751,35.7373471],[139.768825,35.7372587],[139.7685248,35.7371533],[139.7683837,35.7371201],[139.7679196,35.7369552],[139.7673376,35.7367514],[139.7667427,35.7365509],[139.7663159,35.7364114],[139.7658782,35.7362427],[139.7654082,35.7360807],[139.7652903,35.736033],[139.7648577,35.7357655],[139.7648104,35.7357333],[139.7645771,35.7355747],[139.763767,35.7353886],[139.7637426,35.7353067],[139.7636608,35.7352593],[139.7637686,35.7351818],[139.7640014,35.7349624],[139.7642984,35.7347473],[139.7644415,35.7346274],[139.7643546,35.7345591],[139.764179,35.7344534],[139.7639861,35.7343043],[139.7638534,35.7342054],[139.7637005,35.7339869],[139.7635625,35.7337892],[139.7636147,35.7337476],[139.7632694,35.7335268],[139.7630278,35.73365],[139.7627288,35.7337198],[139.7626521,35.7337005],[139.7626328,35.7336835],[139.7625445,35.7336183],[139.7623689,35.7337248],[139.7622788,35.7337957],[139.7621569,35.7339153],[139.762132,35.7339438],[139.7621178,35.7339661],[139.761711,35.7338288],[139.761486,35.7337627],[139.761587,35.7335306],[139.7616886,35.7333459],[139.7617965,35.7331483],[139.7616539,35.7330838],[139.761783,35.7329161],[139.7618192,35.7329017],[139.761552,35.7326074],[139.7613509,35.7323935],[139.7614085,35.7321872],[139.7614344,35.7321322],[139.7615191,35.7319589],[139.7616408,35.7317888],[139.7617193,35.7317482],[139.7619889,35.7317095],[139.762083,35.731724],[139.7622456,35.7316157],[139.7622652,35.7316014],[139.7622797,35.7316077],[139.7623036,35.7316177],[139.7623444,35.7316223],[139.7625015,35.7316244],[139.762913,35.7314694],[139.7632277,35.7313031],[139.763471,35.7311548],[139.7636538,35.7310524],[139.7638489,35.7309436],[139.764017,35.7309243],[139.7640392,35.7309217],[139.7642963,35.730827],[139.7644046,35.7307867],[139.7644783,35.7307225],[139.7646876,35.7305699],[139.7647321,35.7305825],[139.7647646,35.7305701],[139.7649212,35.7304211],[139.765095,35.7302566],[139.7652062,35.7300715],[139.7652678,35.7299697],[139.765374,35.7298106],[139.7654487,35.7297117],[139.7655367,35.7295952],[139.7655737,35.7295409],[139.7656068,35.7294857],[139.7656218,35.7294029],[139.7656396,35.7293016],[139.7656618,35.7292532],[139.7656265,35.7290524],[139.765664,35.7288629],[139.765589,35.7288007],[139.7655538,35.728653],[139.7655751,35.7285347],[139.7655836,35.7284736],[139.7656596,35.7283385],[139.7657647,35.7281772],[139.7657867,35.7281219],[139.7657898,35.727941],[139.765794,35.7276929],[139.7663886,35.7276755],[139.7666922,35.727657],[139.7666896,35.7274437],[139.7667169,35.7274427],[139.7667589,35.7274419],[139.7669932,35.7273774],[139.7672089,35.7273173],[139.767236,35.7273184],[139.7674174,35.7274021],[139.7674552,35.7274195],[139.7678824,35.7275381],[139.7681206,35.7276036],[139.7682019,35.7276067],[139.7683291,35.7276293],[139.7683399,35.7276312],[139.7685922,35.7276903],[139.7687749,35.7277309],[139.7693229,35.7278818],[139.7696035,35.7279576],[139.7696854,35.7279884],[139.7698223,35.7280519],[139.769855,35.7280734],[139.7699288,35.7281259],[139.7703375,35.7280114],[139.7710583,35.7273613],[139.7711864,35.7274653],[139.7712303,35.7274623],[139.7712614,35.7274337],[139.7714722,35.7272401],[139.7715533,35.727291],[139.7721953,35.7267699],[139.7722701,35.7268164],[139.772496,35.7266284],[139.7724847,35.7264992],[139.7726815,35.7263657],[139.7726179,35.7261692],[139.7729729,35.7259576],[139.7733052,35.7261481],[139.7734956,35.7260092],[139.7741188,35.7265911],[139.7744733,35.7264468],[139.7750119,35.726233],[139.7753068,35.7261122],[139.7753844,35.726141],[139.7755227,35.7260328],[139.7756465,35.7259483],[139.7759503,35.7257538],[139.7764243,35.7254401],[139.7765599,35.7253453],[139.7769928,35.725237],[139.7775378,35.7251057],[139.7780826,35.7249749],[139.7782421,35.7249484],[139.7783548,35.7249431],[139.7788411,35.7249154],[139.7789537,35.7249088],[139.7789738,35.7249076],[139.7791468,35.7248755],[139.7793403,35.7248423],[139.7794264,35.7248353],[139.7795003,35.7248294],[139.7797433,35.7248389],[139.7798562,35.7248351],[139.7799785,35.7248209],[139.7801196,35.7248074],[139.7803044,35.7247955],[139.7805419,35.7247833],[139.780989,35.7247855],[139.7812795,35.7247825],[139.781274,35.7248899],[139.7812744,35.7249888],[139.7812778,35.725294],[139.7813945,35.7253321],[139.781696,35.7253697],[139.7818285,35.7253866],[139.7819554,35.7255119],[139.7821454,35.7255433],[139.7821716,35.7256675],[139.7821747,35.7257511],[139.7822412,35.7258564],[139.7822736,35.7259547],[139.7822404,35.726186],[139.7822949,35.7265012],[139.7826491,35.7264404],[139.7826848,35.7265748],[139.7829578,35.7266643],[139.7830122,35.7266489],[139.7830386,35.7267655],[139.7830626,35.7269084],[139.7832492,35.7270506],[139.7833752,35.7272495],[139.7836161,35.7274768],[139.7836572,35.7275396],[139.7837489,35.7276029],[139.7842882,35.7277385],[139.7846414,35.7276796],[139.7847713,35.7276594],[139.7848272,35.7276541],[139.7852383,35.7276395],[139.7855845,35.7276006],[139.785803,35.7275739],[139.7861211,35.7276028],[139.7863214,35.7276405],[139.7868422,35.7277796],[139.7868642,35.7277813],[139.787459,35.7277976],[139.7878621,35.7278075],[139.7881115,35.727894],[139.7882498,35.7279425],[139.7888663,35.728221],[139.7890747,35.7283213],[139.7893659,35.7284875],[139.7896056,35.7286432],[139.7897906,35.7288567],[139.7899182,35.7290975],[139.7900542,35.7293444],[139.7902652,35.7295707],[139.7906234,35.7299685],[139.7907772,35.7301829],[139.7910043,35.7304946],[139.7911445,35.7307089],[139.7913458,35.7310284],[139.7915225,35.7313119],[139.7915612,35.7312958],[139.7918292,35.7311771],[139.7921677,35.731016],[139.7924773,35.7308734],[139.7923987,35.7304474],[139.7923959,35.7304051],[139.7924124,35.7303644],[139.7924413,35.7303262],[139.7927329,35.7300787],[139.7932095,35.7303808],[139.7936971,35.7303639],[139.7942845,35.7303388],[139.7942956,35.7302434],[139.7943305,35.7297857],[139.7950847,35.7298036],[139.7950939,35.7297059],[139.7951312,35.729321],[139.7951669,35.7289247],[139.7957095,35.7289532],[139.7960344,35.7289502],[139.7967251,35.7289381],[139.7973878,35.7289563],[139.7982246,35.7289888],[139.7991602,35.7290253],[139.7993802,35.729036],[139.799463,35.7290418],[139.7998404,35.7290684],[139.8007453,35.7291331],[139.801122,35.7291552],[139.8014275,35.7291725],[139.801723,35.7291342],[139.8024643,35.7290189],[139.8031783,35.7289108],[139.8045385,35.7287094],[139.8053964,35.728598]]]}},{"type":"Feature","properties":{"name":"板橋区","name:en":"Itabashi"},"geometry":{"type":"Polygon","coordinates":[[[139.7061539,35.7695898],[139.7061307,35.7696737],[139.7059887,35.7701255],[139.7058697,35.7705326],[139.7058396,35.7706434],[139.7058216,35.7707248],[139.7057857,35.7709068],[139.7057443,35.7711212],[139.7056663,35.7714805],[139.7056582,35.7715242],[139.7055891,35.7718113],[139.7055443,35.77198],[139.7054369,35.7723347],[139.7053878,35.7724613],[139.7052839,35.7726897],[139.705019,35.7732173],[139.7048151,35.7737441],[139.7045592,35.7737577],[139.7043569,35.7738033],[139.7044647,35.7739694],[139.7045417,35.7740854],[139.7046183,35.7741351],[139.7046948,35.7741591],[139.7046933,35.7742852],[139.7045777,35.7742743],[139.7045826,35.7744801],[139.7045824,35.7745402],[139.7046876,35.7745637],[139.7046338,35.7748281],[139.7046005,35.7749589],[139.7045981,35.7749917],[139.704586,35.7751599],[139.7045484,35.7753662],[139.7044909,35.7755637],[139.7043867,35.7758622],[139.7042482,35.776247],[139.7042314,35.7763046],[139.7041278,35.7766603],[139.703978,35.7770272],[139.7038416,35.7773352],[139.7037552,35.777532],[139.7036865,35.7776933],[139.7036143,35.7777985],[139.7035478,35.7780035],[139.7034707,35.7782368],[139.7034407,35.7783747],[139.7034306,35.7784212],[139.7033612,35.7788461],[139.7032643,35.7791347],[139.70316,35.7794404],[139.7031248,35.7795469],[139.7030796,35.779684],[139.7029895,35.7799349],[139.7028736,35.7802797],[139.7027791,35.7805725],[139.7027053,35.78083],[139.7026367,35.7810892],[139.7025514,35.7814627],[139.702546,35.781576],[139.7026074,35.7816738],[139.7028242,35.781938],[139.7028795,35.7820202],[139.7032066,35.7821936],[139.7031751,35.7823988],[139.7031435,35.7826093],[139.7031155,35.7827661],[139.7030145,35.7832484],[139.7029395,35.7835437],[139.7028904,35.7837293],[139.702828,35.783813],[139.702726,35.783915],[139.7024063,35.7842824],[139.7021433,35.7840967],[139.701836,35.783882],[139.701023,35.783373],[139.700369,35.782934],[139.699828,35.782607],[139.699071,35.78227],[139.698437,35.782127],[139.6983431,35.7821284],[139.697742,35.782137],[139.69752,35.782169],[139.697418,35.782183],[139.697169,35.782219],[139.6965724,35.7822953],[139.696551,35.782298],[139.696373,35.782321],[139.69565,35.782459],[139.694975,35.782622],[139.694249,35.782898],[139.693565,35.783143],[139.692451,35.783704],[139.6920483,35.7839454],[139.691275,35.784409],[139.690723,35.784909],[139.690152,35.785761],[139.6901388,35.7857806],[139.690083,35.785863],[139.690079,35.785869],[139.689751,35.786368],[139.689465,35.786797],[139.689393,35.787032],[139.689427,35.787319],[139.68943,35.787349],[139.689443,35.787457],[139.689465,35.787645],[139.689473,35.787657],[139.689498,35.787693],[139.689619,35.787873],[139.689679,35.787961],[139.689686,35.787981],[139.689823,35.78838],[139.689898,35.78851],[139.689966,35.788625],[139.690144,35.788963],[139.690273,35.789207],[139.690397,35.78967],[139.690429,35.789791],[139.690497,35.790044],[139.690633,35.790573],[139.690868,35.790737],[139.690978,35.790861],[139.691014,35.7909],[139.691136,35.791038],[139.691224,35.791137],[139.691346,35.791274],[139.69144,35.79138],[139.6919,35.79185],[139.6919937,35.7919992],[139.692008,35.792022],[139.692054,35.792095],[139.692349,35.79252],[139.692361,35.792536],[139.692544,35.7928],[139.693116,35.793576],[139.69398,35.794758],[139.694564,35.795511],[139.6946172,35.7955946],[139.6951796,35.7970841],[139.6952701,35.7976936],[139.6952407,35.7983703],[139.6950965,35.7997501],[139.6937087,35.8002674],[139.6924226,35.8006197],[139.6913842,35.80079],[139.6903524,35.8009005],[139.6892001,35.800928],[139.6880641,35.8008301],[139.6868301,35.8006476],[139.6857384,35.8003249],[139.68502,35.8000365],[139.6844958,35.7998137],[139.6832223,35.7994764],[139.6826602,35.7993601],[139.6810294,35.799102],[139.6799447,35.7989277],[139.6771766,35.7988929],[139.6743658,35.7991182],[139.6715268,35.7997754],[139.6688291,35.8004234],[139.6646451,35.8005626],[139.6645872,35.8005602],[139.660743,35.8004049],[139.6596239,35.8003842],[139.6564284,35.8003203],[139.6544472,35.8003052],[139.6533827,35.8001751],[139.6480323,35.7971572],[139.6469702,35.7974096],[139.646307,35.7977785],[139.6461219,35.7978814],[139.6445252,35.7987694],[139.6443534,35.798865],[139.6436994,35.7982535],[139.6435692,35.7981318],[139.6430649,35.7983233],[139.642515,35.7972589],[139.6418468,35.7975076],[139.6415617,35.7978848],[139.6411864,35.7980777],[139.6406903,35.7977516],[139.6406099,35.7977837],[139.6405438,35.7979199],[139.6404664,35.7980192],[139.6403819,35.7980331],[139.640291,35.7980297],[139.6402838,35.7979304],[139.6403107,35.7978016],[139.6403978,35.7977184],[139.6404435,35.7976158],[139.640509,35.7974812],[139.640615,35.7972156],[139.6405781,35.7970615],[139.6405291,35.7968645],[139.6403965,35.7967292],[139.6403819,35.7966761],[139.6404515,35.7963804],[139.6407296,35.7959012],[139.6406569,35.7956254],[139.6405247,35.7956476],[139.64024,35.7956223],[139.6401026,35.7955963],[139.6399963,35.7955525],[139.6399302,35.7955081],[139.6398666,35.7954646],[139.6398341,35.7954593],[139.6397663,35.7954952],[139.6397029,35.7955556],[139.6396689,35.7955633],[139.6396397,35.7955498],[139.6396006,35.7955156],[139.639653,35.7954607],[139.6397559,35.7953808],[139.6401627,35.7952724],[139.6400974,35.7949997],[139.6400169,35.7946485],[139.6399287,35.794271],[139.6398313,35.7938494],[139.6395036,35.7938453],[139.6394277,35.7936817],[139.6391877,35.7936854],[139.6391551,35.7935704],[139.6389673,35.7931507],[139.6388887,35.7929728],[139.6388507,35.7927167],[139.6388792,35.7926193],[139.638836,35.7925235],[139.6387833,35.7924789],[139.6386697,35.7923709],[139.6385513,35.7922423],[139.6384497,35.7922435],[139.6382268,35.7921523],[139.6380695,35.7921031],[139.6380504,35.792082],[139.6380146,35.7920127],[139.638003,35.7919572],[139.6380126,35.7919034],[139.6380323,35.7918284],[139.6380279,35.7917928],[139.6379546,35.7917195],[139.6378453,35.7916348],[139.6377181,35.7915177],[139.6376645,35.7914469],[139.6376044,35.7912884],[139.6376835,35.7912026],[139.6376257,35.7910611],[139.6374729,35.7907838],[139.6370617,35.7906397],[139.6369118,35.7907358],[139.6368245,35.7908469],[139.6366596,35.7908675],[139.6365671,35.7908392],[139.6364987,35.790762],[139.6364504,35.7906706],[139.6363485,35.7906249],[139.6362397,35.7905651],[139.636197,35.7905313],[139.6361192,35.7905237],[139.6359548,35.7905564],[139.6359004,35.790604],[139.6358236,35.7906384],[139.6357451,35.7906275],[139.6356491,35.7906039],[139.6354005,35.7905719],[139.635356,35.7905977],[139.6352912,35.7906165],[139.6352313,35.7906787],[139.6351565,35.7907623],[139.6350555,35.7907394],[139.6347495,35.7905664],[139.6346013,35.7904937],[139.6344685,35.7904514],[139.634227,35.790336],[139.6341271,35.7900086],[139.6338716,35.7898465],[139.6336691,35.789718],[139.6339052,35.7893722],[139.633721,35.7893033],[139.633463,35.7896592],[139.633096,35.7894763],[139.6329927,35.7896088],[139.6327828,35.7895003],[139.6328762,35.7893453],[139.632729,35.789292],[139.6322657,35.7890653],[139.6323807,35.7889132],[139.6322678,35.7888468],[139.6323907,35.7887282],[139.6322625,35.7886152],[139.6321599,35.7886749],[139.632069,35.7886183],[139.6318863,35.7884754],[139.6320305,35.7883644],[139.6321214,35.7881467],[139.6322585,35.7879626],[139.6322729,35.7877983],[139.6323445,35.7874849],[139.6324771,35.7872677],[139.6322327,35.7870967],[139.6320741,35.7873777],[139.6318687,35.7872323],[139.6316866,35.7870731],[139.631739,35.786987],[139.6318068,35.7868856],[139.6318762,35.7866887],[139.6319137,35.7865647],[139.6317378,35.7862929],[139.6315624,35.7860118],[139.6313863,35.786134],[139.6310009,35.7859454],[139.6308085,35.786066],[139.6305556,35.7858496],[139.6302913,35.785594],[139.6305379,35.7853464],[139.6304974,35.7852769],[139.630396,35.7851774],[139.6301852,35.7850079],[139.6298794,35.7852495],[139.6297318,35.785298],[139.6296392,35.7853144],[139.6295537,35.7853425],[139.6294395,35.7853004],[139.629282,35.7852126],[139.6290812,35.785168],[139.6289076,35.7852917],[139.6288509,35.7852376],[139.6286947,35.7850887],[139.6281532,35.7845509],[139.627892,35.7842996],[139.627894,35.784238],[139.6280305,35.7840915],[139.6279377,35.7839444],[139.627936,35.7836411],[139.6278459,35.78356],[139.627989,35.7834672],[139.6279725,35.7834478],[139.6277989,35.7835407],[139.6275936,35.783225],[139.627355,35.7829936],[139.6276119,35.7828125],[139.6275623,35.7827295],[139.6275282,35.7826888],[139.627388,35.7826026],[139.6272126,35.7825091],[139.6270167,35.7823127],[139.6269632,35.7822789],[139.6269107,35.7822626],[139.6268585,35.7822682],[139.6264086,35.7823937],[139.6261849,35.7821944],[139.6260386,35.782064],[139.625908,35.7819195],[139.6256979,35.781159],[139.625635,35.7811624],[139.625562,35.7811481],[139.6252596,35.7810556],[139.6251342,35.7810317],[139.624999,35.7810186],[139.6248743,35.7810419],[139.6249329,35.7809519],[139.6250895,35.7806262],[139.625163,35.780326],[139.6245434,35.7798708],[139.6249259,35.7796506],[139.6251363,35.7795295],[139.6257359,35.7792903],[139.6257147,35.7792503],[139.625693,35.779179],[139.6256142,35.7788479],[139.6255656,35.7786886],[139.6253934,35.7782653],[139.6253375,35.7781117],[139.6253277,35.778008],[139.6253178,35.777825],[139.6256664,35.7777901],[139.6264337,35.7777075],[139.6267912,35.7776641],[139.627069,35.7776331],[139.6272574,35.7776133],[139.627541,35.7775811],[139.6278622,35.7775461],[139.6281012,35.7775221],[139.6282804,35.7774956],[139.6284414,35.7774539],[139.6286997,35.7773835],[139.6285875,35.7771468],[139.6291111,35.7769726],[139.6291519,35.7770541],[139.6293169,35.7770136],[139.6293467,35.777082],[139.6296117,35.7769832],[139.6295678,35.7768944],[139.6295411,35.7767361],[139.6295327,35.7766295],[139.6295064,35.7764606],[139.6295112,35.7762761],[139.6295134,35.776084],[139.6295201,35.7759089],[139.629531,35.7756903],[139.6295264,35.7755225],[139.6295111,35.7753165],[139.6294457,35.7751906],[139.6293633,35.7750455],[139.6292573,35.7748276],[139.6291443,35.7746242],[139.629138,35.7745722],[139.6291228,35.7744142],[139.629162,35.7743975],[139.6292473,35.7743433],[139.6293405,35.7742738],[139.6293911,35.7741807],[139.629402,35.7741173],[139.6293898,35.7739826],[139.629348,35.7735266],[139.6293452,35.7734784],[139.6293424,35.7734304],[139.6293184,35.7731821],[139.6292788,35.7727413],[139.6292589,35.7725229],[139.6292242,35.7721777],[139.6292028,35.7719237],[139.6294879,35.7719421],[139.6296177,35.7719535],[139.6296552,35.771974],[139.6297346,35.7720372],[139.6298437,35.7721664],[139.6301264,35.7724969],[139.6307182,35.7721561],[139.63104,35.7719703],[139.6312478,35.7718466],[139.6315457,35.7716795],[139.6317905,35.7715355],[139.6319952,35.7714188],[139.6323526,35.7712075],[139.6329945,35.7708407],[139.6332259,35.7707064],[139.6333914,35.7706474],[139.6335776,35.7706136],[139.6335582,35.7703687],[139.6335474,35.7701828],[139.6335394,35.7700443],[139.6335379,35.7698607],[139.634095,35.769868],[139.634726,35.769875],[139.634774,35.769674],[139.634814,35.769511],[139.6348247,35.7686984],[139.6353471,35.7686975],[139.6354687,35.7687022],[139.6358334,35.7686698],[139.6362528,35.7686631],[139.6367327,35.7686488],[139.6371082,35.7686404],[139.637227,35.7686071],[139.637909,35.7687463],[139.6381047,35.7687649],[139.6381375,35.768768],[139.6381368,35.7687358],[139.6409037,35.7687825],[139.6410102,35.7687963],[139.6411228,35.7690488],[139.6413697,35.7693321],[139.6413676,35.7694657],[139.6415349,35.7694684],[139.6416426,35.7696667],[139.6418128,35.7698306],[139.6419401,35.7699547],[139.6420983,35.7701299],[139.6422364,35.7702839],[139.6424499,35.7705112],[139.6426832,35.770749],[139.6429202,35.7706103],[139.6432012,35.7704489],[139.6433406,35.7703731],[139.6435782,35.770232],[139.6438146,35.7700937],[139.6439838,35.7699981],[139.6442343,35.7698503],[139.6446024,35.7696511],[139.6448575,35.7695045],[139.6451057,35.7693447],[139.6452375,35.7692632],[139.6453848,35.7691821],[139.6454877,35.7691339],[139.6457825,35.7689959],[139.6460844,35.7688869],[139.6463939,35.7687911],[139.6469571,35.7686556],[139.6475152,35.768512],[139.6475457,35.7686774],[139.6476806,35.7686918],[139.6481337,35.768751],[139.6481515,35.768723],[139.6483655,35.7687682],[139.64845,35.7687781],[139.6489704,35.7688163],[139.6492428,35.7688567],[139.6494384,35.7689015],[139.6495221,35.7689187],[139.6498634,35.7689583],[139.6502974,35.7690301],[139.6503598,35.7690248],[139.6506091,35.769014],[139.6510168,35.7690324],[139.6510098,35.7689521],[139.6511357,35.7689397],[139.6511397,35.7690248],[139.6515257,35.7690015],[139.6516832,35.7689978],[139.6518153,35.7689884],[139.6519688,35.7689765],[139.6521783,35.7689509],[139.6522604,35.7687456],[139.6524117,35.768733],[139.6525569,35.7687195],[139.6526511,35.7688477],[139.6526913,35.7688975],[139.652811,35.7689576],[139.652942,35.7690088],[139.6531452,35.7690556],[139.6533561,35.7690755],[139.653515,35.769074],[139.6538848,35.7691337],[139.6540246,35.7691639],[139.6541636,35.7691555],[139.6544039,35.7691479],[139.6544136,35.7692635],[139.6556665,35.7691836],[139.6561714,35.7691469],[139.656423,35.7691321],[139.6566611,35.7691181],[139.6569959,35.769096],[139.6573611,35.7690719],[139.6579903,35.7689245],[139.6583685,35.7689012],[139.659043,35.7688585],[139.659459,35.7688295],[139.6598096,35.768808],[139.6601692,35.7687919],[139.6613704,35.7686908],[139.6614433,35.7685845],[139.6615847,35.7685593],[139.6617889,35.7685414],[139.6620057,35.7685181],[139.6621735,35.7685018],[139.662298,35.7684614],[139.6624163,35.7684333],[139.6625286,35.7684038],[139.6626985,35.7683636],[139.6629931,35.7682986],[139.6638633,35.7681718],[139.6640006,35.7681638],[139.6641813,35.7681776],[139.6642806,35.7681737],[139.6643667,35.7681703],[139.6644171,35.7681683],[139.6645228,35.7681566],[139.6648184,35.7681051],[139.6649316,35.7680868],[139.6651718,35.7680386],[139.6652517,35.7680242],[139.6654335,35.7679812],[139.6660556,35.7678285],[139.6663154,35.7677412],[139.6665253,35.7676663],[139.66691,35.7675281],[139.6671892,35.7674378],[139.6672016,35.7674327],[139.6673558,35.7673691],[139.6676525,35.7672536],[139.6684072,35.767342],[139.6685522,35.7673532],[139.6687635,35.7673497],[139.6689393,35.7673474],[139.6690043,35.7671852],[139.6691023,35.7668796],[139.6691263,35.7668026],[139.6691834,35.7666189],[139.6691961,35.7665616],[139.6693416,35.7659012],[139.6695086,35.7655982],[139.6695725,35.7655042],[139.6697911,35.7651697],[139.6698254,35.7651092],[139.6698941,35.7649566],[139.6700229,35.764614],[139.6701075,35.7643555],[139.6701376,35.7641066],[139.6702082,35.7638191],[139.6702395,35.763743],[139.6702886,35.7636011],[139.6703492,35.7634257],[139.6704752,35.7629661],[139.6705065,35.7628401],[139.670535,35.762755],[139.670564,35.7626684],[139.6705998,35.7625615],[139.6706515,35.762407],[139.6707293,35.762242],[139.6707501,35.762198],[139.6708123,35.762102],[139.6710061,35.7618161],[139.6712302,35.7614561],[139.671383,35.761241],[139.6715521,35.7609434],[139.6715702,35.760903],[139.6715745,35.7608562],[139.6718638,35.760771],[139.6718377,35.7606241],[139.6718276,35.7605541],[139.6719239,35.7605145],[139.672049,35.760445],[139.6721377,35.7603286],[139.6722592,35.7601662],[139.6725353,35.759947],[139.6726385,35.7598555],[139.6727216,35.7597957],[139.6728358,35.7596962],[139.6728711,35.7597094],[139.673354,35.759245],[139.6734666,35.7591489],[139.6735613,35.7590464],[139.6736382,35.7589898],[139.6735177,35.7588636],[139.6738214,35.758756],[139.6736852,35.7578946],[139.673592,35.757215],[139.6735337,35.756772],[139.6733867,35.7561907],[139.6733081,35.7558311],[139.6732139,35.7553666],[139.673209,35.755281],[139.673244,35.755077],[139.673257,35.755004],[139.673287,35.754829],[139.6733051,35.7547235],[139.673315,35.754666],[139.673316,35.754657],[139.673341,35.754512],[139.673555,35.754209],[139.67359,35.754159],[139.6736525,35.7540766],[139.6736212,35.7539955],[139.6735716,35.7538785],[139.673569,35.7535708],[139.6735828,35.7532756],[139.6738661,35.753148],[139.6740871,35.7530391],[139.6744093,35.7528615],[139.674784,35.7524215],[139.6748515,35.7523551],[139.6749184,35.7522914],[139.6749716,35.7520548],[139.6749855,35.751993],[139.6749967,35.7518837],[139.6749847,35.7517368],[139.6749518,35.7515043],[139.6748949,35.7513789],[139.6747995,35.7511625],[139.6747231,35.7509764],[139.6746955,35.7508717],[139.6746621,35.7507576],[139.6745917,35.7505142],[139.6745655,35.750424],[139.674459,35.7501672],[139.6743922,35.7500074],[139.6743673,35.7498691],[139.674358,35.7498175],[139.6743279,35.7497072],[139.674306,35.7496145],[139.6741954,35.7493425],[139.6741131,35.7491376],[139.6740055,35.7489386],[139.6739187,35.7487852],[139.6738724,35.7486914],[139.6738965,35.748656],[139.6737955,35.7485012],[139.6735566,35.7481441],[139.6734512,35.7479282],[139.6733946,35.7478146],[139.6733402,35.7476836],[139.6732959,35.747568],[139.6732392,35.7474358],[139.6731828,35.747305],[139.6731311,35.7471797],[139.6730584,35.7469812],[139.6730206,35.7468297],[139.6728744,35.7465965],[139.672783,35.746456],[139.6726901,35.7462693],[139.6726104,35.7461042],[139.6724576,35.7458573],[139.6724078,35.7457772],[139.6723601,35.7456815],[139.6722726,35.7453597],[139.6722308,35.7451761],[139.6722316,35.7450528],[139.6722977,35.7445882],[139.672313,35.7445103],[139.6724668,35.7445711],[139.672582,35.7446182],[139.6727856,35.7447456],[139.672928,35.7448171],[139.6734033,35.7450153],[139.6735711,35.7450838],[139.6736547,35.7448844],[139.6737067,35.7447569],[139.6744555,35.7452891],[139.6748056,35.7455259],[139.6748365,35.7455128],[139.6750931,35.745404],[139.6753845,35.7452795],[139.6754748,35.7454103],[139.6757657,35.7456015],[139.6758467,35.7455792],[139.6762221,35.7454561],[139.676438,35.7453853],[139.67685,35.7452497],[139.6771236,35.7451631],[139.6775343,35.7450334],[139.6778843,35.7449184],[139.678271,35.7447911],[139.678854,35.7446092],[139.6792142,35.7444891],[139.6795571,35.7443754],[139.6798089,35.7442969],[139.6803914,35.7441121],[139.6806855,35.7440182],[139.6809769,35.7439251],[139.6810087,35.7437225],[139.6810099,35.7435972],[139.6809753,35.7434568],[139.6809148,35.74331],[139.6808029,35.7431164],[139.6807406,35.7429827],[139.6807068,35.7429247],[139.6806662,35.7428342],[139.6806503,35.7427337],[139.6806197,35.7426879],[139.6806181,35.7425308],[139.6806167,35.7424395],[139.6803994,35.7422481],[139.6804952,35.7420702],[139.6804951,35.7420195],[139.6803989,35.7419006],[139.6800503,35.7420893],[139.6797733,35.7417729],[139.6798782,35.7417139],[139.6798934,35.7417359],[139.6800735,35.7416503],[139.6800805,35.7419552],[139.6802738,35.7419541],[139.6802761,35.7415574],[139.6802011,35.7415574],[139.6802319,35.7415065],[139.6801065,35.7413698],[139.6796892,35.7416004],[139.6796495,35.7415458],[139.6795301,35.7413817],[139.6794775,35.7412125],[139.6794572,35.741085],[139.6794376,35.741022],[139.6793597,35.7409021],[139.6792892,35.7407998],[139.6792313,35.7407229],[139.6789822,35.7406508],[139.6789848,35.7403446],[139.6790857,35.740173],[139.6791925,35.7399997],[139.6794332,35.7396972],[139.6795729,35.7395167],[139.6796741,35.7393795],[139.6797106,35.7393158],[139.6798242,35.7390779],[139.6799111,35.7389846],[139.6800357,35.7388473],[139.6802664,35.7386058],[139.6804649,35.7386524],[139.6805625,35.7386736],[139.6810828,35.7387542],[139.6814957,35.7388359],[139.6816925,35.7388682],[139.6820915,35.7389362],[139.6821364,35.7389457],[139.6824142,35.7390162],[139.6825984,35.7390669],[139.6828843,35.7391429],[139.6831119,35.7391962],[139.6832851,35.7392417],[139.6834819,35.739302],[139.683721,35.7393795],[139.6840038,35.739478],[139.6848445,35.7397662],[139.6851793,35.7398676],[139.6853486,35.7399116],[139.6854715,35.7399435],[139.685695,35.7399952],[139.6858211,35.7400232],[139.6860496,35.740089],[139.6863437,35.7401725],[139.6865695,35.7402345],[139.6870302,35.7403851],[139.6875254,35.7405622],[139.6875698,35.7405739],[139.687672,35.7405934],[139.688039,35.7406723],[139.6880728,35.7407282],[139.6882299,35.7407658],[139.6882956,35.7408078],[139.6887925,35.7409492],[139.6890135,35.7410105],[139.6893797,35.7411505],[139.6895287,35.7412083],[139.6897785,35.7413597],[139.6898496,35.7414072],[139.6902347,35.7416642],[139.6909073,35.7421182],[139.6911702,35.7423061],[139.6916296,35.7426445],[139.6919632,35.7429208],[139.692433,35.743317],[139.6925339,35.7434406],[139.6925595,35.743401],[139.6927058,35.743478],[139.6929952,35.7432202],[139.6931656,35.7430905],[139.6934871,35.7429239],[139.6934795,35.7428963],[139.6935437,35.7428998],[139.6937436,35.7428921],[139.694117,35.742908],[139.6941101,35.7429926],[139.6941064,35.7430376],[139.694174,35.7430473],[139.6943847,35.7430755],[139.6946533,35.7430674],[139.6946368,35.7429385],[139.6946317,35.7428991],[139.6946331,35.7427781],[139.6946324,35.742529],[139.6946385,35.7423212],[139.6946529,35.7421198],[139.6946888,35.7421221],[139.6950148,35.7421404],[139.6954657,35.7421608],[139.6959811,35.7421835],[139.6965823,35.742209],[139.6971723,35.7422351],[139.6976231,35.7422542],[139.6981734,35.742278],[139.6986956,35.7423007],[139.6987506,35.7419594],[139.6988387,35.74141],[139.6988765,35.7411543],[139.6989307,35.7407831],[139.6989678,35.7405284],[139.6990374,35.7400755],[139.6990658,35.7398877],[139.6991441,35.7398937],[139.699395,35.739913],[139.7000095,35.7399559],[139.7002035,35.7399791],[139.7007046,35.7400412],[139.7007773,35.7400496],[139.7008382,35.7399149],[139.7009835,35.7396056],[139.7010673,35.7394311],[139.7012511,35.7390485],[139.7014069,35.7387015],[139.7015144,35.7384658],[139.7016292,35.738228],[139.7018071,35.7378694],[139.7018837,35.7377112],[139.702076,35.7373106],[139.7021004,35.737258],[139.7017142,35.737132],[139.7017246,35.7370927],[139.7017481,35.7370069],[139.7018673,35.7366006],[139.7019015,35.7364951],[139.7019063,35.7364802],[139.701909,35.7363184],[139.7018931,35.7362001],[139.7019917,35.7361222],[139.702184,35.7360796],[139.7026675,35.7359747],[139.7031548,35.7358706],[139.7033199,35.735835],[139.7035816,35.735779],[139.7035818,35.7357828],[139.7038583,35.7370515],[139.7039053,35.7372997],[139.7039199,35.73737],[139.7039643,35.7374669],[139.7040617,35.7375715],[139.7045415,35.7380885],[139.7045952,35.738147],[139.7048478,35.7384313],[139.7049635,35.7385576],[139.7050568,35.7386626],[139.7050895,35.7386954],[139.7051571,35.7387619],[139.7053951,35.7389983],[139.7056714,35.7392686],[139.7058474,35.7394427],[139.7060113,35.7396046],[139.7061561,35.7397477],[139.7063516,35.7399408],[139.7064191,35.740013],[139.7065566,35.7401604],[139.7066788,35.7402901],[139.7067401,35.7403519],[139.7069017,35.7405145],[139.7070113,35.7406244],[139.7071359,35.740748],[139.7072582,35.7408671],[139.7073638,35.7409715],[139.7075451,35.7411508],[139.7081058,35.7417604],[139.7083724,35.7420551],[139.7085382,35.742346],[139.7087398,35.7427912],[139.7089112,35.7431865],[139.7089441,35.7432747],[139.7089079,35.7433906],[139.7089133,35.7434717],[139.7089265,35.7435332],[139.7089309,35.7436241],[139.7089015,35.7437165],[139.7089169,35.74395],[139.7089432,35.7439946],[139.7089674,35.74418],[139.7090377,35.7443422],[139.7091604,35.7445059],[139.7092084,35.744565],[139.7094873,35.7449087],[139.7095134,35.744945],[139.709526,35.7449625],[139.7095591,35.7450085],[139.7098181,35.7454105],[139.7099762,35.7456699],[139.7100091,35.7457376],[139.7101101,35.7458491],[139.7102255,35.7459257],[139.7103643,35.7459704],[139.7104139,35.7459771],[139.7104672,35.7459843],[139.7105644,35.7459812],[139.7109929,35.7459254],[139.7110693,35.7459244],[139.7112043,35.7459115],[139.711643,35.7458552],[139.7119471,35.7458004],[139.7121731,35.7457666],[139.7124463,35.7457241],[139.7127707,35.7456754],[139.7132195,35.745617],[139.7134416,35.7455837],[139.7135804,35.7455735],[139.7137262,35.7455402],[139.7138602,35.7454776],[139.7143703,35.7454574],[139.7144915,35.7454358],[139.7146196,35.7457537],[139.7145837,35.7457737],[139.7147789,35.7459875],[139.7161019,35.7456462],[139.7169292,35.7455506],[139.7172174,35.7455193],[139.7175605,35.7454804],[139.7188901,35.7454576],[139.7189738,35.7454335],[139.7190159,35.7454133],[139.7190917,35.745345],[139.7191624,35.7453019],[139.7191959,35.7452929],[139.7196057,35.7451829],[139.719632,35.7451751],[139.7196368,35.7451931],[139.719759,35.7456282],[139.7198671,35.7457334],[139.7199335,35.7458852],[139.7199845,35.7459646],[139.7200318,35.7460492],[139.7200774,35.7461345],[139.720118,35.7462012],[139.7201823,35.7463373],[139.7202095,35.7463835],[139.7202625,35.7464737],[139.7200674,35.7465385],[139.7201922,35.7467347],[139.7205809,35.7465738],[139.7210362,35.7463713],[139.7211482,35.7463211],[139.7212298,35.7462856],[139.7213048,35.7465435],[139.7213047,35.7468024],[139.7213239,35.7470158],[139.7213495,35.7471231],[139.7213504,35.7471757],[139.7213228,35.7473276],[139.7213228,35.7474651],[139.7222126,35.7474582],[139.72222,35.747572],[139.722221,35.747579],[139.722236,35.747749],[139.722178,35.747754],[139.722173,35.747754],[139.7220144,35.7477573],[139.7219947,35.7479948],[139.7217402,35.7479884],[139.7217649,35.7482263],[139.7218523,35.7483811],[139.7218866,35.7484425],[139.721895,35.7485274],[139.7219076,35.7486757],[139.72206,35.7486241],[139.7221731,35.7488023],[139.7217587,35.7489844],[139.721901,35.749403],[139.722036,35.7499253],[139.7221367,35.7503301],[139.7222005,35.7506912],[139.722403,35.7507261],[139.722604,35.750755],[139.7226073,35.7508503],[139.722594,35.7512185],[139.7227177,35.7512194],[139.7226861,35.7515142],[139.7227235,35.7517055],[139.7227558,35.751863],[139.7227544,35.7520026],[139.7224001,35.7519981],[139.7224087,35.7522841],[139.7224052,35.7524893],[139.7224062,35.7535488],[139.7222513,35.7536182],[139.7220285,35.7537068],[139.7220322,35.7539114],[139.7218954,35.7539472],[139.721508,35.754111],[139.7210335,35.7542974],[139.7212077,35.7546147],[139.7208069,35.7547846],[139.720583,35.754889],[139.7202225,35.7550216],[139.7204291,35.7553917],[139.7209813,35.7551565],[139.7211401,35.7554227],[139.7201947,35.7558471],[139.7204048,35.7561678],[139.719588,35.756499],[139.7191951,35.7567095],[139.719347,35.756823],[139.719297,35.756941],[139.719264,35.75702],[139.719199,35.757173],[139.718678,35.757674],[139.718418,35.757928],[139.718275,35.7582001],[139.7177583,35.7585571],[139.717615,35.758746],[139.717298,35.759164],[139.717189,35.759364],[139.717139,35.759457],[139.71703,35.759656],[139.716964,35.759777],[139.716938,35.759825],[139.716854,35.759979],[139.716691,35.760234],[139.716476,35.760398],[139.716292,35.760724],[139.716213,35.760791],[139.716123,35.760866],[139.7157772,35.7611288],[139.7155606,35.7612679],[139.7154235,35.7613512],[139.7152451,35.7614602],[139.7152098,35.7615076],[139.7151145,35.7615803],[139.7149961,35.7616685],[139.7149716,35.7616833],[139.7148211,35.7617743],[139.7145544,35.7619547],[139.7144304,35.762043],[139.7142073,35.762232],[139.7139158,35.7624838],[139.7136546,35.7626859],[139.7135575,35.7627598],[139.7134926,35.7627489],[139.7132676,35.7630907],[139.713188,35.76322],[139.7131549,35.7632693],[139.7131,35.763271],[139.7129078,35.7632667],[139.712582,35.7632781],[139.7125596,35.7633141],[139.7124772,35.7634428],[139.7120451,35.7634569],[139.7117617,35.7635046],[139.7116446,35.7635706],[139.7115541,35.7636211],[139.7114566,35.7636613],[139.7113761,35.7636945],[139.7103289,35.7634122],[139.7100029,35.7641315],[139.709739,35.7647174],[139.7095942,35.7650644],[139.7093828,35.7650073],[139.7092351,35.7653372],[139.7091181,35.7656283],[139.7081303,35.7653787],[139.7079934,35.7657079],[139.707822,35.7661535],[139.707597,35.7662218],[139.7072006,35.7664924],[139.7065964,35.7670506],[139.7065759,35.7671773],[139.7065504,35.7673341],[139.706517,35.767581],[139.7064931,35.7677755],[139.7064823,35.7678893],[139.7064032,35.7684181],[139.7063465,35.7688072],[139.7063111,35.7689856],[139.7062847,35.7691031],[139.706231,35.7692915],[139.7061923,35.7694508],[139.7061539,35.7695898]]]}},{"type":"Feature","properties":{"name":"練馬区","name:en":"Nerima"},"geometry":{"type":"MultiPolygon","coordinates":[[[[139.5666288,35.7633881],[139.5667622,35.7631596],[139.5671254,35.7633018],[139.5673381,35.7633919],[139.5672798,35.7635044],[139.5672307,35.7636337],[139.5670515,35.7635597],[139.5668063,35.7634591],[139.5667518,35.7635494],[139.5666678,35.7635167],[139.5667206,35.7634266],[139.5666288,35.7633881]]],[[[139.6802664,35.7386058],[139.6800357,35.7388473],[139.6799111,35.7389846],[139.6798242,35.7390779],[139.6797106,35.7393158],[139.6796741,35.7393795],[139.6795729,35.7395167],[139.6794332,35.7396972],[139.6791925,35.7399997],[139.6790857,35.740173],[139.6789848,35.7403446],[139.6789822,35.7406508],[139.6792313,35.7407229],[139.6792892,35.7407998],[139.6793597,35.7409021],[139.6794376,35.741022],[139.6794572,35.741085],[139.6794775,35.7412125],[139.6795301,35.7413817],[139.6796495,35.7415458],[139.6796892,35.7416004],[139.6801065,35.7413698],[139.6802319,35.7415065],[139.6802011,35.7415574],[139.6802761,35.7415574],[139.6802738,35.7419541],[139.6800805,35.7419552],[139.6800735,35.7416503],[139.6798934,35.7417359],[139.6798782,35.7417139],[139.6797733,35.7417729],[139.6800503,35.7420893],[139.6803989,35.7419006],[139.6804951,35.7420195],[139.6804952,35.7420702],[139.6803994,35.7422481],[139.6806167,35.7424395],[139.6806181,35.7425308],[139.6806197,35.7426879],[139.6806503,35.7427337],[139.6806662,35.7428342],[139.6807068,35.7429247],[139.6807406,35.7429827],[139.6808029,35.7431164],[139.6809148,35.74331],[139.6809753,35.7434568],[139.6810099,35.7435972],[139.6810087,35.7437225],[139.6809769,35.7439251],[139.6806855,35.7440182],[139.6803914,35.7441121],[139.6798089,35.7442969],[139.6795571,35.7443754],[139.6792142,35.7444891],[139.678854,35.7446092],[139.678271,35.7447911],[139.6778843,35.7449184],[139.6775343,35.7450334],[139.6771236,35.7451631],[139.67685,35.7452497],[139.676438,35.7453853],[139.6762221,35.7454561],[139.6758467,35.7455792],[139.6757657,35.7456015],[139.6754748,35.7454103],[139.6753845,35.7452795],[139.6750931,35.745404],[139.6748365,35.7455128],[139.6748056,35.7455259],[139.6744555,35.7452891],[139.6737067,35.7447569],[139.6736547,35.7448844],[139.6735711,35.7450838],[139.6734033,35.7450153],[139.672928,35.7448171],[139.6727856,35.7447456],[139.672582,35.7446182],[139.6724668,35.7445711],[139.672313,35.7445103],[139.6722977,35.7445882],[139.6722316,35.7450528],[139.6722308,35.7451761],[139.6722726,35.7453597],[139.6723601,35.7456815],[139.6724078,35.7457772],[139.6724576,35.7458573],[139.6726104,35.7461042],[139.6726901,35.7462693],[139.672783,35.746456],[139.6728744,35.7465965],[139.6730206,35.7468297],[139.6730584,35.7469812],[139.6731311,35.7471797],[139.6731828,35.747305],[139.6732392,35.7474358],[139.6732959,35.747568],[139.6733402,35.7476836],[139.6733946,35.7478146],[139.6734512,35.7479282],[139.6735566,35.7481441],[139.6737955,35.7485012],[139.6738965,35.748656],[139.6738724,35.7486914],[139.6739187,35.7487852],[139.6740055,35.7489386],[139.6741131,35.7491376],[139.6741954,35.7493425],[139.674306,35.7496145],[139.6743279,35.7497072],[139.674358,35.7498175],[139.6743673,35.7498691],[139.6743922,35.7500074],[139.674459,35.7501672],[139.6745655,35.750424],[139.6745917,35.7505142],[139.6746621,35.7507576],[139.6746955,35.7508717],[139.6747231,35.7509764],[139.6747995,35.7511625],[139.6748949,35.7513789],[139.6749518,35.7515043],[139.6749847,35.7517368],[139.6749967,35.7518837],[139.6749855,35.751993],[139.6749716,35.7520548],[139.6749184,35.7522914],[139.6748515,35.7523551],[139.674784,35.7524215],[139.6744093,35.7528615],[139.6740871,35.7530391],[139.6738661,35.753148],[139.6735828,35.7532756],[139.673569,35.7535708],[139.6735716,35.7538785],[139.6736212,35.7539955],[139.6736525,35.7540766],[139.67359,35.754159],[139.673555,35.754209],[139.673341,35.754512],[139.673316,35.754657],[139.673315,35.754666],[139.6733051,35.7547235],[139.673287,35.754829],[139.673257,35.755004],[139.673244,35.755077],[139.673209,35.755281],[139.6732139,35.7553666],[139.6733081,35.7558311],[139.6733867,35.7561907],[139.6735337,35.756772],[139.673592,35.757215],[139.6736852,35.7578946],[139.6738214,35.758756],[139.6735177,35.7588636],[139.6736382,35.7589898],[139.6735613,35.7590464],[139.6734666,35.7591489],[139.673354,35.759245],[139.6728711,35.7597094],[139.6728358,35.7596962],[139.6727216,35.7597957],[139.6726385,35.7598555],[139.6725353,35.759947],[139.6722592,35.7601662],[139.6721377,35.7603286],[139.672049,35.760445],[139.6719239,35.7605145],[139.6718276,35.7605541],[139.6718377,35.7606241],[139.6718638,35.760771],[139.6715745,35.7608562],[139.6715702,35.760903],[139.6715521,35.7609434],[139.671383,35.761241],[139.6712302,35.7614561],[139.6710061,35.7618161],[139.6708123,35.762102],[139.6707501,35.762198],[139.6707293,35.762242],[139.6706515,35.762407],[139.6705998,35.7625615],[139.670564,35.7626684],[139.670535,35.762755],[139.6705065,35.7628401],[139.6704752,35.7629661],[139.6703492,35.7634257],[139.6702886,35.7636011],[139.6702395,35.763743],[139.6702082,35.7638191],[139.6701376,35.7641066],[139.6701075,35.7643555],[139.6700229,35.764614],[139.6698941,35.7649566],[139.6698254,35.7651092],[139.6697911,35.7651697],[139.6695725,35.7655042],[139.6695086,35.7655982],[139.6693416,35.7659012],[139.6691961,35.7665616],[139.6691834,35.7666189],[139.6691263,35.7668026],[139.6691023,35.7668796],[139.6690043,35.7671852],[139.6689393,35.7673474],[139.6687635,35.7673497],[139.6685522,35.7673532],[139.6684072,35.767342],[139.6676525,35.7672536],[139.6673558,35.7673691],[139.6672016,35.7674327],[139.6671892,35.7674378],[139.66691,35.7675281],[139.6665253,35.7676663],[139.6663154,35.7677412],[139.6660556,35.7678285],[139.6654335,35.7679812],[139.6652517,35.7680242],[139.6651718,35.7680386],[139.6649316,35.7680868],[139.6648184,35.7681051],[139.6645228,35.7681566],[139.6644171,35.7681683],[139.6643667,35.7681703],[139.6642806,35.7681737],[139.6641813,35.7681776],[139.6640006,35.7681638],[139.6638633,35.7681718],[139.6629931,35.7682986],[139.6626985,35.7683636],[139.6625286,35.7684038],[139.6624163,35.7684333],[139.662298,35.7684614],[139.6621735,35.7685018],[139.6620057,35.7685181],[139.6617889,35.7685414],[139.6615847,35.7685593],[139.6614433,35.7685845],[139.6613704,35.7686908],[139.6601692,35.7687919],[139.6598096,35.768808],[139.659459,35.7688295],[139.659043,35.7688585],[139.6583685,35.7689012],[139.6579903,35.7689245],[139.6573611,35.7690719],[139.6569959,35.769096],[139.6566611,35.7691181],[139.656423,35.7691321],[139.6561714,35.7691469],[139.6556665,35.7691836],[139.6544136,35.7692635],[139.6544039,35.7691479],[139.6541636,35.7691555],[139.6540246,35.7691639],[139.6538848,35.7691337],[139.653515,35.769074],[139.6533561,35.7690755],[139.6531452,35.7690556],[139.652942,35.7690088],[139.652811,35.7689576],[139.6526913,35.7688975],[139.6526511,35.7688477],[139.6525569,35.7687195],[139.6524117,35.768733],[139.6522604,35.7687456],[139.6521783,35.7689509],[139.6519688,35.7689765],[139.6518153,35.7689884],[139.6516832,35.7689978],[139.6515257,35.7690015],[139.6511397,35.7690248],[139.6511357,35.7689397],[139.6510098,35.7689521],[139.6510168,35.7690324],[139.6506091,35.769014],[139.6503598,35.7690248],[139.6502974,35.7690301],[139.6498634,35.7689583],[139.6495221,35.7689187],[139.6494384,35.7689015],[139.6492428,35.7688567],[139.6489704,35.7688163],[139.64845,35.7687781],[139.6483655,35.7687682],[139.6481515,35.768723],[139.6481337,35.768751],[139.6476806,35.7686918],[139.6475457,35.7686774],[139.6475152,35.768512],[139.6469571,35.7686556],[139.6463939,35.7687911],[139.6460844,35.7688869],[139.6457825,35.7689959],[139.6454877,35.7691339],[139.6453848,35.7691821],[139.6452375,35.7692632],[139.6451057,35.7693447],[139.6448575,35.7695045],[139.6446024,35.7696511],[139.6442343,35.7698503],[139.6439838,35.7699981],[139.6438146,35.7700937],[139.6435782,35.770232],[139.6433406,35.7703731],[139.6432012,35.7704489],[139.6429202,35.7706103],[139.6426832,35.770749],[139.6424499,35.7705112],[139.6422364,35.7702839],[139.6420983,35.7701299],[139.6419401,35.7699547],[139.6418128,35.7698306],[139.6416426,35.7696667],[139.6415349,35.7694684],[139.6413676,35.7694657],[139.6413697,35.7693321],[139.6411228,35.7690488],[139.6410102,35.7687963],[139.6409037,35.7687825],[139.6381368,35.7687358],[139.6381375,35.768768],[139.6381047,35.7687649],[139.637909,35.7687463],[139.637227,35.7686071],[139.6371082,35.7686404],[139.6367327,35.7686488],[139.6362528,35.7686631],[139.6358334,35.7686698],[139.6354687,35.7687022],[139.6353471,35.7686975],[139.6348247,35.7686984],[139.634814,35.769511],[139.634774,35.769674],[139.634726,35.769875],[139.634095,35.769868],[139.6335379,35.7698607],[139.6335394,35.7700443],[139.6335474,35.7701828],[139.6335582,35.7703687],[139.6335776,35.7706136],[139.6333914,35.7706474],[139.6332259,35.7707064],[139.6329945,35.7708407],[139.6323526,35.7712075],[139.6319952,35.7714188],[139.6317905,35.7715355],[139.6315457,35.7716795],[139.6312478,35.7718466],[139.63104,35.7719703],[139.6307182,35.7721561],[139.6301264,35.7724969],[139.6298437,35.7721664],[139.6297346,35.7720372],[139.6296552,35.771974],[139.6296177,35.7719535],[139.6294879,35.7719421],[139.6292028,35.7719237],[139.6292242,35.7721777],[139.6292589,35.7725229],[139.6292788,35.7727413],[139.6293184,35.7731821],[139.6293424,35.7734304],[139.6293452,35.7734784],[139.629348,35.7735266],[139.6293898,35.7739826],[139.629402,35.7741173],[139.6293911,35.7741807],[139.6293405,35.7742738],[139.6292473,35.7743433],[139.629162,35.7743975],[139.6291228,35.7744142],[139.629138,35.7745722],[139.6291443,35.7746242],[139.6292573,35.7748276],[139.6293633,35.7750455],[139.6294457,35.7751906],[139.6295111,35.7753165],[139.6295264,35.7755225],[139.629531,35.7756903],[139.6295201,35.7759089],[139.6295134,35.776084],[139.6295112,35.7762761],[139.6295064,35.7764606],[139.6295327,35.7766295],[139.6295411,35.7767361],[139.6295678,35.7768944],[139.6296117,35.7769832],[139.6293467,35.777082],[139.6293169,35.7770136],[139.6291519,35.7770541],[139.6291111,35.7769726],[139.6285875,35.7771468],[139.6286997,35.7773835],[139.6284414,35.7774539],[139.6282804,35.7774956],[139.6281012,35.7775221],[139.6278622,35.7775461],[139.627541,35.7775811],[139.6272574,35.7776133],[139.627069,35.7776331],[139.6267912,35.7776641],[139.6264337,35.7777075],[139.6256664,35.7777901],[139.6253178,35.777825],[139.6253277,35.778008],[139.6253375,35.7781117],[139.6253934,35.7782653],[139.6255656,35.7786886],[139.6256142,35.7788479],[139.625693,35.779179],[139.6257147,35.7792503],[139.6257359,35.7792903],[139.6251363,35.7795295],[139.6249259,35.7796506],[139.6245434,35.7798708],[139.6245506,35.7798036],[139.6245692,35.7796171],[139.6245749,35.7795603],[139.6245934,35.7793768],[139.6246029,35.7791911],[139.6246117,35.7790574],[139.6246031,35.7789773],[139.624578,35.7788143],[139.6245521,35.7786554],[139.6244637,35.7785108],[139.6244284,35.7784322],[139.6243771,35.778327],[139.6243563,35.7782559],[139.624359,35.7781727],[139.6244034,35.7778699],[139.6244084,35.7777511],[139.6244153,35.7769522],[139.6244165,35.7768295],[139.6244125,35.7767224],[139.6243851,35.7766092],[139.6243353,35.7764481],[139.6243072,35.7763447],[139.6242917,35.7762719],[139.6242932,35.7761697],[139.6243007,35.7760887],[139.6243632,35.7759145],[139.6243701,35.7758476],[139.6243443,35.7757766],[139.6242502,35.7755934],[139.6242107,35.7754692],[139.6242014,35.7753952],[139.6242178,35.7753336],[139.6242826,35.7752397],[139.6243027,35.7751812],[139.6243028,35.7751289],[139.6242916,35.7750548],[139.6242376,35.7749061],[139.6241387,35.7746339],[139.6240906,35.774502],[139.624058,35.7743656],[139.6240426,35.7741983],[139.6240297,35.7740476],[139.6240274,35.7740303],[139.624057,35.7740204],[139.6242755,35.773961],[139.6242488,35.773873],[139.6242867,35.7738014],[139.6243204,35.7737064],[139.6242875,35.7735977],[139.6242894,35.7735164],[139.624269,35.7733869],[139.6243134,35.773369],[139.6244704,35.7732961],[139.624658,35.7732643],[139.6250488,35.7729622],[139.6250909,35.7730353],[139.6251252,35.7730078],[139.6251452,35.7729852],[139.6251806,35.7729317],[139.6252186,35.7728879],[139.6253324,35.7727842],[139.6253834,35.7727658],[139.625374,35.772729],[139.6253556,35.7726585],[139.625264,35.7725778],[139.6251303,35.7724687],[139.6250039,35.7723404],[139.6247387,35.7724447],[139.6245312,35.7721558],[139.6244445,35.7720404],[139.6243258,35.771882],[139.6242422,35.7717634],[139.624212,35.7711714],[139.6241701,35.7709618],[139.6241185,35.7707388],[139.6240892,35.7705879],[139.6240231,35.7703188],[139.6239865,35.7702129],[139.6238432,35.769762],[139.6237248,35.769382],[139.6236959,35.7692904],[139.6235946,35.7690162],[139.6234546,35.7685674],[139.6233682,35.7681669],[139.6232503,35.7675166],[139.6232278,35.7672473],[139.6232198,35.7671593],[139.623203,35.7666863],[139.6228175,35.7666855],[139.6224368,35.7666806],[139.6218351,35.7666817],[139.6210116,35.7666881],[139.6209035,35.7666844],[139.6203528,35.7666914],[139.6201177,35.7666904],[139.6198635,35.7666911],[139.619733,35.7666936],[139.6195867,35.7666925],[139.618959,35.7666801],[139.618615,35.7666745],[139.6181277,35.7666428],[139.6179037,35.7666199],[139.6176822,35.7665873],[139.6176657,35.7666896],[139.6176917,35.7669065],[139.6176668,35.7670617],[139.6176206,35.7672231],[139.617541,35.7673906],[139.6175134,35.76755],[139.617493,35.7676739],[139.6174428,35.7678101],[139.6173834,35.7679567],[139.6173172,35.7681152],[139.617229,35.7682967],[139.6169409,35.768578],[139.6169464,35.7686906],[139.6170682,35.7691061],[139.6170508,35.769294],[139.6169386,35.7695301],[139.6168711,35.7696525],[139.616834,35.7697591],[139.6168005,35.7699164],[139.6168447,35.7700305],[139.61689,35.7700538],[139.617153,35.770125],[139.617169,35.770172],[139.617203,35.770272],[139.6169226,35.7703739],[139.6166432,35.7704745],[139.6163713,35.7705735],[139.6161676,35.7706311],[139.6159455,35.7706781],[139.6157523,35.7707078],[139.615551,35.7707226],[139.6153007,35.7707288],[139.6150325,35.7707348],[139.6147578,35.770742],[139.6144947,35.7707481],[139.6141512,35.7707594],[139.6138127,35.7707698],[139.6135014,35.7707797],[139.6132038,35.7707888],[139.61293,35.7707949],[139.6127663,35.7707718],[139.6125657,35.7707126],[139.6123884,35.7706207],[139.6122922,35.7705076],[139.611989,35.7701203],[139.611639,35.7697242],[139.611506,35.7695533],[139.6114238,35.7694884],[139.6113715,35.7695023],[139.6112559,35.7695636],[139.6112834,35.7697433],[139.6113008,35.7698274],[139.6114743,35.7700209],[139.6115749,35.7701674],[139.6115966,35.7702706],[139.6117088,35.7704126],[139.6117977,35.7704847],[139.6118972,35.7706142],[139.6115696,35.7706622],[139.6113765,35.7707399],[139.6113011,35.7707709],[139.6112498,35.7707873],[139.6113213,35.7708249],[139.6113129,35.770838],[139.6111573,35.7710181],[139.6110346,35.771177],[139.6109743,35.771157],[139.6108235,35.7710842],[139.6106271,35.7709936],[139.6104133,35.7708966],[139.6101237,35.7707404],[139.6100762,35.7707144],[139.6099017,35.7705842],[139.6096595,35.7703845],[139.6095301,35.7702775],[139.6093618,35.7700933],[139.6092315,35.7699494],[139.6091992,35.7699155],[139.6091461,35.7698326],[139.6090709,35.7697072],[139.6089943,35.7695808],[139.6089174,35.7694484],[139.6088115,35.7692723],[139.6087233,35.7691342],[139.6087054,35.769105],[139.6087015,35.7690775],[139.6085681,35.7691801],[139.6085182,35.76922],[139.6084744,35.7692602],[139.6080669,35.769125],[139.6079506,35.7692898],[139.607373,35.7692296],[139.6073324,35.7693479],[139.6070497,35.7692811],[139.6068882,35.7694823],[139.606784,35.7696766],[139.6067314,35.7697643],[139.6067118,35.7700982],[139.6067065,35.7703368],[139.6066778,35.7704956],[139.6066604,35.7705823],[139.6066649,35.7707709],[139.6066122,35.7709754],[139.6065865,35.771043],[139.6065441,35.7711188],[139.6064719,35.7712151],[139.6064081,35.7712982],[139.6063049,35.7712459],[139.6061629,35.7711677],[139.6060619,35.7711112],[139.6059249,35.7710535],[139.6057438,35.7709805],[139.6054615,35.7708665],[139.6053158,35.7708057],[139.6048214,35.7705798],[139.6046668,35.7705091],[139.6046032,35.770482],[139.6044431,35.7704155],[139.6042786,35.7703513],[139.6040633,35.7701841],[139.6039618,35.7703249],[139.6037539,35.7705546],[139.6036686,35.7705153],[139.6033161,35.770958],[139.6031721,35.7711498],[139.6028205,35.7710024],[139.6024481,35.7708378],[139.6013323,35.7702448],[139.6010445,35.7701085],[139.6007957,35.7699596],[139.6005903,35.769798],[139.6004582,35.7696882],[139.6001859,35.7694531],[139.60011,35.7695031],[139.5998421,35.7693483],[139.5993721,35.7691565],[139.5989319,35.7690621],[139.5986839,35.7690071],[139.5986117,35.7690579],[139.598581,35.7691495],[139.5984625,35.7693015],[139.5982041,35.7695833],[139.5980065,35.7698042],[139.5979186,35.7699081],[139.5980741,35.7699671],[139.5984888,35.7701221],[139.5988067,35.7702434],[139.5988646,35.7702885],[139.5986421,35.7703611],[139.598475,35.7704259],[139.5983357,35.7704965],[139.5981538,35.7706106],[139.5980359,35.7707045],[139.5979654,35.77077],[139.5978924,35.7708346],[139.5976503,35.7710413],[139.5974692,35.7711981],[139.5973263,35.7713002],[139.5974155,35.7713839],[139.5975242,35.7714835],[139.5977277,35.7716715],[139.5979357,35.7718639],[139.5980606,35.771987],[139.5981575,35.7720956],[139.5983033,35.7722615],[139.5984971,35.7724358],[139.5987325,35.7725654],[139.5991428,35.7727839],[139.5995517,35.7730258],[139.5998225,35.7731843],[139.6002121,35.7734125],[139.6002247,35.7734179],[139.6003064,35.7734529],[139.6005435,35.7736419],[139.6009216,35.7739453],[139.6012026,35.7741703],[139.6015828,35.774476],[139.6021381,35.774982],[139.6025184,35.7753677],[139.6027672,35.7756237],[139.6019187,35.7757689],[139.6013919,35.7758629],[139.6003582,35.776042],[139.5999273,35.7761195],[139.5991443,35.7762554],[139.5982243,35.7764164],[139.5977006,35.7765069],[139.5972456,35.7765857],[139.597014,35.7766257],[139.5968144,35.7766602],[139.5968465,35.7767659],[139.5970115,35.7771725],[139.597037,35.777243],[139.597002,35.777305],[139.5969401,35.7776002],[139.596949,35.777651],[139.5970533,35.7781298],[139.5965196,35.7781957],[139.596121,35.7782489],[139.5956209,35.7783401],[139.5946366,35.778485],[139.5943116,35.7785381],[139.5942719,35.7783568],[139.5941788,35.7779426],[139.5939852,35.7774264],[139.5939325,35.7772893],[139.5929421,35.7775646],[139.5916977,35.7779253],[139.5910774,35.7781051],[139.5905932,35.7782473],[139.5900596,35.7784041],[139.5895936,35.7785398],[139.5891861,35.7786591],[139.5887609,35.7787841],[139.588628,35.778458],[139.5885064,35.7781736],[139.5884713,35.7781091],[139.5883907,35.778026],[139.5883481,35.7779258],[139.5882879,35.7777727],[139.5881706,35.7776153],[139.5880821,35.7774356],[139.587993,35.7772471],[139.5879515,35.7771801],[139.5877315,35.7767623],[139.5875952,35.7764594],[139.5873918,35.7762648],[139.5874115,35.7760682],[139.5873961,35.7760117],[139.587222,35.77566],[139.5870794,35.7754231],[139.5869695,35.7752142],[139.5867093,35.775186],[139.5864087,35.7752464],[139.5861273,35.7752682],[139.5859378,35.7752645],[139.5859168,35.7752641],[139.585853,35.7752348],[139.5852246,35.7752358],[139.5850347,35.7752508],[139.5849036,35.775235],[139.5849158,35.7751683],[139.5845607,35.7751205],[139.5844442,35.7751036],[139.5843578,35.7749435],[139.5842694,35.7749288],[139.584267,35.774832],[139.5841375,35.7746972],[139.584151,35.7746215],[139.5842181,35.7745458],[139.5842258,35.7744909],[139.5841531,35.7744367],[139.5840361,35.7743739],[139.5841104,35.7741326],[139.5841767,35.7739723],[139.5842651,35.773857],[139.5843854,35.7738703],[139.5844418,35.773521],[139.5844213,35.7734998],[139.5844321,35.7731949],[139.5840751,35.7730984],[139.5840541,35.773034],[139.5836397,35.7728866],[139.5836211,35.772946],[139.583451,35.772928],[139.5834669,35.7728363],[139.5831387,35.7727828],[139.5829281,35.7727542],[139.5825194,35.7727008],[139.5822986,35.7726581],[139.581852,35.7725364],[139.5818821,35.7724105],[139.5819292,35.7721545],[139.5820393,35.7721688],[139.5821242,35.7717183],[139.582155,35.7715737],[139.5821693,35.7714787],[139.5820379,35.7714627],[139.5820616,35.7713171],[139.5821951,35.7713306],[139.5822159,35.7711712],[139.5823366,35.771178],[139.5823884,35.7710781],[139.5817361,35.7709642],[139.5817097,35.7710583],[139.5815311,35.7710356],[139.5814943,35.7711964],[139.581304,35.7711734],[139.5812103,35.7712403],[139.5812312,35.771383],[139.5811724,35.7717011],[139.5811482,35.7718446],[139.5813088,35.7718685],[139.581295,35.7719407],[139.5811342,35.7719208],[139.5811083,35.7720637],[139.5807366,35.772021],[139.5807512,35.7718977],[139.5807887,35.7716863],[139.5808261,35.7713171],[139.5806442,35.7712968],[139.5802649,35.771254],[139.5802489,35.7713379],[139.5801493,35.7713283],[139.5801639,35.771242],[139.5800197,35.7712264],[139.5799795,35.7714712],[139.579672,35.7714355],[139.5796949,35.7713079],[139.5795245,35.7712857],[139.5795139,35.771346],[139.5793054,35.7713178],[139.5792906,35.7714026],[139.5793715,35.77141],[139.5793547,35.7714998],[139.5792843,35.7714928],[139.579298,35.7714162],[139.5791724,35.771401],[139.579189,35.7713058],[139.5790898,35.771295],[139.5790872,35.7712734],[139.5787155,35.7712303],[139.578421,35.7712404],[139.5780881,35.7712433],[139.5780956,35.77099],[139.5780926,35.7707588],[139.5780931,35.7704667],[139.578096,35.7704062],[139.5780892,35.7702842],[139.5780637,35.7701722],[139.5780202,35.7698527],[139.5780047,35.7697685],[139.5779356,35.7696727],[139.5777052,35.7694273],[139.5774356,35.7690962],[139.5773393,35.7687704],[139.5773031,35.7686125],[139.5772644,35.7684738],[139.5771416,35.7682092],[139.5770827,35.7680686],[139.5770657,35.7680268],[139.5770189,35.7679246],[139.5763483,35.7680376],[139.5760496,35.7680986],[139.5757447,35.7681342],[139.5756149,35.7681241],[139.5754869,35.7681224],[139.5753974,35.7681263],[139.5752115,35.7681773],[139.5751162,35.7681994],[139.5750437,35.7682112],[139.5748697,35.768211],[139.5745881,35.7681949],[139.5743539,35.7682233],[139.5740963,35.7682022],[139.5741294,35.768033],[139.5741576,35.7679746],[139.5741982,35.7678008],[139.5742357,35.7674272],[139.5744408,35.7672717],[139.5745137,35.7667392],[139.5744797,35.7665472],[139.5744566,35.7663727],[139.5744727,35.7662485],[139.5739665,35.7662018],[139.5739347,35.7663707],[139.5734027,35.7663242],[139.57266,35.7662908],[139.5722928,35.7662452],[139.5724317,35.765684],[139.571963,35.7655753],[139.5712121,35.7654007],[139.5709681,35.7653538],[139.5707731,35.7653258],[139.5706786,35.7653057],[139.5706467,35.7654515],[139.5706219,35.7655758],[139.5703601,35.7655457],[139.5703768,35.7655165],[139.5704266,35.7654054],[139.5705028,35.7651721],[139.5705589,35.7650073],[139.5707018,35.7647498],[139.5708102,35.7645447],[139.5704404,35.7645648],[139.5705211,35.7643425],[139.5705521,35.7643117],[139.570944,35.7644815],[139.5709734,35.7644625],[139.5710319,35.7643952],[139.5710918,35.76429],[139.5712574,35.7639738],[139.5713588,35.7637846],[139.5714882,35.7635303],[139.5715427,35.7634199],[139.5707344,35.7632105],[139.5706497,35.7632192],[139.570173,35.7630982],[139.5697445,35.7630509],[139.5697104,35.7632741],[139.5694397,35.7632518],[139.5691974,35.763239],[139.5691655,35.763494],[139.5684753,35.7633401],[139.5685354,35.7630446],[139.5680915,35.762931],[139.568005,35.7630841],[139.5675718,35.7628987],[139.5670446,35.7627213],[139.5665757,35.7624556],[139.5667319,35.7622114],[139.5668456,35.761999],[139.5664678,35.7618965],[139.5662925,35.7618554],[139.5658609,35.7618029],[139.5658028,35.7619256],[139.5652706,35.7618355],[139.565244,35.7619454],[139.5650888,35.7624343],[139.5651084,35.7624752],[139.5649811,35.762895],[139.564568,35.7628318],[139.5641737,35.7627806],[139.5641339,35.7627718],[139.5639256,35.7627616],[139.5637271,35.762771],[139.5636078,35.7628064],[139.5635564,35.762691],[139.5634819,35.7625389],[139.5634345,35.7623348],[139.5634102,35.7622228],[139.5633431,35.7621035],[139.5632045,35.7618622],[139.5631684,35.7617942],[139.5631142,35.7617118],[139.5630656,35.7616642],[139.5628986,35.7615478],[139.5634531,35.7615551],[139.5637208,35.7615608],[139.5637419,35.7612209],[139.5637577,35.760975],[139.5637628,35.760898],[139.5638141,35.7606285],[139.5638857,35.7603079],[139.5638507,35.7602983],[139.5638951,35.7600481],[139.5639259,35.7599398],[139.563973,35.7597952],[139.564007,35.7597309],[139.564032,35.7596941],[139.5642937,35.7594524],[139.5644884,35.7592666],[139.5646306,35.7591205],[139.5647495,35.7589927],[139.5647779,35.7589018],[139.5648138,35.7587858],[139.5649565,35.7585145],[139.5649802,35.7584988],[139.5650086,35.7584848],[139.5652823,35.7584979],[139.5653268,35.7584983],[139.5653569,35.7584556],[139.5655483,35.7581594],[139.5658893,35.7576298],[139.5659702,35.7575009],[139.56603,35.7574144],[139.566092,35.7572437],[139.5661441,35.7569654],[139.5663015,35.7569322],[139.5666266,35.7568423],[139.5666018,35.7567144],[139.5665968,35.7565821],[139.5666331,35.7562147],[139.5666806,35.7559353],[139.5667404,35.7556067],[139.5668259,35.7556004],[139.566885,35.7555915],[139.5670263,35.755551],[139.5670854,35.7555263],[139.567204,35.7554697],[139.5671846,35.755258],[139.5673376,35.7552422],[139.5673975,35.7552337],[139.567517,35.7552056],[139.5677431,35.7551077],[139.5679349,35.7550713],[139.5680028,35.755062],[139.5680352,35.755061],[139.5680168,35.754898],[139.5679988,35.7546688],[139.5679922,35.7545614],[139.5679806,35.7545121],[139.5679574,35.754323],[139.5679551,35.7541589],[139.5679517,35.7538083],[139.5679502,35.7537002],[139.5679487,35.7536413],[139.5679671,35.7535502],[139.5680342,35.7534407],[139.5680974,35.7533436],[139.568283,35.753159],[139.568508,35.7529019],[139.5685402,35.7528654],[139.5686797,35.7527245],[139.5687598,35.7525998],[139.5688242,35.7524989],[139.5689243,35.752368],[139.568976,35.7522351],[139.5690512,35.752004],[139.5691163,35.7517957],[139.5691994,35.7515567],[139.5692222,35.7515031],[139.5692657,35.7514264],[139.5692783,35.7514015],[139.5693549,35.7512478],[139.5693418,35.7511026],[139.5693431,35.7510611],[139.569337,35.751024],[139.5693015,35.7508404],[139.5692867,35.7507684],[139.5692423,35.7506059],[139.5692442,35.7505448],[139.5693208,35.7503631],[139.5693854,35.7501362],[139.569432,35.74996],[139.5682389,35.7501627],[139.5679135,35.7501836],[139.5679927,35.7499768],[139.5680865,35.7496291],[139.5681972,35.7492739],[139.5683334,35.7489822],[139.5683747,35.7489076],[139.5684025,35.7488597],[139.568527,35.7486734],[139.5686092,35.7485629],[139.5687382,35.7483709],[139.5687927,35.7482871],[139.5688978,35.7481253],[139.5690082,35.7479529],[139.5690775,35.747842],[139.5691121,35.7478152],[139.5685403,35.7477696],[139.5676178,35.747694],[139.5668828,35.74764],[139.5665683,35.7476129],[139.566467,35.7472596],[139.5666784,35.7472596],[139.5666934,35.74726],[139.5667792,35.7469592],[139.5668436,35.7469553],[139.5668261,35.746788],[139.5667884,35.7466029],[139.5667568,35.7464484],[139.5669537,35.7464236],[139.5669806,35.7464131],[139.5671485,35.7462245],[139.5672899,35.7460651],[139.5673024,35.7460482],[139.5673356,35.7459438],[139.5674628,35.7455892],[139.5675888,35.7452484],[139.5676622,35.7450467],[139.5677786,35.7448277],[139.5678015,35.7447926],[139.5678866,35.7445484],[139.5679484,35.7443661],[139.5679575,35.7443027],[139.5679952,35.7440802],[139.5680211,35.7439029],[139.5680522,35.7437854],[139.5680941,35.743613],[139.5682023,35.7431424],[139.568238,35.7429878],[139.5682458,35.7428618],[139.5682633,35.7425974],[139.5682718,35.7424702],[139.5682769,35.7422743],[139.5682823,35.7420809],[139.5682871,35.7419434],[139.5683081,35.7418582],[139.5683525,35.7416749],[139.568361,35.7415984],[139.5683534,35.7414504],[139.568347,35.7413782],[139.5683235,35.7411534],[139.5683195,35.7410474],[139.5683075,35.7406769],[139.5683012,35.7403937],[139.5682979,35.7402232],[139.5682955,35.7401177],[139.5682822,35.7399499],[139.5682538,35.7397788],[139.5682219,35.7395517],[139.5682493,35.7393593],[139.56828,35.7392253],[139.5683395,35.7390267],[139.5683826,35.7388654],[139.5684595,35.7386105],[139.5684891,35.7385093],[139.5684879,35.7384097],[139.5684527,35.7382623],[139.568435,35.7381012],[139.5683858,35.7379521],[139.5681354,35.7379977],[139.5679681,35.7378765],[139.5679417,35.737702],[139.5678818,35.7374977],[139.5677743,35.7372245],[139.5677517,35.737153],[139.5677079,35.7370491],[139.5676062,35.7368135],[139.5675294,35.7366308],[139.5674244,35.7363579],[139.5673259,35.7361484],[139.5674763,35.7360094],[139.5676858,35.7358111],[139.5677459,35.7357551],[139.5678705,35.7356322],[139.5679826,35.7355137],[139.568107,35.7353827],[139.5681763,35.7353142],[139.5683637,35.7351129],[139.5684806,35.734981],[139.5685746,35.7348736],[139.5687028,35.73471],[139.5688087,35.7345686],[139.5689047,35.7344514],[139.5689664,35.7343902],[139.5690659,35.7342985],[139.5692269,35.7341845],[139.5694797,35.7340292],[139.5694788,35.7340251],[139.5694509,35.733936],[139.5693228,35.733695],[139.569055,35.7331915],[139.568933,35.732951],[139.5688383,35.73274],[139.5687618,35.7325544],[139.5686656,35.7323229],[139.5685535,35.7320907],[139.5684219,35.731803],[139.5683117,35.7315607],[139.5681866,35.7313127],[139.5680795,35.731101],[139.5679407,35.7308604],[139.5677891,35.7305828],[139.5676417,35.7302502],[139.5675775,35.7300768],[139.5675069,35.7298226],[139.5675051,35.72979],[139.5673462,35.7294082],[139.5672843,35.729275],[139.567147,35.7290642],[139.5670329,35.7288798],[139.5669184,35.7286899],[139.5668672,35.728508],[139.5668606,35.7284846],[139.5667947,35.7283178],[139.5666833,35.7281045],[139.566617,35.7280112],[139.5664358,35.7277553],[139.5662779,35.7275594],[139.5662458,35.7275042],[139.5662177,35.7274458],[139.5661553,35.7272059],[139.5661325,35.7270437],[139.5661404,35.726833],[139.5661604,35.7265549],[139.5661569,35.7263962],[139.5661382,35.7262133],[139.5660981,35.7260907],[139.5659791,35.7257331],[139.5658882,35.7254847],[139.565834,35.7253401],[139.565779,35.7251997],[139.5656084,35.7247547],[139.5654592,35.7244719],[139.5654147,35.7243546],[139.5654061,35.7243005],[139.5654076,35.7242341],[139.5654519,35.7240541],[139.5655195,35.7238495],[139.5655786,35.7236683],[139.5656378,35.7234426],[139.5656832,35.7231751],[139.5656969,35.7230955],[139.5657104,35.723059],[139.5657291,35.7230057],[139.5656708,35.7223241],[139.5656577,35.7222018],[139.5656489,35.7220706],[139.565616,35.7217642],[139.5655882,35.7217137],[139.5653931,35.7214977],[139.5655721,35.7214672],[139.5657778,35.7214313],[139.5662918,35.7213244],[139.566511,35.7212783],[139.5669514,35.7211806],[139.5674267,35.7210739],[139.568004,35.720943],[139.5684369,35.7208339],[139.5686152,35.7207824],[139.5697285,35.7204796],[139.5699661,35.7204076],[139.570254,35.72032],[139.5712642,35.7200027],[139.5719684,35.7197941],[139.5731074,35.7194637],[139.5745084,35.7190187],[139.5746446,35.7189523],[139.5747839,35.7188781],[139.5748423,35.7188465],[139.5748983,35.7188244],[139.5749544,35.7188165],[139.5750167,35.7188181],[139.5751124,35.718769],[139.5756437,35.7184983],[139.5758136,35.7183849],[139.5760507,35.7182252],[139.5762279,35.718084],[139.5765539,35.7178243],[139.5767215,35.7176659],[139.5769853,35.7174132],[139.5773586,35.7171068],[139.5777089,35.7168084],[139.5779532,35.7166193],[139.5783302,35.7162987],[139.578592,35.7160794],[139.5789698,35.7157609],[139.5792044,35.7155825],[139.5793491,35.7154894],[139.5796856,35.7152609],[139.5800225,35.7150317],[139.5801754,35.7149281],[139.5804554,35.714734],[139.5806561,35.7146265],[139.5807017,35.7145985],[139.5811372,35.7143274],[139.5814461,35.714152],[139.5815618,35.7140867],[139.5816639,35.7140228],[139.5818583,35.7139205],[139.5821676,35.7137568],[139.5824941,35.7136108],[139.5825935,35.7135742],[139.582869,35.7134608],[139.5832839,35.7132887],[139.583832,35.713067],[139.5841249,35.7129414],[139.5843083,35.7128565],[139.5847597,35.7126469],[139.5852102,35.7124391],[139.5854756,35.7123237],[139.5860333,35.7120514],[139.5867278,35.7117161],[139.586784,35.711881],[139.5868795,35.7121722],[139.5869481,35.7123902],[139.5870225,35.7126097],[139.5869726,35.7129987],[139.5869687,35.7130274],[139.5869385,35.713248],[139.5868823,35.7134105],[139.5868259,35.7135774],[139.5867982,35.7136495],[139.5866666,35.7139697],[139.5865844,35.7141651],[139.5864758,35.714398],[139.5864201,35.7145084],[139.5863567,35.7146012],[139.5861768,35.7148075],[139.5857384,35.7154067],[139.5856841,35.7154787],[139.58555,35.7157473],[139.5854424,35.7159404],[139.5851964,35.7162234],[139.5851803,35.7162505],[139.5851296,35.7164171],[139.5850982,35.7167237],[139.5850878,35.716994],[139.5851479,35.7173624],[139.5851576,35.7174343],[139.5851788,35.7176785],[139.5851775,35.7178051],[139.5851934,35.7178702],[139.5852849,35.7180522],[139.585333,35.7181265],[139.585513,35.7183294],[139.5856374,35.718488],[139.585707,35.718576],[139.5858978,35.718798],[139.5859847,35.7188857],[139.5862192,35.7191194],[139.5864457,35.7193287],[139.5867724,35.7195535],[139.5868456,35.7195882],[139.5871225,35.7197273],[139.5873953,35.7198289],[139.5876623,35.7199163],[139.5880522,35.7200225],[139.5881292,35.7200512],[139.5884574,35.7201204],[139.5888626,35.7201875],[139.5893864,35.7202433],[139.5894951,35.7202544],[139.5897339,35.7202746],[139.5898972,35.7202785],[139.5902531,35.7202722],[139.5904678,35.72018],[139.5907202,35.720065],[139.5908691,35.7199758],[139.5910486,35.7198445],[139.5913067,35.7196655],[139.5915509,35.7194966],[139.5915839,35.7193971],[139.5921178,35.7189759],[139.5922584,35.7189101],[139.5924838,35.7187095],[139.5927179,35.7185396],[139.5928912,35.7184003],[139.593111,35.718294],[139.5934911,35.7181325],[139.5936029,35.7180743],[139.5938481,35.718085],[139.5939389,35.7180942],[139.5942775,35.718726],[139.5944192,35.7189873],[139.5947676,35.7196589],[139.5950386,35.7201751],[139.5951991,35.7204692],[139.5952438,35.7205693],[139.5955515,35.721081],[139.595831,35.7215549],[139.5958056,35.7217417],[139.5957815,35.7220432],[139.5960062,35.7220575],[139.5965114,35.7221288],[139.5966616,35.722152],[139.596734,35.7221651],[139.5968384,35.7222304],[139.5971362,35.7224462],[139.5973494,35.7226692],[139.5975641,35.7228398],[139.5982608,35.7231851],[139.5985466,35.7233299],[139.598624,35.7233693],[139.5986912,35.723398],[139.5987465,35.7234193],[139.599001,35.7234957],[139.59933,35.723593],[139.5997032,35.7237125],[139.5998027,35.7237452],[139.6000362,35.7238904],[139.6012517,35.7251361],[139.60144,35.7252782],[139.6016992,35.7253672],[139.6020042,35.7253597],[139.6019519,35.7255608],[139.6018677,35.7257835],[139.6021408,35.7258764],[139.6026826,35.7261006],[139.6030373,35.7262492],[139.6034556,35.7264267],[139.603532,35.7264659],[139.6039398,35.7266812],[139.604124,35.7267592],[139.6043575,35.7268487],[139.6047441,35.7269805],[139.6059645,35.7272828],[139.6064789,35.7274062],[139.607035,35.7275396],[139.6072019,35.7275855],[139.6075938,35.7277004],[139.6079893,35.7278398],[139.608269,35.7279502],[139.6086635,35.7281141],[139.6087018,35.7281367],[139.6089794,35.7282983],[139.6092424,35.7284245],[139.6094011,35.7284951],[139.6095604,35.7285524],[139.6098236,35.7286209],[139.6102463,35.7286986],[139.6107674,35.7288034],[139.6109591,35.7288607],[139.6118349,35.7291273],[139.612137,35.7292119],[139.6123848,35.7292736],[139.6125966,35.7293177],[139.6129412,35.72939],[139.6132486,35.7294661],[139.6136163,35.7295633],[139.6139972,35.7296795],[139.6145273,35.729846],[139.6146446,35.7298854],[139.6151133,35.7300129],[139.6157063,35.7301859],[139.6157962,35.7300033],[139.6158879,35.7299374],[139.6157542,35.7298559],[139.6158871,35.7297684],[139.6161177,35.729829],[139.6163433,35.7298808],[139.6165489,35.7299393],[139.6167579,35.7299773],[139.616968,35.7300196],[139.6169975,35.7300255],[139.61667,35.7304871],[139.6171599,35.7306658],[139.6179001,35.7309278],[139.6183492,35.7310617],[139.6189962,35.7311939],[139.6202189,35.7314266],[139.6200528,35.730827],[139.6199008,35.730246],[139.6201021,35.7302911],[139.6203132,35.7303419],[139.6205426,35.7303858],[139.6207022,35.7303974],[139.6209793,35.7304315],[139.6213055,35.7304511],[139.621626,35.730413],[139.621853,35.730397],[139.6219397,35.7303901],[139.6227946,35.7303133],[139.6233039,35.7302373],[139.6236743,35.7301904],[139.624034,35.7301616],[139.6241999,35.730138],[139.6244626,35.7300865],[139.6245283,35.7302306],[139.6245817,35.7303318],[139.6246142,35.7303759],[139.6246623,35.7304781],[139.6247388,35.7306021],[139.6247998,35.7306961],[139.6249014,35.7308828],[139.6249724,35.7310116],[139.6250455,35.7311526],[139.625122,35.7312796],[139.625183,35.731388],[139.6252319,35.7314652],[139.6253345,35.7316276],[139.6253976,35.7317477],[139.6254609,35.7318721],[139.6255194,35.7319828],[139.6255691,35.7320592],[139.6256251,35.7321015],[139.6257012,35.7322372],[139.6258266,35.7323995],[139.6258911,35.7325147],[139.6259608,35.7326389],[139.6260263,35.7328059],[139.6260607,35.7328916],[139.6265727,35.7330671],[139.6264337,35.7333244],[139.6264855,35.7334659],[139.6265039,35.7335218],[139.6265432,35.733643],[139.6264976,35.7337629],[139.6266626,35.7338166],[139.626961,35.73393],[139.6271086,35.7339903],[139.627373,35.734076],[139.6273558,35.7342335],[139.6272789,35.7347289],[139.6272374,35.735027],[139.6275922,35.735063],[139.6277178,35.7350856],[139.6277444,35.7350974],[139.6277915,35.7351132],[139.6279816,35.7351338],[139.6280123,35.7351539],[139.6283402,35.7351564],[139.6284761,35.7351664],[139.6286668,35.7351815],[139.6288963,35.7352095],[139.6290625,35.7352338],[139.6291007,35.7352373],[139.6291487,35.7352466],[139.6294046,35.7352958],[139.6295348,35.7353121],[139.6295581,35.7353176],[139.6296085,35.7353187],[139.6296854,35.7353196],[139.6299343,35.7353279],[139.630057,35.7353333],[139.6303596,35.7353335],[139.6305461,35.7353341],[139.6305518,35.7354115],[139.6306773,35.7354351],[139.6307021,35.735432],[139.6308813,35.7354393],[139.6310222,35.7354444],[139.6312544,35.7354779],[139.6317562,35.7355569],[139.6319947,35.7355478],[139.6324245,35.7354842],[139.6325624,35.7354843],[139.6326675,35.7354852],[139.632721,35.7354817],[139.6334038,35.7355031],[139.6335105,35.7354545],[139.6333602,35.7354053],[139.6332898,35.7353833],[139.6333499,35.7352573],[139.6333769,35.7351996],[139.6335402,35.7348877],[139.6335653,35.7348504],[139.6336668,35.7346578],[139.6337376,35.7344928],[139.6338645,35.734193],[139.6343276,35.7343154],[139.6344767,35.7343436],[139.6345108,35.7342354],[139.6345708,35.7340518],[139.6346657,35.7337628],[139.6347835,35.733397],[139.6348445,35.7332076],[139.634892,35.7330557],[139.6349544,35.7328503],[139.6350488,35.7325326],[139.6351367,35.7322518],[139.6351692,35.7322026],[139.6353756,35.7322596],[139.6358765,35.7323629],[139.636062,35.7324052],[139.6362492,35.7324456],[139.6362732,35.7324146],[139.6363975,35.7322611],[139.6365627,35.7320628],[139.6366227,35.7319783],[139.6366842,35.7318201],[139.6364613,35.7317511],[139.6365383,35.7315737],[139.6366515,35.7312482],[139.6365962,35.731221],[139.6366658,35.7310799],[139.6368213,35.7308435],[139.636928,35.7306692],[139.6369616,35.7305936],[139.6370224,35.7304851],[139.6370757,35.7303963],[139.6371057,35.7303497],[139.6371269,35.7303131],[139.6371729,35.730232],[139.6371903,35.730209],[139.6372226,35.7301661],[139.6372704,35.7300885],[139.6373292,35.7299731],[139.6373465,35.7299341],[139.6374097,35.7297518],[139.6374717,35.7296425],[139.637548,35.7295078],[139.6374133,35.7294612],[139.6374976,35.7293265],[139.6375579,35.729247],[139.6375962,35.7291802],[139.6376846,35.7291066],[139.6377576,35.7290512],[139.6377889,35.7290229],[139.637835,35.7289481],[139.6378441,35.7289262],[139.6378887,35.7288299],[139.6379783,35.728617],[139.6379944,35.7285981],[139.6378731,35.7284841],[139.6380204,35.7284139],[139.6383377,35.7282642],[139.6384184,35.7282148],[139.638599,35.728109],[139.6386791,35.7280717],[139.6387472,35.7280625],[139.6388121,35.7280505],[139.6390949,35.7279973],[139.6392243,35.7279734],[139.639285,35.7279349],[139.6393599,35.7278435],[139.6394665,35.7276689],[139.6395623,35.7275147],[139.6396378,35.7274688],[139.6397077,35.7274059],[139.6397077,35.7272762],[139.6397035,35.7272396],[139.6396713,35.7270028],[139.639654,35.7268798],[139.6396298,35.7267022],[139.6396273,35.7263884],[139.6396231,35.7261658],[139.6396704,35.7261568],[139.6398032,35.7261352],[139.6401715,35.7260778],[139.640701,35.7259938],[139.641005,35.725941],[139.6411381,35.7259132],[139.6412024,35.7258992],[139.6412521,35.7258849],[139.6416813,35.7257545],[139.6420266,35.7256599],[139.64235,35.7255695],[139.6428181,35.7254348],[139.6433465,35.725277],[139.6437568,35.7251563],[139.6437644,35.7252216],[139.6437951,35.7253774],[139.6442062,35.725376],[139.6447204,35.7253741],[139.6449268,35.7253731],[139.6454163,35.7253677],[139.6460401,35.7253669],[139.6462557,35.7253663],[139.6465915,35.7253632],[139.6475093,35.7253596],[139.6475076,35.7255571],[139.6475054,35.7258435],[139.647504,35.7260377],[139.6475023,35.7263914],[139.6475026,35.7265215],[139.6475034,35.726633],[139.6483007,35.7266569],[139.6486929,35.7266686],[139.6488604,35.7266684],[139.6495864,35.7266359],[139.6497428,35.7266288],[139.6498945,35.7266143],[139.650135,35.7265922],[139.6502867,35.7268608],[139.6503219,35.7268312],[139.6504881,35.7267145],[139.6506276,35.7266182],[139.6511047,35.7263846],[139.6513307,35.7262811],[139.6515312,35.7262102],[139.6516907,35.7261574],[139.6518026,35.7261215],[139.6520568,35.7260833],[139.6521212,35.726248],[139.6532052,35.7262298],[139.6536375,35.7262127],[139.6537672,35.7262085],[139.653911,35.7263787],[139.6539654,35.726376],[139.6545808,35.726349],[139.6551428,35.7263167],[139.6556087,35.7263128],[139.6557922,35.7262931],[139.6559548,35.726267],[139.6562502,35.7262203],[139.6563299,35.7262056],[139.6567773,35.7260972],[139.6573404,35.7259471],[139.6579002,35.7257751],[139.6581019,35.7257675],[139.6583829,35.7257599],[139.659694,35.7257249],[139.6596787,35.7262509],[139.6596658,35.7265478],[139.6596648,35.7267617],[139.6599789,35.726741],[139.660443,35.7267121],[139.6605738,35.7267129],[139.6608081,35.7267243],[139.6609733,35.7267442],[139.66125,35.726781],[139.6614607,35.7268305],[139.6615372,35.7268547],[139.6616938,35.7269028],[139.6618882,35.7269692],[139.6621053,35.7270715],[139.662357,35.7272082],[139.6624228,35.7272738],[139.662504,35.7273368],[139.663116,35.727824],[139.6631171,35.7278252],[139.6631516,35.727858],[139.663191,35.727894],[139.663282,35.7280277],[139.6634203,35.728241],[139.6634962,35.7283643],[139.6635245,35.7284233],[139.6635619,35.7286463],[139.6635816,35.7287132],[139.6636633,35.728878],[139.6636914,35.7289184],[139.6638793,35.7291044],[139.6639102,35.7291501],[139.6639414,35.7292488],[139.6639803,35.729371],[139.6640187,35.7295446],[139.6641053,35.7297668],[139.6642247,35.7300763],[139.6643163,35.7302905],[139.6643871,35.7304551],[139.6644893,35.7306934],[139.6645792,35.7309183],[139.6646508,35.7310468],[139.6646934,35.7311062],[139.6647163,35.7311374],[139.664814,35.7312287],[139.6649759,35.73133],[139.6650958,35.7313853],[139.6651454,35.7314033],[139.665222,35.7314304],[139.6652654,35.7314375],[139.6653515,35.7314538],[139.6654038,35.731457],[139.6654583,35.7314603],[139.6659374,35.7314433],[139.6660473,35.731429],[139.6662082,35.7313902],[139.6664407,35.7313394],[139.6665978,35.7313052],[139.6667374,35.7312687],[139.6668226,35.7312305],[139.6669301,35.7311711],[139.6669549,35.7311521],[139.6669496,35.7312467],[139.6669438,35.731343],[139.6669385,35.7314732],[139.6680004,35.7313545],[139.6680554,35.7317613],[139.6680748,35.7319156],[139.6682287,35.732207],[139.66842,35.7321889],[139.668865,35.7321495],[139.6693455,35.732106],[139.6692652,35.7323218],[139.6694266,35.7325345],[139.6696884,35.732872],[139.6699136,35.7327823],[139.6701223,35.732711],[139.6704117,35.7326135],[139.6705079,35.7326926],[139.6706615,35.7328345],[139.6708782,35.7330334],[139.6709651,35.7331151],[139.671016,35.7331941],[139.6712501,35.7337103],[139.6713815,35.7337098],[139.6717558,35.7337096],[139.6720592,35.7337071],[139.6723377,35.7337031],[139.6724489,35.7337012],[139.6728515,35.733693],[139.6729496,35.7336805],[139.6732145,35.7336458],[139.6732651,35.7335664],[139.6736706,35.7335855],[139.6737215,35.7335519],[139.6739699,35.7333943],[139.6741173,35.7333434],[139.6743813,35.7332522],[139.6745529,35.7331906],[139.674785,35.7331051],[139.6749324,35.7330096],[139.6750105,35.7329535],[139.6751762,35.7328307],[139.6753328,35.7327014],[139.6755185,35.7325454],[139.675672,35.7324187],[139.6758535,35.7322744],[139.6759085,35.7322269],[139.6760083,35.73213],[139.6760562,35.7320914],[139.6765282,35.7317176],[139.6767787,35.7315165],[139.6769787,35.7313512],[139.6772374,35.7311149],[139.6774896,35.7309313],[139.6776365,35.7308231],[139.6777503,35.7307385],[139.6778686,35.7306519],[139.6779903,35.7306204],[139.6781069,35.7307647],[139.6783692,35.7310337],[139.6781069,35.7313045],[139.677886,35.7315356],[139.677649,35.7317724],[139.679119,35.7325976],[139.6791638,35.7327618],[139.6791468,35.7328971],[139.6791039,35.7330477],[139.679201,35.7332193],[139.6792448,35.7332967],[139.6792306,35.73331],[139.6791567,35.7335577],[139.6791199,35.7336169],[139.6789559,35.7337854],[139.678943,35.7338457],[139.6789223,35.7339257],[139.6789302,35.7339312],[139.6787714,35.7340652],[139.6786534,35.7341463],[139.6786166,35.7342021],[139.6785681,35.7343359],[139.6785488,35.7344169],[139.6785552,35.7344676],[139.6785874,35.7345356],[139.6787111,35.7346688],[139.6788269,35.7347503],[139.6788835,35.7347769],[139.6789833,35.7348492],[139.6790389,35.7348763],[139.6790448,35.7349071],[139.6790761,35.7350787],[139.6790529,35.7352319],[139.679026,35.7353712],[139.6790387,35.7354639],[139.6790659,35.7355129],[139.6791054,35.7355563],[139.6794303,35.7357459],[139.6795271,35.7357832],[139.6795641,35.7358609],[139.6796856,35.7359808],[139.6799933,35.736292],[139.6802302,35.7364679],[139.6803042,35.7365931],[139.680335,35.7366262],[139.6804579,35.7367603],[139.6803517,35.7368311],[139.68041,35.737007],[139.6804567,35.7371297],[139.6805146,35.7372281],[139.6805911,35.7373478],[139.6806041,35.7375257],[139.6806374,35.7375462],[139.6806778,35.7376256],[139.6806655,35.7377463],[139.6807095,35.7377726],[139.6807841,35.7377904],[139.6808397,35.7376532],[139.6811435,35.737726],[139.6810892,35.7378711],[139.6810056,35.7380929],[139.680882,35.7381971],[139.6808073,35.7382585],[139.6807246,35.7383267],[139.680733,35.7383664],[139.6808294,35.7384733],[139.6809647,35.7386021],[139.6810936,35.738714],[139.6810828,35.7387542],[139.6805625,35.7386736],[139.6804649,35.7386524],[139.6802664,35.7386058]]]]}},{"type":"Feature","properties":{"name":"足立区","name:en":"Adachi"},"geometry":{"type":"Polygon","coordinates":[[[139.8133532,35.7593739],[139.8133772,35.759396],[139.8134573,35.7594402],[139.8134853,35.7594558],[139.8135606,35.7594786],[139.8143623,35.7597249],[139.8149037,35.7598913],[139.815416,35.7600392],[139.8156006,35.7601149],[139.8156864,35.7601361],[139.8161136,35.7602655],[139.8165753,35.7603942],[139.8169005,35.760487],[139.8169287,35.7604357],[139.8169853,35.7603967],[139.817,35.7603459],[139.8170247,35.7603466],[139.8170458,35.7603412],[139.8170616,35.7603293],[139.8170699,35.7603094],[139.8170919,35.760223],[139.8171217,35.7601095],[139.8175604,35.7601767],[139.8181936,35.7602723],[139.8187789,35.7603593],[139.8193446,35.7604443],[139.8198243,35.760502],[139.8198944,35.7597508],[139.8199493,35.7592091],[139.8199907,35.7587664],[139.8200398,35.7582683],[139.8200911,35.7577378],[139.8201375,35.7572604],[139.8201906,35.756712],[139.8202349,35.7562541],[139.8202671,35.7559419],[139.8204883,35.7559394],[139.8208153,35.7559208],[139.8208697,35.7559207],[139.8208967,35.7559207],[139.8213161,35.7558206],[139.8215431,35.7557503],[139.821714,35.755703],[139.8219121,35.75564],[139.8222137,35.7555811],[139.8222992,35.7555696],[139.8224416,35.7555664],[139.8227005,35.7555664],[139.8229336,35.7555979],[139.8231653,35.7556452],[139.8232305,35.7556939],[139.8233524,35.7557825],[139.8234043,35.7558276],[139.8234292,35.7559753],[139.8234573,35.7561203],[139.8234906,35.7562896],[139.8235345,35.7565363],[139.8235744,35.7567612],[139.8236236,35.7570368],[139.823673,35.7573179],[139.823687,35.7574069],[139.8237126,35.7576054],[139.8237384,35.7578081],[139.8237708,35.7580683],[139.8238075,35.7583048],[139.8238587,35.7586452],[139.8238908,35.7589112],[139.8239277,35.7592146],[139.8239675,35.7594913],[139.8240096,35.7597855],[139.8240542,35.7600873],[139.8240894,35.7603364],[139.8241222,35.7605587],[139.8241645,35.76087],[139.8241951,35.7611087],[139.8242233,35.7613325],[139.8242332,35.7614299],[139.8241817,35.7617007],[139.8241534,35.7618629],[139.8243711,35.7618882],[139.8247744,35.7619319],[139.825226,35.7619834],[139.8258358,35.7620483],[139.8264403,35.7621149],[139.827013,35.7621731],[139.8270164,35.762152],[139.8270385,35.7620361],[139.8270421,35.7619671],[139.8270085,35.7618953],[139.8269394,35.761858],[139.8267041,35.7618293],[139.8261304,35.7617685],[139.8260192,35.7617421],[139.8259679,35.761681],[139.8259628,35.7615991],[139.8260381,35.7612368],[139.8260261,35.7610966],[139.8259579,35.7608467],[139.8258405,35.7604992],[139.8256321,35.760102],[139.8253493,35.7594767],[139.8253233,35.7592839],[139.8253771,35.759054],[139.8253974,35.7589754],[139.825459,35.7587525],[139.8254913,35.7586375],[139.8255547,35.7584587],[139.8255953,35.7583028],[139.8255976,35.758273],[139.8255937,35.7582168],[139.8255787,35.7581834],[139.8255685,35.7581475],[139.8255672,35.7580989],[139.8255653,35.7580086],[139.825607,35.7580073],[139.8257971,35.7579807],[139.8260498,35.7579072],[139.8263318,35.7577751],[139.8266352,35.7576959],[139.8272497,35.7575189],[139.8275902,35.7574158],[139.8277868,35.7573665],[139.8283645,35.7573836],[139.8284284,35.7573838],[139.828512,35.7573853],[139.8286667,35.7573879],[139.8291371,35.7574979],[139.8295147,35.7576084],[139.8298359,35.757745],[139.8301092,35.7578618],[139.8303095,35.7580802],[139.8305225,35.7583125],[139.8307461,35.7585622],[139.8308098,35.7586334],[139.8309149,35.7587819],[139.830929,35.7588105],[139.8309331,35.7588279],[139.8309379,35.7589741],[139.8309486,35.7591474],[139.8309544,35.7593708],[139.830961,35.7596215],[139.8309667,35.759842],[139.8309819,35.7599931],[139.8309836,35.7601888],[139.8309834,35.7603999],[139.8309818,35.7606018],[139.8309845,35.7607884],[139.8309855,35.7609672],[139.8309775,35.7612333],[139.8309709,35.7613745],[139.8309684,35.7614005],[139.8309528,35.7614541],[139.8309382,35.7615043],[139.8308873,35.7615966],[139.8308228,35.761779],[139.8307009,35.761983],[139.8306837,35.7620967],[139.8306914,35.7622952],[139.8306945,35.7624517],[139.8307342,35.7625432],[139.8308839,35.7628296],[139.8309116,35.7628719],[139.8312065,35.7632905],[139.8313638,35.763504],[139.8315785,35.7637477],[139.8317229,35.7638092],[139.8319941,35.7639027],[139.832164,35.7639203],[139.8323595,35.7639224],[139.8327217,35.763834],[139.8331954,35.7636919],[139.8336441,35.7634975],[139.833854,35.7634159],[139.8341547,35.7633337],[139.8344712,35.7632971],[139.8348556,35.7632855],[139.8350863,35.7632651],[139.8354816,35.7631102],[139.8363134,35.763197],[139.8369847,35.7632666],[139.8375691,35.7633325],[139.8375528,35.7634887],[139.8375444,35.7635689],[139.8375288,35.7637626],[139.8375384,35.7639855],[139.8375826,35.7643381],[139.8375853,35.7644908],[139.8376752,35.7649185],[139.8376912,35.7651562],[139.8377076,35.7656851],[139.8377247,35.7657275],[139.8377798,35.7658315],[139.8378684,35.7659286],[139.8379585,35.7660009],[139.8381128,35.7660579],[139.8383242,35.7661086],[139.8385573,35.7661618],[139.8387618,35.7662089],[139.8390707,35.7662321],[139.8393788,35.7662473],[139.8398667,35.7662674],[139.8402877,35.7662843],[139.8409456,35.7662932],[139.8413283,35.7662967],[139.8415493,35.7662807],[139.8417285,35.7662993],[139.8418513,35.7663312],[139.8419732,35.766389],[139.842087,35.7664613],[139.8421705,35.766547],[139.8421973,35.766586],[139.8422408,35.7666493],[139.842312,35.7668153],[139.8424183,35.7670602],[139.8425291,35.7673003],[139.8427465,35.7675885],[139.8428588,35.7676848],[139.8431116,35.7679],[139.8433153,35.7680688],[139.8435692,35.7683048],[139.8436912,35.7683992],[139.8442405,35.7686988],[139.8446029,35.7688921],[139.8447265,35.7689649],[139.8448116,35.7690376],[139.8449627,35.7691733],[139.8451373,35.7692227],[139.8451477,35.7692275],[139.8452834,35.7692909],[139.8453735,35.7693214],[139.8456504,35.7693803],[139.8458103,35.7693988],[139.8460937,35.7694166],[139.8463156,35.7694128],[139.846895,35.7694002],[139.8470218,35.7694017],[139.8478414,35.7694548],[139.8482269,35.7695068],[139.8487319,35.7695765],[139.8487637,35.7695843],[139.849108,35.7696002],[139.8493165,35.7696018],[139.8493521,35.7696043],[139.8495665,35.7695931],[139.8498154,35.7695955],[139.8500278,35.7696212],[139.8500713,35.7696227],[139.8501578,35.7696403],[139.8506686,35.7697395],[139.8508655,35.7697773],[139.8510133,35.7697846],[139.8511346,35.7697563],[139.8512027,35.7697272],[139.8512701,35.7696998],[139.8513602,35.7696418],[139.8513679,35.7696308],[139.8513893,35.7695652],[139.8514196,35.7694891],[139.8514617,35.7693401],[139.8515082,35.7690891],[139.8515227,35.768793],[139.8515272,35.7687713],[139.8515535,35.7685195],[139.8515894,35.768345],[139.8516434,35.7680369],[139.8517459,35.7676188],[139.8517475,35.7675754],[139.8517532,35.7673824],[139.8517298,35.7673358],[139.8516702,35.7671352],[139.8516894,35.7669806],[139.8517245,35.7668855],[139.8517553,35.7668036],[139.8518654,35.7665638],[139.8519644,35.766472],[139.8520236,35.7664196],[139.8520552,35.7663702],[139.8521001,35.7662705],[139.8521016,35.7662449],[139.8522297,35.7656251],[139.8529448,35.765567],[139.8540242,35.7654736],[139.8542571,35.7651379],[139.8544096,35.7652302],[139.8545538,35.7651071],[139.8554433,35.7646726],[139.8562943,35.7641786],[139.8567397,35.7646049],[139.8571659,35.7650174],[139.8576411,35.7655228],[139.8581839,35.7661001],[139.8582905,35.7663963],[139.8586865,35.7675325],[139.8586747,35.7677944],[139.8586527,35.7682441],[139.8586428,35.7684474],[139.8586166,35.7690211],[139.8585603,35.7691818],[139.8580953,35.7700897],[139.8578075,35.7706437],[139.8573691,35.7711691],[139.8566559,35.7720169],[139.856576,35.7721126],[139.8559019,35.7729161],[139.855612,35.7732629],[139.8552329,35.7737182],[139.8546601,35.7743645],[139.853911,35.775204],[139.8532912,35.7758974],[139.8532322,35.7759633],[139.8526992,35.7765615],[139.8520362,35.7772998],[139.8510682,35.7782794],[139.850893,35.7784541],[139.8504127,35.7789328],[139.84958,35.7797686],[139.8493879,35.7800678],[139.8488763,35.7808538],[139.8482502,35.7818184],[139.8474645,35.7830288],[139.8472875,35.7833032],[139.847144,35.7835256],[139.8467686,35.7843899],[139.8466377,35.784686],[139.8459706,35.786195],[139.8455601,35.7871362],[139.8452712,35.7877874],[139.8451082,35.7884009],[139.8445098,35.7905887],[139.8444831,35.7906832],[139.8444225,35.7908969],[139.84434,35.7916555],[139.8443077,35.7919431],[139.844206,35.7928494],[139.8444491,35.7942484],[139.8446552,35.7946317],[139.8450818,35.7951002],[139.8456886,35.7955339],[139.8463744,35.7960275],[139.8466306,35.7962098],[139.8468286,35.7963787],[139.846746,35.7964425],[139.846409,35.7968072],[139.8461604,35.7969974],[139.8461077,35.7971051],[139.8455624,35.7978924],[139.8444222,35.7989728],[139.8438804,35.7995167],[139.8430985,35.7998837],[139.8426546,35.8000494],[139.8422488,35.8001179],[139.8415842,35.8001709],[139.8407153,35.8003476],[139.8397967,35.8006368],[139.8394102,35.8007585],[139.8393223,35.8007706],[139.8388743,35.800832],[139.838641,35.800817],[139.8383482,35.8008219],[139.8378725,35.8007567],[139.8374719,35.8006449],[139.8370983,35.8004675],[139.836791,35.8002256],[139.8363065,35.7997082],[139.835924,35.7990482],[139.835848,35.7989763],[139.8342026,35.7974191],[139.83396,35.797136],[139.8336153,35.7965996],[139.8332778,35.7961342],[139.8330077,35.7958513],[139.8325576,35.7954862],[139.8319725,35.7951577],[139.8310499,35.7946831],[139.8307573,35.7945097],[139.8297109,35.7942724],[139.8290374,35.7941486],[139.8278692,35.7940066],[139.8274447,35.7938218],[139.8273762,35.793792],[139.826423,35.7942652],[139.8251755,35.7947277],[139.8245299,35.7949145],[139.8241836,35.7950118],[139.8237051,35.7951514],[139.8233811,35.7952536],[139.8231981,35.7953193],[139.822844,35.7954653],[139.8225019,35.7956552],[139.8221959,35.7958645],[139.8220098,35.7960178],[139.8218448,35.7961565],[139.8216918,35.796305],[139.8210017,35.796984],[139.8203026,35.7978723],[139.819851,35.7985922],[139.8196169,35.7991666],[139.8196152,35.7991874],[139.8195929,35.7994683],[139.819761,35.799921],[139.819977,35.8003201],[139.820151,35.8006657],[139.8202591,35.8010453],[139.8202831,35.8014201],[139.8202531,35.8017462],[139.820187,35.8021161],[139.820163,35.8023838],[139.820175,35.8027975],[139.8202621,35.8032513],[139.8203011,35.8034545],[139.8204271,35.8040629],[139.8205051,35.8045982],[139.8206191,35.8052115],[139.8207751,35.805703],[139.8210992,35.8063503],[139.8215193,35.8069635],[139.8217953,35.8073918],[139.8219934,35.8076644],[139.8222874,35.8081656],[139.8225815,35.8086134],[139.8226835,35.8087691],[139.8227616,35.8089203],[139.8228294,35.8093766],[139.8237369,35.8098578],[139.8242774,35.8101913],[139.8246159,35.8105383],[139.8248032,35.8109337],[139.82506,35.81091],[139.8250171,35.8120798],[139.8249918,35.8121459],[139.8249013,35.8122769],[139.8247897,35.8124092],[139.8243102,35.8129456],[139.824238,35.8130477],[139.824112,35.8132314],[139.8240059,35.8133853],[139.8239507,35.8134978],[139.8238473,35.8136229],[139.8234574,35.8138541],[139.8232319,35.8139864],[139.8232192,35.8144423],[139.8228255,35.8145614],[139.822214,35.8146293],[139.8212574,35.8150266],[139.8211577,35.8149134],[139.8211175,35.814852],[139.8208353,35.8140152],[139.8205748,35.8134331],[139.8203993,35.813215],[139.8202436,35.8129728],[139.8201728,35.8128235],[139.8201244,35.812773],[139.8198555,35.8126041],[139.8207842,35.8113135],[139.8205542,35.8112244],[139.8204769,35.8111819],[139.8204461,35.811192],[139.8203338,35.811306],[139.8200121,35.8115022],[139.8198441,35.8115743],[139.819835,35.8115629],[139.8197926,35.8115865],[139.8198005,35.8115973],[139.819476,35.8117184],[139.8193984,35.8115716],[139.8190762,35.8114447],[139.8187846,35.8111682],[139.8186917,35.8111148],[139.8176575,35.810238],[139.8173978,35.8100181],[139.8170648,35.8098939],[139.8167361,35.8097252],[139.8161195,35.8093471],[139.8155267,35.8090146],[139.8148928,35.8087174],[139.8145575,35.8085957],[139.8138573,35.8083991],[139.8133225,35.8082921],[139.8127624,35.8082123],[139.8121524,35.8081724],[139.811593,35.8081735],[139.8101475,35.8083251],[139.8069734,35.808662],[139.8057376,35.8088016],[139.8051846,35.8088613],[139.8048927,35.8088776],[139.8046166,35.8088866],[139.804386,35.8088792],[139.8041509,35.808859],[139.8035567,35.80878],[139.8035148,35.8087718],[139.8026204,35.8085957],[139.8023349,35.8085347],[139.8021199,35.8084768],[139.8019537,35.8084025],[139.8017874,35.8083136],[139.8016947,35.8082589],[139.8014153,35.808094],[139.8010544,35.8078752],[139.8010561,35.8075998],[139.8007473,35.8073744],[139.8006149,35.80726],[139.800465,35.8070274],[139.8003547,35.8067699],[139.8002003,35.8066196],[139.7999003,35.8064873],[139.7998759,35.8064798],[139.7995421,35.8066859],[139.7990477,35.8063786],[139.7988719,35.8065621],[139.7976674,35.8058094],[139.7973648,35.8057623],[139.7968079,35.8056321],[139.7964195,35.8055499],[139.7962332,35.8055102],[139.796217,35.8055703],[139.7953396,35.805376],[139.7948698,35.8052927],[139.7945908,35.8052433],[139.7922411,35.8053522],[139.7914743,35.8055548],[139.7909863,35.8056578],[139.7902898,35.8058596],[139.7903024,35.8058923],[139.7898773,35.8060022],[139.7898818,35.8060123],[139.7896203,35.8060828],[139.789501,35.8059913],[139.7886463,35.8062021],[139.7886729,35.8063173],[139.788446,35.80635],[139.7879064,35.8063626],[139.7875595,35.806473],[139.7872072,35.8065572],[139.7869201,35.8066048],[139.7866195,35.8066284],[139.7835945,35.8066195],[139.7834745,35.8067314],[139.7832073,35.806893],[139.7830429,35.8070505],[139.7829277,35.8072211],[139.7827237,35.807204],[139.782512,35.8071687],[139.7820509,35.8070845],[139.7817126,35.8070198],[139.7815094,35.8069684],[139.781107,35.8071163],[139.780828,35.8072447],[139.7805357,35.8074383],[139.7802701,35.8076493],[139.7799858,35.8079255],[139.7798304,35.8080907],[139.7794193,35.8082458],[139.7789811,35.8087022],[139.7787485,35.8089466],[139.7784368,35.8092935],[139.7772842,35.8105071],[139.7768856,35.8109268],[139.7769486,35.8110563],[139.7764504,35.8116194],[139.7739615,35.8142493],[139.7729534,35.8153276],[139.7726731,35.8155592],[139.772629,35.8158028],[139.7726061,35.8159187],[139.7724452,35.8160851],[139.7722735,35.816233],[139.772079,35.8163722],[139.7718014,35.8165538],[139.7715989,35.8166821],[139.7714527,35.8167615],[139.7713772,35.816843],[139.771269,35.816966],[139.7711134,35.8170715],[139.7708157,35.8171874],[139.7706735,35.8172169],[139.7703662,35.8172849],[139.769801,35.8173765],[139.7694354,35.8174171],[139.76892,35.8174651],[139.7686447,35.8174937],[139.7678541,35.8174902],[139.7674793,35.8174785],[139.7670817,35.8174431],[139.7668808,35.8173991],[139.7665268,35.8173526],[139.766374,35.8173269],[139.7660459,35.8171763],[139.7658396,35.8169629],[139.7657412,35.8168552],[139.7655605,35.8167024],[139.7652724,35.8164545],[139.7658893,35.8158698],[139.7650795,35.8154069],[139.7651723,35.8152285],[139.764726,35.8150041],[139.7637251,35.8143131],[139.7628839,35.813897],[139.7627713,35.8138273],[139.7617285,35.8130157],[139.7611591,35.8126693],[139.7609321,35.8125312],[139.7599216,35.8121377],[139.7597673,35.8121088],[139.7592452,35.8120557],[139.7570595,35.8118888],[139.7569685,35.8119007],[139.7560762,35.8122882],[139.7554631,35.8126579],[139.7553641,35.8125489],[139.7552238,35.8118984],[139.7551723,35.8116326],[139.7550976,35.8113856],[139.7550348,35.8104703],[139.7550305,35.8104315],[139.7549082,35.8103584],[139.7548555,35.8103754],[139.754794,35.8104172],[139.7541431,35.8109602],[139.7540743,35.8109084],[139.7540884,35.8108479],[139.7541974,35.8107221],[139.7543166,35.810629],[139.7539476,35.8103622],[139.7538622,35.8103716],[139.7538036,35.8103662],[139.7537547,35.8103425],[139.7536643,35.8102965],[139.75348,35.8104018],[139.7533052,35.8105204],[139.7529716,35.8107886],[139.7526379,35.8105364],[139.752499,35.8105744],[139.7524373,35.8105332],[139.7522281,35.8107507],[139.7523467,35.8108465],[139.7521814,35.8110235],[139.7521599,35.8110905],[139.7520536,35.8111977],[139.7518552,35.810928],[139.7518614,35.8108376],[139.751617,35.8106217],[139.751183,35.8106433],[139.7508493,35.8103744],[139.7508292,35.8102559],[139.7507206,35.8101656],[139.7506991,35.8099568],[139.7507528,35.8098937],[139.7508105,35.8096186],[139.7507877,35.8095577],[139.7507246,35.8095088],[139.7506857,35.8094457],[139.7506401,35.8094109],[139.7504792,35.8093793],[139.750398,35.8092534],[139.750401,35.8091989],[139.7504398,35.8091906],[139.7504841,35.8091463],[139.7505968,35.8090257],[139.7506388,35.8089878],[139.7506647,35.8088714],[139.750726,35.8087485],[139.7506902,35.8087147],[139.7505637,35.808667],[139.7504741,35.8086408],[139.7507803,35.8077782],[139.7505913,35.8075656],[139.7505454,35.8071971],[139.7504634,35.8071136],[139.7504422,35.8070467],[139.7504675,35.8069616],[139.7505571,35.8065592],[139.7506105,35.8064058],[139.7507196,35.8062467],[139.7510938,35.8060142],[139.7514799,35.8057476],[139.7516552,35.8056024],[139.751764,35.8055307],[139.7525432,35.8050792],[139.7526882,35.8050169],[139.7530617,35.8048721],[139.7535182,35.804484],[139.7537376,35.8043587],[139.7551329,35.8030178],[139.7554226,35.8027176],[139.7558511,35.8019638],[139.7559639,35.8018657],[139.7564198,35.801509],[139.7581954,35.7997164],[139.7597696,35.7984328],[139.7598037,35.7984161],[139.760206,35.7979664],[139.7605833,35.7975414],[139.7604814,35.7971652],[139.7602426,35.7962965],[139.7599152,35.7951236],[139.7599716,35.7948424],[139.7593225,35.7941679],[139.758609,35.7934239],[139.7576649,35.7924623],[139.7568656,35.7916616],[139.7563453,35.7911307],[139.7558519,35.7906384],[139.7553729,35.7901603],[139.7552392,35.7900309],[139.755488,35.7894057],[139.7556425,35.7894391],[139.7558248,35.7890126],[139.7558383,35.7889463],[139.7558101,35.7889006],[139.7557712,35.7888799],[139.7557511,35.788732],[139.7561279,35.7885949],[139.7559295,35.7883023],[139.755672,35.7882576],[139.7555714,35.7881619],[139.7557176,35.7879987],[139.7553514,35.787532],[139.7555003,35.7873373],[139.7554547,35.7872862],[139.7552294,35.7871437],[139.7549491,35.7870501],[139.7547761,35.7871012],[139.7546554,35.786987],[139.7545374,35.7869141],[139.7544444,35.7869379],[139.7543456,35.7871023],[139.7540559,35.7870893],[139.7537019,35.787037],[139.7537153,35.7868651],[139.753667,35.7867477],[139.7535664,35.78664],[139.7536804,35.7863963],[139.7536616,35.7862973],[139.752916,35.7861939],[139.7527121,35.7861906],[139.752633,35.7861765],[139.7524426,35.7861885],[139.7522696,35.7862081],[139.7520322,35.786294],[139.7520398,35.7863548],[139.751764,35.7863332],[139.7515226,35.7862853],[139.7513442,35.7861819],[139.7511498,35.786504],[139.7508844,35.7863899],[139.7505342,35.7862374],[139.7502526,35.7861363],[139.7500098,35.7860481],[139.7496084,35.7859087],[139.7495431,35.7860601],[139.7491971,35.7861167],[139.749012,35.7860927],[139.7487961,35.7862178],[139.7485896,35.7860405],[139.7481668,35.7862861],[139.7476174,35.7865573],[139.7472834,35.7867139],[139.7470124,35.7867205],[139.7467442,35.7867281],[139.7467281,35.7862592],[139.7467241,35.7859295],[139.7466892,35.7854302],[139.7466705,35.7852355],[139.7465498,35.7848732],[139.7466244,35.7847784],[139.7464694,35.7843467],[139.7458846,35.7837592],[139.7454823,35.7834676],[139.7453428,35.7831195],[139.7445395,35.7826814],[139.744307,35.7825546],[139.7435284,35.7821757],[139.7425533,35.7817617],[139.7415836,35.7814208],[139.7407334,35.7811228],[139.7380379,35.7801766],[139.7383333,35.7795931],[139.7384676,35.7786385],[139.7381083,35.7774439],[139.7369395,35.7755499],[139.7368286,35.7753419],[139.736799,35.7752857],[139.7359604,35.773694],[139.7356909,35.7724191],[139.7358424,35.7713813],[139.7363132,35.7704749],[139.7363201,35.7704615],[139.7370554,35.7700876],[139.7370997,35.7700663],[139.7389669,35.7697297],[139.7405133,35.769263],[139.7428059,35.7682593],[139.7428184,35.7682538],[139.7448319,35.7673673],[139.7457664,35.7671793],[139.7458713,35.7671583],[139.7463869,35.7670553],[139.7478277,35.7671406],[139.7478835,35.7671437],[139.7506581,35.7673016],[139.7516431,35.7675434],[139.7519632,35.7676359],[139.7532152,35.7679928],[139.7585206,35.7690511],[139.7596748,35.7674612],[139.7601579,35.765597],[139.7553987,35.763344],[139.7544723,35.7627904],[139.753025,35.7619255],[139.7512297,35.7610625],[139.7493707,35.7601405],[139.7488248,35.7598759],[139.7487582,35.7598003],[139.7482121,35.7591804],[139.7482281,35.7588428],[139.7482284,35.7588352],[139.7482548,35.7582357],[139.7484486,35.7579009],[139.7487359,35.7574169],[139.7498063,35.756586],[139.7512968,35.7560546],[139.7516638,35.7559861],[139.7562808,35.7551244],[139.7562861,35.7551234],[139.7577676,35.754846],[139.7577696,35.7548457],[139.7616719,35.7543549],[139.7643453,35.7540187],[139.7660485,35.7538747],[139.7660571,35.753874],[139.7695285,35.7535744],[139.7710652,35.7536128],[139.77517,35.7537154],[139.7773435,35.7538244],[139.7821506,35.754066],[139.782306,35.7540738],[139.7826278,35.7540169],[139.7860209,35.7534167],[139.7875719,35.7530236],[139.7888022,35.7527118],[139.78957,35.752335],[139.7911295,35.7505226],[139.7914388,35.7497059],[139.7911781,35.748981],[139.7910482,35.7488707],[139.7903257,35.748257],[139.7892782,35.7475901],[139.7888002,35.7472857],[139.7884512,35.7467439],[139.7883352,35.7461533],[139.7884394,35.7455729],[139.7884846,35.7453213],[139.7888834,35.7444324],[139.7890886,35.7441337],[139.7891117,35.7440997],[139.7894435,35.7436125],[139.7897036,35.743306],[139.7911368,35.7416686],[139.7913727,35.7415017],[139.7913782,35.7414978],[139.7913864,35.741492],[139.7926563,35.7405983],[139.792807,35.740545],[139.7947178,35.7398678],[139.7967498,35.7395456],[139.7970174,35.7394923],[139.7975309,35.7393911],[139.8008681,35.738733],[139.8013358,35.7387092],[139.8023306,35.7386591],[139.8037677,35.7389465],[139.8090689,35.7408694],[139.8094823,35.7409394],[139.8110724,35.741211],[139.8111759,35.7412282],[139.813013,35.7408562],[139.8140975,35.740258],[139.8144634,35.7394539],[139.8145076,35.7394725],[139.8145381,35.7394853],[139.8145682,35.7394979],[139.8145964,35.7395098],[139.8146516,35.7395332],[139.8146935,35.7395508],[139.8147455,35.7395727],[139.8148173,35.739603],[139.8148722,35.7396262],[139.8149246,35.7396482],[139.8149785,35.7396709],[139.8150254,35.7396906],[139.8150706,35.7397098],[139.8151196,35.7397304],[139.8151561,35.7397458],[139.8151985,35.7397689],[139.8152304,35.7397863],[139.8157424,35.7400729],[139.8160441,35.7404382],[139.8160537,35.7404499],[139.8164974,35.7409883],[139.8167926,35.7413342],[139.8171172,35.741718],[139.8173298,35.7419697],[139.817555,35.7422072],[139.8177289,35.7423918],[139.8178955,35.7425702],[139.817944,35.7425932],[139.8180015,35.7426203],[139.8181918,35.7427101],[139.8183623,35.7427912],[139.8185408,35.7428755],[139.8187299,35.742943],[139.8189708,35.7430297],[139.8191886,35.7431079],[139.8193798,35.7431763],[139.8195896,35.743252],[139.8197974,35.7433261],[139.8199563,35.7433831],[139.8201286,35.7434443],[139.8202021,35.7434705],[139.8202854,35.7435023],[139.8202957,35.7435063],[139.8202214,35.7436397],[139.8200763,35.7438979],[139.8179295,35.7477174],[139.8174776,35.7485206],[139.8171887,35.748884],[139.8155242,35.7509884],[139.8155211,35.7509923],[139.8149343,35.751731],[139.8143872,35.752422],[139.8151269,35.7534797],[139.8143519,35.7538758],[139.8134503,35.7545503],[139.8133843,35.7551163],[139.8135722,35.7571539],[139.8133792,35.7573106],[139.8133642,35.7573307],[139.8133642,35.7573617],[139.8133819,35.7574846],[139.8134974,35.7580123],[139.8135149,35.758076],[139.8135149,35.758193],[139.8134989,35.7583152],[139.813438,35.7586649],[139.8133502,35.758974],[139.8132443,35.7591408],[139.8132987,35.7592485],[139.8133532,35.7593739]]]}},{"type":"Feature","properties":{"name":"港区","name:en":"Minato"},"geometry":{"type":"Polygon","coordinates":[[[139.723073,35.6473913],[139.7231167,35.6473928],[139.7231314,35.6473936],[139.7231789,35.6473763],[139.7231974,35.6473163],[139.7232524,35.6472252],[139.7233605,35.6471226],[139.7234559,35.6470543],[139.7236409,35.646922],[139.7237717,35.6468318],[139.7238873,35.6467549],[139.7239259,35.6467294],[139.7232766,35.6461213],[139.7231597,35.6460057],[139.7230818,35.6458367],[139.7231697,35.6458072],[139.723147,35.6454949],[139.7230358,35.6454421],[139.7228821,35.6455813],[139.7228085,35.6455391],[139.722983,35.6453071],[139.7229627,35.6451817],[139.7229309,35.6450651],[139.7228592,35.6449326],[139.7227543,35.6449414],[139.7227489,35.6449068],[139.7227252,35.6449088],[139.7227126,35.644859],[139.7227275,35.6448524],[139.7227147,35.6447582],[139.7227096,35.6447108],[139.7227061,35.6446971],[139.7227301,35.6446434],[139.7225796,35.6445658],[139.7225275,35.6445482],[139.7223553,35.6444626],[139.7223834,35.644419],[139.7222505,35.6443636],[139.7221697,35.6443733],[139.7220503,35.644351],[139.7220042,35.6443552],[139.7219803,35.6443643],[139.7217441,35.6444528],[139.7217156,35.6444051],[139.7217093,35.644407],[139.7215271,35.6444631],[139.7215062,35.6444514],[139.7213319,35.6443406],[139.7212425,35.6442782],[139.7211528,35.6442297],[139.7209743,35.6441336],[139.7209238,35.643868],[139.7210595,35.6438263],[139.7213835,35.6437286],[139.7209673,35.6432144],[139.7208898,35.6431183],[139.7207104,35.6428887],[139.7204881,35.6426313],[139.7203893,35.6425169],[139.7202359,35.6423507],[139.7201193,35.6422384],[139.7199004,35.6420526],[139.7197425,35.6419411],[139.7195936,35.6418412],[139.7192285,35.641624],[139.7192845,35.641485],[139.7192513,35.6414928],[139.7192538,35.6414595],[139.71929,35.641449],[139.7193232,35.6412969],[139.7193959,35.6412729],[139.7193885,35.6412023],[139.7176856,35.6406937],[139.7177025,35.6405884],[139.7178346,35.6400402],[139.7172541,35.6398881],[139.7170494,35.6400645],[139.7168472,35.639933],[139.7167638,35.6399111],[139.7170396,35.639675],[139.7170224,35.6395943],[139.716994,35.6394173],[139.7169275,35.6388353],[139.7168931,35.638463],[139.7168871,35.6382132],[139.7166249,35.6382093],[139.7166367,35.6380463],[139.7166755,35.6379153],[139.717048,35.6379368],[139.7173182,35.6379566],[139.717943,35.6361413],[139.7178818,35.6360794],[139.717483,35.6356762],[139.7174017,35.635594],[139.7173285,35.6354935],[139.7172983,35.6354521],[139.7175236,35.6353204],[139.71735,35.6351392],[139.7174158,35.6350943],[139.7177162,35.6348807],[139.7177967,35.6347804],[139.7178717,35.634802],[139.7178441,35.6348748],[139.7180269,35.6349089],[139.7179833,35.6352368],[139.7181761,35.635266],[139.7184322,35.6352894],[139.7186223,35.6353066],[139.7187802,35.6353144],[139.7193266,35.6353261],[139.7192665,35.6349933],[139.7193777,35.6348857],[139.7195115,35.6347339],[139.719598,35.6346324],[139.7196907,35.6345041],[139.7197306,35.6344526],[139.7197998,35.6343359],[139.7202412,35.6344932],[139.7202108,35.634548],[139.7202988,35.6345776],[139.7203303,35.6345206],[139.7205144,35.6345997],[139.7204623,35.6347145],[139.7207136,35.6348169],[139.7210434,35.6349584],[139.7210092,35.6350036],[139.7211483,35.6350771],[139.7213143,35.6351704],[139.7214192,35.6350412],[139.7216435,35.635469],[139.7217185,35.6354616],[139.7217297,35.6353223],[139.7219551,35.6353319],[139.721952,35.6353906],[139.7221358,35.6353922],[139.7221512,35.63551],[139.7221457,35.6356019],[139.7221289,35.6356005],[139.7220912,35.6357233],[139.7220695,35.6358151],[139.7220923,35.6358193],[139.7222346,35.6358973],[139.7223469,35.6358422],[139.7224641,35.6357853],[139.7226736,35.6357027],[139.7230967,35.6356211],[139.7231949,35.6356024],[139.7235305,35.6355036],[139.7237201,35.6354624],[139.7240918,35.6353813],[139.7243517,35.6353171],[139.7245781,35.6352616],[139.7252448,35.6351817],[139.7253436,35.6351637],[139.7256571,35.6350778],[139.7259278,35.6349988],[139.7261206,35.6349332],[139.7262129,35.6348885],[139.7262754,35.6348193],[139.7265747,35.6344735],[139.7267632,35.6342361],[139.726794,35.6341981],[139.7267098,35.6340003],[139.72668,35.6339292],[139.7266938,35.6338399],[139.7266323,35.6337119],[139.7263428,35.6330016],[139.7264929,35.6327709],[139.7265306,35.6326429],[139.7267429,35.6320396],[139.7268664,35.6318931],[139.7270696,35.6320286],[139.7271842,35.6319835],[139.7273667,35.6319022],[139.7274812,35.6318434],[139.7275603,35.6320214],[139.7276547,35.6322449],[139.727752,35.6324745],[139.7278283,35.6326584],[139.7280373,35.6331531],[139.7281648,35.6331238],[139.7282732,35.6330996],[139.7283998,35.6330595],[139.7287067,35.6329269],[139.7286169,35.6327461],[139.7285654,35.6326313],[139.7284803,35.6324451],[139.7283983,35.6324697],[139.7283501,35.6323844],[139.7282542,35.6323231],[139.7282594,35.6320281],[139.7282219,35.6318665],[139.7284712,35.6316764],[139.7288388,35.6314271],[139.7289528,35.6313537],[139.729025,35.6313026],[139.7291022,35.631367],[139.7291596,35.6313307],[139.7292293,35.6313765],[139.7293469,35.6314939],[139.729655,35.6312254],[139.7297317,35.6311586],[139.7297991,35.6311059],[139.7300307,35.6309529],[139.7301718,35.630823],[139.7305015,35.6305832],[139.7306615,35.6304681],[139.7307483,35.6303437],[139.7307817,35.6302093],[139.730809,35.6301629],[139.7308432,35.6301288],[139.7308748,35.6301166],[139.7309179,35.6301001],[139.7309762,35.6300663],[139.7310212,35.6300305],[139.7310647,35.6299774],[139.7310756,35.6299622],[139.7310784,35.6298726],[139.7310824,35.6297652],[139.7310826,35.6297202],[139.7310557,35.6295852],[139.7310498,35.6295433],[139.7310594,35.6293982],[139.7310749,35.6292319],[139.7310896,35.6291051],[139.7311245,35.6290625],[139.7313092,35.6288176],[139.7314572,35.6288282],[139.7314563,35.628641],[139.7314558,35.6285645],[139.7314891,35.6284379],[139.7314863,35.6282108],[139.7314799,35.6280639],[139.7314538,35.6278557],[139.7313804,35.6278704],[139.7313592,35.6276839],[139.7308671,35.6276635],[139.7309127,35.6275172],[139.7309703,35.6273529],[139.7310043,35.6272876],[139.7310387,35.6272064],[139.731087,35.6271633],[139.7310882,35.6271231],[139.7310872,35.6270209],[139.7308855,35.6270272],[139.7308502,35.6266923],[139.7308709,35.6266357],[139.7310528,35.6266923],[139.7311348,35.6264492],[139.7313539,35.6264873],[139.73136,35.6264611],[139.7313868,35.62635],[139.7315253,35.6262223],[139.7318526,35.625982],[139.731936,35.6259943],[139.7320029,35.6257627],[139.7317631,35.6257201],[139.7316621,35.6256475],[139.7319184,35.6254153],[139.7319437,35.6254338],[139.7321666,35.6255184],[139.7321439,35.6256019],[139.7323761,35.6256637],[139.7322872,35.6259487],[139.7327192,35.6260223],[139.7329436,35.6261027],[139.7330397,35.6259221],[139.7334225,35.6260152],[139.7334633,35.6259063],[139.7337955,35.62598],[139.7338405,35.6259062],[139.7340092,35.6256322],[139.7344169,35.6249888],[139.7346607,35.6246228],[139.7347722,35.6244453],[139.7348202,35.6243161],[139.734942,35.6239263],[139.7351022,35.6235309],[139.7353085,35.6230363],[139.7370616,35.6232092],[139.7370374,35.6235704],[139.7382334,35.6236789],[139.738348,35.6241823],[139.7380097,35.6249527],[139.7383838,35.6249118],[139.7384894,35.6249003],[139.7384992,35.6248727],[139.7385359,35.6248465],[139.738535,35.6248259],[139.7389471,35.6245487],[139.7391212,35.6244316],[139.7391374,35.6244483],[139.7392969,35.6243259],[139.7394116,35.6241975],[139.7394549,35.6241491],[139.7399491,35.6242594],[139.7403199,35.6243506],[139.7418965,35.6247179],[139.7427511,35.6249186],[139.7431226,35.6250125],[139.7434743,35.6251149],[139.743758,35.6243005],[139.744078,35.6237647],[139.7442849,35.6233862],[139.7464405,35.6231343],[139.7512196,35.6252742],[139.7527181,35.6253236],[139.7526561,35.6242066],[139.7534945,35.6242147],[139.7534846,35.6240648],[139.7541366,35.6240324],[139.7541545,35.6242118],[139.754159,35.6242382],[139.7576839,35.6242984],[139.7575412,35.6277353],[139.7592585,35.6277703],[139.7594328,35.6277732],[139.7631903,35.6278027],[139.7660868,35.6277723],[139.7659126,35.6275812],[139.7658888,35.627407],[139.7660279,35.6272416],[139.7662508,35.6271806],[139.7664838,35.6272293],[139.7667063,35.6275064],[139.7687897,35.6264653],[139.7692714,35.6259099],[139.7699484,35.625122],[139.7712212,35.6235449],[139.7733879,35.6251944],[139.7740166,35.6256112],[139.7750018,35.6261763],[139.7762366,35.6268409],[139.7766887,35.6270842],[139.7776937,35.6276279],[139.7804613,35.6291785],[139.7819846,35.6299921],[139.7829301,35.630497],[139.7814811,35.6321956],[139.7809062,35.6329102],[139.7770288,35.6375818],[139.7681662,35.6402011],[139.7647281,35.6469785],[139.7640962,35.6482577],[139.7648721,35.6515303],[139.7649241,35.6517149],[139.7650705,35.6522492],[139.7655044,35.6538492],[139.7657782,35.6548346],[139.7659648,35.6554769],[139.7650175,35.6559407],[139.7645772,35.6561706],[139.7626662,35.6571687],[139.7597141,35.6588837],[139.7595206,35.6589971],[139.7595135,35.6590862],[139.7595285,35.6591686],[139.7595492,35.6592818],[139.7595921,35.6594308],[139.7597017,35.659607],[139.7610919,35.6613042],[139.7627894,35.6634142],[139.7629104,35.6635646],[139.7630433,35.6637438],[139.7631916,35.6639875],[139.7633197,35.6643653],[139.7632871,35.6648316],[139.7632349,35.66522],[139.7631435,35.6654917],[139.7628596,35.6660803],[139.7626687,35.6663998],[139.7625643,35.6665654],[139.7623718,35.6668107],[139.7622037,35.666975],[139.7620047,35.6671089],[139.7616914,35.6672561],[139.7608091,35.6675674],[139.7592262,35.668096],[139.7589516,35.6682122],[139.7588201,35.6683219],[139.7587532,35.6683978],[139.7587093,35.668499],[139.7586851,35.6686003],[139.758555,35.6686296],[139.7580242,35.6687506],[139.7578549,35.6688027],[139.7574585,35.6689249],[139.7570502,35.6690511],[139.7568743,35.6691059],[139.7566491,35.669176],[139.7563862,35.6692587],[139.7560659,35.669359],[139.7555382,35.6695231],[139.7554563,35.6695573],[139.7553509,35.6696154],[139.7552476,35.6696403],[139.7549979,35.6697265],[139.7547353,35.6698193],[139.7544045,35.6699355],[139.7540988,35.6700424],[139.753915,35.6701075],[139.7536015,35.6702113],[139.753489,35.6702479],[139.7531618,35.6703446],[139.7527104,35.6704774],[139.7524363,35.670545],[139.7521,35.6706265],[139.7520512,35.670609],[139.7517969,35.6701505],[139.7515927,35.6702196],[139.7513346,35.6703072],[139.7510025,35.6704209],[139.7506471,35.6705429],[139.7503584,35.6706419],[139.749937,35.6707864],[139.7496664,35.6708786],[139.7494764,35.6709329],[139.7486917,35.6704612],[139.7486141,35.6704039],[139.7483891,35.670228],[139.7481349,35.6700241],[139.7478709,35.6698129],[139.7476059,35.6696021],[139.7468669,35.6700943],[139.7461283,35.6704545],[139.7449729,35.6706801],[139.7450047,35.6707758],[139.7450303,35.6709556],[139.7450298,35.6710063],[139.7448636,35.6710069],[139.7433302,35.6713028],[139.7432957,35.6713185],[139.7431964,35.6713515],[139.7431346,35.671372],[139.7430752,35.6714033],[139.7428946,35.6715051],[139.742629,35.6716525],[139.7422294,35.6719101],[139.7418602,35.6721491],[139.741655,35.6722832],[139.7414086,35.6722885],[139.7405787,35.6728085],[139.7401392,35.6730842],[139.7396231,35.6734071],[139.739068,35.67358],[139.738918,35.6737406],[139.7388268,35.6738798],[139.7387434,35.6740281],[139.7386803,35.6741776],[139.7384903,35.6746448],[139.7383912,35.6749033],[139.7383045,35.6751232],[139.7382406,35.6752864],[139.7382137,35.6753464],[139.7381575,35.6754643],[139.7381014,35.6755652],[139.7380051,35.6757236],[139.7379434,35.675813],[139.7377008,35.6761107],[139.7375008,35.6763628],[139.7373865,35.6765094],[139.7373615,35.6765445],[139.7373095,35.6766616],[139.7372515,35.6767787],[139.7372076,35.6768912],[139.7371582,35.677017],[139.737134,35.6770928],[139.737111,35.6772088],[139.7370627,35.6773821],[139.737011,35.6775584],[139.7369699,35.6777042],[139.7367527,35.6782974],[139.7367091,35.6783998],[139.7366908,35.6784515],[139.7365642,35.6788094],[139.7362549,35.6787873],[139.7361995,35.6787833],[139.7354699,35.6787397],[139.7349657,35.678731],[139.7345526,35.6787833],[139.7336728,35.6789837],[139.733632,35.6790141],[139.7335734,35.6790577],[139.7332276,35.6793149],[139.7330506,35.6798727],[139.7327555,35.6804348],[139.7324283,35.6807877],[139.7321081,35.6811725],[139.7319908,35.6813135],[139.7317655,35.6814442],[139.7307916,35.6811148],[139.7307391,35.6811654],[139.7306744,35.6812546],[139.7304734,35.6816255],[139.7300213,35.6824737],[139.7300023,35.6824868],[139.7281771,35.6826516],[139.728154,35.682649],[139.7281258,35.6826343],[139.7281172,35.6826246],[139.7280862,35.6825898],[139.727568,35.6819931],[139.7275503,35.6819602],[139.7274882,35.6818418],[139.727193,35.6811657],[139.7269129,35.6805378],[139.7269056,35.6805207],[139.7267474,35.6801475],[139.7266841,35.6800302],[139.7265688,35.6798666],[139.7264428,35.679738],[139.726328,35.6796412],[139.726286,35.6796062],[139.7261486,35.6795201],[139.7259875,35.6794395],[139.7258157,35.6793781],[139.7256734,35.6793462],[139.7253582,35.6792808],[139.7251518,35.6792354],[139.7251027,35.6792187],[139.7250114,35.6791636],[139.7246746,35.6789595],[139.7244577,35.678843],[139.7241411,35.6786771],[139.723926,35.678937],[139.7239079,35.6789508],[139.7235637,35.6789583],[139.7235441,35.6789587],[139.7233122,35.6790342],[139.722804,35.6790534],[139.7227415,35.6791955],[139.722686,35.6791651],[139.7224583,35.6791763],[139.7224485,35.6792023],[139.7221944,35.6791233],[139.7219265,35.6791222],[139.7217182,35.6790545],[139.7217057,35.6789372],[139.7213637,35.678862],[139.7211742,35.6789377],[139.7211152,35.6791182],[139.7208837,35.6790279],[139.7208366,35.6790891],[139.7207082,35.6791753],[139.7204543,35.679052],[139.7200372,35.6788762],[139.7198866,35.6791695],[139.7197775,35.6791629],[139.7197726,35.6788563],[139.719737,35.6786651],[139.7197353,35.6784067],[139.7191635,35.6785725],[139.7192422,35.6784048],[139.7192831,35.6780954],[139.7195312,35.6772674],[139.7196224,35.6769782],[139.7196965,35.6767857],[139.7194658,35.67673],[139.7196106,35.6762032],[139.7197082,35.6758915],[139.719795,35.6755815],[139.7198617,35.6753389],[139.7194673,35.6749821],[139.7186507,35.6740122],[139.7165117,35.6732954],[139.7162738,35.6732207],[139.7163203,35.6731341],[139.7164226,35.672942],[139.7165515,35.6727004],[139.7166738,35.6724711],[139.7166893,35.6724252],[139.7166705,35.6724212],[139.7165844,35.6722491],[139.7165289,35.6722438],[139.7164769,35.6721508],[139.7161529,35.6722701],[139.7158501,35.672387],[139.7153708,35.6725748],[139.7154338,35.6726883],[139.7149993,35.6728438],[139.7150215,35.6728828],[139.714837,35.6729487],[139.7147724,35.6728119],[139.7146024,35.6724654],[139.714547,35.6722134],[139.7143992,35.6719939],[139.7145625,35.6719194],[139.7143856,35.6716478],[139.7142924,35.6714978],[139.7142617,35.671403],[139.7142561,35.671379],[139.7142338,35.6713395],[139.7141545,35.6712307],[139.7141019,35.6711159],[139.7141176,35.6709154],[139.7143509,35.6708569],[139.7140024,35.6703599],[139.7141563,35.6702567],[139.7142351,35.6702045],[139.7143809,35.6701131],[139.714595,35.6699703],[139.7148013,35.6698355],[139.7149797,35.6697194],[139.7150947,35.6696449],[139.7149022,35.6694607],[139.7147518,35.6693733],[139.7144039,35.6692273],[139.7143479,35.6692587],[139.7142276,35.6693092],[139.7139198,35.6694193],[139.7138511,35.6693451],[139.7137436,35.6692365],[139.7136238,35.6691131],[139.7134639,35.6689252],[139.7132747,35.6686986],[139.7131526,35.6685516],[139.7130275,35.6684024],[139.7129396,35.6682921],[139.7127595,35.6681053],[139.7126112,35.6679411],[139.7120841,35.667358],[139.711958,35.6672186],[139.7118155,35.6670825],[139.7116858,35.6669348],[139.7115806,35.6668113],[139.7114778,35.6666937],[139.711293,35.6664912],[139.7111238,35.6663036],[139.7108453,35.6659621],[139.7105691,35.6660985],[139.7105111,35.6660748],[139.7104235,35.6659653],[139.7102073,35.6657271],[139.7101438,35.6656581],[139.7098927,35.6654059],[139.7097023,35.665216],[139.7095059,35.6650036],[139.7094689,35.6649615],[139.7093514,35.6648355],[139.7092571,35.6647315],[139.7091249,35.6645895],[139.7089334,35.664385],[139.7087439,35.6641822],[139.7089015,35.6640576],[139.7090822,35.6639111],[139.7094296,35.6636724],[139.7097551,35.6634496],[139.7101113,35.6632148],[139.7102979,35.6630864],[139.7103819,35.6630299],[139.7103183,35.6629903],[139.7103619,35.6629441],[139.7104442,35.662852],[139.7106748,35.6626023],[139.7108924,35.6623672],[139.7110273,35.6622192],[139.7112206,35.6620108],[139.7112759,35.6619481],[139.7115519,35.6616295],[139.7117224,35.6614355],[139.7118574,35.6612819],[139.7119769,35.6611729],[139.7119547,35.6610908],[139.7121867,35.6608239],[139.7122946,35.6607507],[139.7124434,35.660669],[139.7128408,35.6604307],[139.71339,35.660104],[139.7138498,35.6598285],[139.7139364,35.6597763],[139.7139706,35.6597439],[139.7137624,35.6594539],[139.7137069,35.6593637],[139.7135666,35.6591297],[139.7133904,35.6586713],[139.7128407,35.6586132],[139.7126193,35.6585899],[139.7126542,35.6585593],[139.7126655,35.6585494],[139.7128643,35.6584016],[139.7131507,35.6582373],[139.7135484,35.6580203],[139.7136488,35.6579357],[139.7138631,35.6577337],[139.714021,35.6576093],[139.7141383,35.6575357],[139.7144295,35.6573529],[139.7145317,35.6572815],[139.7145996,35.6572159],[139.7150592,35.6570416],[139.7153778,35.6569631],[139.7157939,35.6569309],[139.7161171,35.6568957],[139.7162839,35.6568747],[139.7165704,35.6568368],[139.7168402,35.6567509],[139.7170774,35.6566751],[139.7173042,35.6566028],[139.7175119,35.6565373],[139.7176846,35.6564816],[139.7179252,35.6564062],[139.717999,35.6565573],[139.7181586,35.6568817],[139.7182128,35.6570111],[139.7182361,35.657068],[139.7183286,35.6570342],[139.718461,35.6569909],[139.7186091,35.6569392],[139.718847,35.6568581],[139.7190911,35.6567755],[139.7193528,35.6566854],[139.7196686,35.6565733],[139.7199017,35.6564791],[139.720145,35.6563815],[139.7204529,35.6562776],[139.720656,35.6562089],[139.7210375,35.6560802],[139.7212627,35.6560049],[139.7215495,35.6559073],[139.7216797,35.6558643],[139.7220406,35.6557522],[139.7220814,35.6557474],[139.7221115,35.6557538],[139.7221338,35.6557631],[139.7222823,35.6558724],[139.7224859,35.6560207],[139.7227341,35.6562011],[139.7229646,35.6563661],[139.7229674,35.6562939],[139.722938,35.6560409],[139.7228959,35.655897],[139.7227655,35.6556742],[139.7225587,35.6553212],[139.7224208,35.6550862],[139.7222282,35.654767],[139.7220345,35.6544439],[139.7218572,35.6541502],[139.7216972,35.6539176],[139.7216552,35.6536534],[139.7217467,35.6534412],[139.7217371,35.6532706],[139.7217887,35.6529085],[139.7218135,35.6528377],[139.721869,35.6527158],[139.7219721,35.6525959],[139.7219517,35.6525822],[139.7218535,35.6525822],[139.721782,35.6525705],[139.7217063,35.6525129],[139.7216565,35.652428],[139.7216454,35.6524052],[139.7216237,35.6523605],[139.7218039,35.6523649],[139.7218067,35.6523152],[139.7219568,35.65232],[139.7219555,35.6523337],[139.7222082,35.6523414],[139.7222143,35.6522426],[139.7222211,35.6519416],[139.7222299,35.6516688],[139.7222386,35.6514408],[139.7222595,35.6510643],[139.7222719,35.6509401],[139.7222895,35.6508351],[139.722311,35.6507423],[139.7223368,35.6506222],[139.7224472,35.6501166],[139.7225767,35.6495424],[139.7227555,35.6487421],[139.7228053,35.6483539],[139.7228163,35.6481974],[139.7228437,35.6478479],[139.7230556,35.6478385],[139.723073,35.6473913]]]}},{"type":"Feature","properties":{"name":"葛飾区","name:en":"Katsushika"},"geometry":{"type":"Polygon","coordinates":[[[139.8155242,35.7509884],[139.8171887,35.748884],[139.8174776,35.7485206],[139.8179295,35.7477174],[139.8200763,35.7438979],[139.8202214,35.7436397],[139.8202957,35.7435063],[139.8224284,35.740093],[139.8239466,35.7376632],[139.8239532,35.737653],[139.8253689,35.7354503],[139.8258205,35.7350063],[139.8282178,35.732641],[139.8290147,35.7319316],[139.8314815,35.7297462],[139.8317041,35.7295341],[139.8343217,35.7270408],[139.8358341,35.7255988],[139.8369219,35.7245616],[139.8404377,35.7212099],[139.8404408,35.7212069],[139.8405922,35.7210616],[139.8423779,35.7194759],[139.8428401,35.7190151],[139.8449653,35.716888],[139.8449674,35.7168859],[139.8458601,35.7159904],[139.8485306,35.7133186],[139.8500472,35.7118006],[139.8509782,35.7108698],[139.8523186,35.7115281],[139.8547135,35.7127034],[139.8546233,35.7127995],[139.8546864,35.7128575],[139.8546899,35.7128868],[139.8546738,35.71294],[139.8548376,35.7130496],[139.8548067,35.7131207],[139.8549616,35.7132183],[139.8549822,35.7132829],[139.8550045,35.7133613],[139.8550499,35.7135284],[139.8550946,35.7135499],[139.8551366,35.713703],[139.8552383,35.7136998],[139.8552697,35.7137027],[139.8553603,35.7137274],[139.8553962,35.7137507],[139.8554205,35.7138456],[139.8554359,35.7139539],[139.8555808,35.7139549],[139.8557313,35.7139547],[139.8558323,35.7139205],[139.855949,35.7138749],[139.8561986,35.7137791],[139.8562358,35.7137712],[139.8562771,35.7138457],[139.8562587,35.7138715],[139.8562763,35.7139551],[139.856284,35.7140644],[139.8563517,35.7141389],[139.8563828,35.7141046],[139.8564738,35.7141128],[139.856524,35.7141543],[139.8565668,35.7141935],[139.8566676,35.7142676],[139.8571216,35.7141174],[139.8576152,35.7139653],[139.858096,35.7138373],[139.8581208,35.7138316],[139.858157,35.7139518],[139.8584421,35.7141577],[139.858553,35.7140587],[139.8586027,35.7140956],[139.8587074,35.7139935],[139.8585839,35.7139119],[139.8586923,35.7138147],[139.8588686,35.7139445],[139.8593028,35.7142654],[139.8598592,35.7137514],[139.8600226,35.7138693],[139.8603808,35.7141278],[139.8608353,35.7144535],[139.861159,35.7141566],[139.8612026,35.7141166],[139.8614687,35.7138778],[139.8617765,35.7135987],[139.8623995,35.713014],[139.8626598,35.713207],[139.8629682,35.7129272],[139.8633317,35.713202],[139.8634595,35.7130789],[139.8635051,35.7131136],[139.8635114,35.7131184],[139.8635776,35.7133427],[139.8637891,35.7132598],[139.8641462,35.7131191],[139.8646519,35.7130447],[139.8647517,35.7130292],[139.8647995,35.7132713],[139.8649618,35.7132459],[139.86517,35.713211],[139.8653184,35.7131834],[139.8655284,35.7131368],[139.8657181,35.7130842],[139.865899,35.713069],[139.8660142,35.7130516],[139.8661059,35.7130421],[139.8662129,35.7130264],[139.8662831,35.71302],[139.8663737,35.7129966],[139.8664633,35.7129689],[139.8665381,35.7129305],[139.8666652,35.7129007],[139.8666726,35.7128629],[139.8666865,35.7127758],[139.8667067,35.7126376],[139.8667189,35.712579],[139.866736,35.7124957],[139.8667562,35.7123555],[139.8668817,35.7123682],[139.8670146,35.7123587],[139.867153,35.712344],[139.8671402,35.7120056],[139.8673154,35.7119992],[139.8674065,35.7121209],[139.8674539,35.7121906],[139.8675359,35.7123105],[139.8676118,35.7122793],[139.8676761,35.7121954],[139.8676966,35.7121795],[139.8676874,35.7121677],[139.867764,35.712123],[139.8678805,35.7122529],[139.8680376,35.7124579],[139.8683108,35.7127995],[139.8684216,35.7132167],[139.8684234,35.7133434],[139.8684242,35.7134194],[139.8683945,35.7136402],[139.868486,35.7138349],[139.868516,35.7139591],[139.8684951,35.7141075],[139.8684629,35.7142732],[139.8683909,35.7146142],[139.8683026,35.7147523],[139.8680458,35.715157],[139.8679287,35.7153817],[139.867901,35.7154448],[139.8677909,35.7157197],[139.8676924,35.7159702],[139.8675942,35.7162133],[139.8675703,35.7162738],[139.8674797,35.7164372],[139.8673797,35.7166194],[139.8672408,35.7168655],[139.8672266,35.7168891],[139.8671084,35.7170626],[139.8669663,35.7172737],[139.8669409,35.7173254],[139.8668457,35.7175289],[139.8668091,35.7175807],[139.8667776,35.7176081],[139.8667398,35.7176307],[139.8665556,35.7176967],[139.8665191,35.7177346],[139.8664884,35.7178365],[139.8664749,35.7178812],[139.8663864,35.71803],[139.8662678,35.7182206],[139.8662292,35.7184131],[139.866233,35.7185485],[139.8662381,35.7185777],[139.8662936,35.7188154],[139.8663159,35.7189038],[139.8663817,35.7190578],[139.866459,35.71917],[139.866534,35.7192366],[139.8667954,35.7194396],[139.8669792,35.7195884],[139.867045,35.7196235],[139.8671207,35.7197133],[139.8671936,35.7198305],[139.8672762,35.7200217],[139.8673381,35.7201694],[139.8673982,35.7203034],[139.8674088,35.7203591],[139.8674074,35.7203976],[139.8673848,35.7204658],[139.8673593,35.7205067],[139.8673364,35.7205715],[139.8673253,35.7207071],[139.8673153,35.7209221],[139.8673154,35.7209906],[139.8673244,35.7210734],[139.8673393,35.7211462],[139.8673677,35.721243],[139.8674513,35.7214251],[139.8675727,35.7216459],[139.867743,35.7219455],[139.8678663,35.7221677],[139.867919,35.7222788],[139.867959,35.7223684],[139.8680145,35.7225281],[139.8680814,35.7227141],[139.8681291,35.7228433],[139.8681909,35.7229991],[139.8682585,35.7230813],[139.8683426,35.7231254],[139.8686666,35.7232639],[139.869022,35.7234185],[139.8689014,35.7236261],[139.8687425,35.7238976],[139.8688004,35.7239368],[139.8686925,35.7240548],[139.8688953,35.7241935],[139.869062,35.7243046],[139.869173,35.724188],[139.8695669,35.724455],[139.8697446,35.7242236],[139.8698836,35.724292],[139.8700569,35.7243658],[139.8701707,35.7244109],[139.8703173,35.7244822],[139.8709177,35.7247492],[139.8708649,35.7249386],[139.8708167,35.7251134],[139.8708033,35.7252003],[139.8707354,35.7254746],[139.870642,35.7258523],[139.8705212,35.7263408],[139.8704505,35.7266287],[139.8703941,35.7268682],[139.8703231,35.7271576],[139.8702944,35.7272815],[139.8702803,35.7273854],[139.8702241,35.7276273],[139.8700614,35.7284299],[139.8699653,35.7289174],[139.8701946,35.7289323],[139.8701689,35.7290879],[139.8704656,35.7291086],[139.8704861,35.7289677],[139.8713947,35.7292687],[139.8718266,35.729561],[139.8718011,35.729828],[139.8717721,35.7301377],[139.8717562,35.7303723],[139.8717566,35.7305285],[139.8717916,35.7308169],[139.8718205,35.7310015],[139.8718784,35.7312225],[139.8719595,35.7314903],[139.8720408,35.7317445],[139.8721025,35.7326498],[139.8721218,35.7327512],[139.8722056,35.7332273],[139.8724201,35.7333866],[139.8724392,35.7334613],[139.8725143,35.7336657],[139.8726835,35.7336743],[139.8727607,35.7338966],[139.8725936,35.7340881],[139.8725312,35.734246],[139.872502,35.7343206],[139.8724656,35.7344135],[139.872411,35.7344915],[139.8726241,35.7346327],[139.8727839,35.7346247],[139.8728545,35.7347392],[139.8732308,35.7354297],[139.8733953,35.7354737],[139.8735356,35.7356269],[139.8736102,35.7356463],[139.873594,35.7357587],[139.8737402,35.7358327],[139.8739161,35.735898],[139.8741261,35.7359652],[139.8742279,35.7360411],[139.8738286,35.7366066],[139.8732463,35.7365088],[139.8731927,35.7367821],[139.872829,35.7366269],[139.8727558,35.7367519],[139.8728688,35.7367978],[139.8730086,35.7368563],[139.8727651,35.737152],[139.8729614,35.7372667],[139.8728064,35.737445],[139.8731293,35.7376244],[139.873298,35.7374121],[139.8737682,35.7367634],[139.8738648,35.736745],[139.8743569,35.7366677],[139.8747242,35.7366009],[139.8748011,35.7366706],[139.8750859,35.7372384],[139.8756717,35.7371472],[139.8757967,35.7371327],[139.8762054,35.7370414],[139.8765303,35.7369702],[139.8766376,35.7369496],[139.8766502,35.7370308],[139.8767046,35.7370596],[139.8767751,35.7375474],[139.8769229,35.7380172],[139.8769752,35.7382171],[139.8769522,35.7382919],[139.8768332,35.7384315],[139.8771789,35.7386299],[139.8769963,35.7388596],[139.8774661,35.739124],[139.8775527,35.7393658],[139.87761,35.7394848],[139.8775939,35.7395315],[139.8772555,35.7394248],[139.8770147,35.7397487],[139.8774458,35.7398791],[139.8773574,35.7400507],[139.8774923,35.7401146],[139.8775763,35.7402258],[139.8772579,35.7403491],[139.8770877,35.7403823],[139.8768222,35.7404292],[139.8768052,35.7405066],[139.8767882,35.7405342],[139.876749,35.7410427],[139.8774562,35.7410771],[139.8776184,35.7410715],[139.8776693,35.7410729],[139.8781148,35.7410851],[139.878212,35.7410593],[139.8784068,35.7409755],[139.8788032,35.7408267],[139.8794212,35.7405457],[139.879671,35.7404262],[139.8798915,35.7403119],[139.8799818,35.740257],[139.880016,35.7402501],[139.8800572,35.7402495],[139.8800952,35.7402622],[139.8802035,35.7403201],[139.8802888,35.7403697],[139.880344,35.7404018],[139.8803151,35.7405123],[139.8802473,35.7406963],[139.8800216,35.7411685],[139.8797843,35.7415478],[139.8799118,35.7415775],[139.8798989,35.7416553],[139.8804839,35.7417118],[139.8804963,35.7418457],[139.8810387,35.7419663],[139.8809536,35.7427031],[139.8810299,35.7427261],[139.8811646,35.7427453],[139.8816715,35.7427857],[139.8816541,35.7429762],[139.8816094,35.7431171],[139.8817306,35.7431428],[139.8817761,35.7431999],[139.8818287,35.7432659],[139.8820901,35.7433225],[139.8823162,35.7433715],[139.8822947,35.7435093],[139.8822738,35.7435793],[139.8822087,35.7438602],[139.8821025,35.7441372],[139.8820456,35.7442453],[139.8827591,35.74459],[139.8828101,35.7446118],[139.8829148,35.7446717],[139.8834351,35.7449184],[139.8835751,35.7449385],[139.8835611,35.7450717],[139.8837749,35.7450987],[139.8838135,35.7451681],[139.8839447,35.7451836],[139.8839456,35.7452086],[139.8843121,35.7452778],[139.8843482,35.7453263],[139.8844516,35.7453373],[139.8844482,35.7453751],[139.8846601,35.7453982],[139.8846425,35.7454984],[139.8849112,35.7455245],[139.8848533,35.7459482],[139.8849298,35.745955],[139.8849171,35.7460549],[139.885052,35.7463756],[139.8850702,35.7464058],[139.8849759,35.7464835],[139.8846355,35.7464438],[139.8846261,35.7465003],[139.8843626,35.7464644],[139.884335,35.7466314],[139.8843156,35.7466589],[139.8842991,35.7467905],[139.8841558,35.7467734],[139.8841488,35.746821],[139.8840317,35.7468052],[139.8840141,35.7469355],[139.8838605,35.7469202],[139.88384,35.7470514],[139.8839031,35.7470573],[139.8838861,35.747207],[139.8839402,35.7472338],[139.8839514,35.7473909],[139.8837867,35.7473882],[139.88351,35.7473862],[139.8834479,35.7473711],[139.883132,35.7473315],[139.8829374,35.7472866],[139.8828795,35.7473015],[139.8829367,35.7474383],[139.8829233,35.7475345],[139.8829543,35.7475805],[139.8831311,35.7475986],[139.8832175,35.7478113],[139.8831763,35.7478212],[139.8831705,35.7481089],[139.8830387,35.7481297],[139.8830698,35.748253],[139.8829362,35.7482664],[139.8829216,35.7483228],[139.8825213,35.748334],[139.8822042,35.7484594],[139.8821536,35.74849],[139.8818486,35.7485202],[139.881807,35.7484475],[139.8817188,35.7484586],[139.8817231,35.7486142],[139.881344,35.7486899],[139.8812174,35.7485788],[139.881161,35.7484318],[139.8810941,35.7484591],[139.8810226,35.7484929],[139.8808524,35.7484978],[139.8806756,35.7485325],[139.8803722,35.7485932],[139.8803686,35.7487204],[139.8803701,35.7487961],[139.8803983,35.7489062],[139.8804536,35.7490135],[139.8805226,35.7491811],[139.880575,35.7493583],[139.8806575,35.7496921],[139.8809425,35.7496505],[139.8814614,35.7495977],[139.8819731,35.749579],[139.8821383,35.7495628],[139.8823006,35.7495337],[139.8826921,35.7493954],[139.8827727,35.749364],[139.8828314,35.7495009],[139.882884,35.7496255],[139.8830361,35.7498955],[139.8833802,35.7499393],[139.8834015,35.7500681],[139.8840907,35.7500377],[139.8841062,35.7502149],[139.8844274,35.7502415],[139.8845656,35.7503077],[139.8846694,35.7503253],[139.8846598,35.750392],[139.8848278,35.7505256],[139.8856485,35.7505309],[139.8857328,35.7506125],[139.8862226,35.7508415],[139.8896864,35.7512132],[139.8894144,35.7514987],[139.88894,35.7519865],[139.887906,35.753231],[139.886736,35.754391],[139.886619,35.754506],[139.886549,35.754576],[139.886353,35.754797],[139.8857165,35.7555152],[139.884041,35.757406],[139.883593,35.758005],[139.8833564,35.7583815],[139.883204,35.758624],[139.882828,35.760998],[139.882662,35.762006],[139.8826078,35.7621691],[139.88247,35.762584],[139.882456,35.762612],[139.88224,35.76303],[139.881487,35.763897],[139.880785,35.764767],[139.880083,35.765955],[139.8800574,35.7660117],[139.87971,35.766782],[139.879457,35.767525],[139.879385,35.768013],[139.87942,35.768244],[139.879457,35.768486],[139.879592,35.768919],[139.879616,35.768996],[139.879676,35.769189],[139.8797044,35.7692802],[139.879843,35.769726],[139.880283,35.770802],[139.880338,35.770901],[139.880755,35.771666],[139.88166,35.7727544],[139.881747,35.772859],[139.882843,35.773535],[139.885066,35.774455],[139.888124,35.775647],[139.888479,35.775786],[139.888753,35.775909],[139.889031,35.776033],[139.890089,35.776507],[139.890246,35.776578],[139.891996,35.777426],[139.893413,35.778316],[139.893799,35.778707],[139.894231,35.779389],[139.894459,35.779918],[139.894539,35.780326],[139.894564,35.780564],[139.894538,35.780908],[139.894328,35.78164],[139.894327,35.781644],[139.894076,35.782205],[139.893773,35.782747],[139.8913686,35.7832183],[139.8902838,35.7834893],[139.8899874,35.7835585],[139.889661,35.7836346],[139.8881038,35.783998],[139.8879617,35.7840034],[139.8878328,35.7840084],[139.8875801,35.7840181],[139.886957,35.7839998],[139.8865136,35.7838555],[139.8855712,35.7834632],[139.8844205,35.7830345],[139.8831342,35.7825777],[139.8823536,35.7823003],[139.8817408,35.782153],[139.881761,35.7820723],[139.8811491,35.7819803],[139.8811221,35.7820467],[139.8807852,35.7819816],[139.8807636,35.7820534],[139.8806629,35.7822461],[139.8804749,35.782615],[139.8798741,35.7824865],[139.8796511,35.7823905],[139.8793191,35.7822366],[139.8791605,35.7821871],[139.878885,35.7821196],[139.8784839,35.7820088],[139.8779267,35.7818443],[139.8775547,35.7817428],[139.8772913,35.7816937],[139.8769955,35.7816596],[139.8765336,35.7816503],[139.8761549,35.7816661],[139.875661,35.7817184],[139.8753052,35.7818039],[139.8747097,35.7820787],[139.874467,35.7822545],[139.873853,35.781809],[139.8727358,35.7822441],[139.8722214,35.7828102],[139.8718435,35.7832289],[139.8714604,35.7839582],[139.8711595,35.784651],[139.8711013,35.7855471],[139.8711466,35.7860669],[139.8710475,35.7869925],[139.8711216,35.7878425],[139.8713122,35.7883834],[139.871799,35.7891561],[139.8724659,35.7898086],[139.873048,35.790298],[139.8735666,35.7907273],[139.8743754,35.791233],[139.8753811,35.7917916],[139.8761572,35.7921906],[139.8766382,35.792634],[139.8769334,35.7931039],[139.8770974,35.7934941],[139.8773814,35.7939089],[139.877434,35.7940257],[139.8775098,35.7948179],[139.8775653,35.7948598],[139.8775222,35.7949222],[139.8775079,35.7949494],[139.877499,35.7949896],[139.8774811,35.7950799],[139.8769513,35.7952193],[139.8764959,35.7954203],[139.8759881,35.7958255],[139.8752375,35.7964367],[139.8746853,35.7967827],[139.8738971,35.7971373],[139.8730047,35.7973729],[139.8724435,35.7974306],[139.8718388,35.7974314],[139.8709249,35.7973329],[139.8700939,35.7971944],[139.8688128,35.7969654],[139.8674857,35.7965485],[139.8658785,35.7957984],[139.8647773,35.7952622],[139.8642191,35.7949334],[139.8637078,35.7947597],[139.8628359,35.7947838],[139.8621786,35.7949373],[139.8613504,35.7950487],[139.860801,35.7952167],[139.8603728,35.7953026],[139.8598079,35.7952985],[139.8596335,35.7952972],[139.8593809,35.7951494],[139.8590236,35.794857],[139.8588122,35.7943947],[139.8585225,35.7937374],[139.8583876,35.7934164],[139.8579853,35.7924691],[139.8578365,35.7921117],[139.8571383,35.7914631],[139.8560643,35.7908316],[139.8550179,35.790928],[139.8538898,35.7913999],[139.8533934,35.7916673],[139.852448,35.7923059],[139.850224,35.79396],[139.849615,35.794489],[139.8490997,35.7949419],[139.848713,35.79515],[139.847654,35.7955426],[139.8471825,35.7956942],[139.8466306,35.7962098],[139.8463744,35.7960275],[139.8456886,35.7955339],[139.8450818,35.7951002],[139.8446552,35.7946317],[139.8444491,35.7942484],[139.844206,35.7928494],[139.8443077,35.7919431],[139.84434,35.7916555],[139.8444225,35.7908969],[139.8444831,35.7906832],[139.8445098,35.7905887],[139.8451082,35.7884009],[139.8452712,35.7877874],[139.8455601,35.7871362],[139.8459706,35.786195],[139.8466377,35.784686],[139.8467686,35.7843899],[139.847144,35.7835256],[139.8472875,35.7833032],[139.8474645,35.7830288],[139.8482502,35.7818184],[139.8488763,35.7808538],[139.8493879,35.7800678],[139.84958,35.7797686],[139.8504127,35.7789328],[139.850893,35.7784541],[139.8510682,35.7782794],[139.8520362,35.7772998],[139.8526992,35.7765615],[139.8532322,35.7759633],[139.8532912,35.7758974],[139.853911,35.775204],[139.8546601,35.7743645],[139.8552329,35.7737182],[139.855612,35.7732629],[139.8559019,35.7729161],[139.856576,35.7721126],[139.8566559,35.7720169],[139.8573691,35.7711691],[139.8578075,35.7706437],[139.8580953,35.7700897],[139.8585603,35.7691818],[139.8586166,35.7690211],[139.8586428,35.7684474],[139.8586527,35.7682441],[139.8586747,35.7677944],[139.8586865,35.7675325],[139.8582905,35.7663963],[139.8581839,35.7661001],[139.8576411,35.7655228],[139.8571659,35.7650174],[139.8567397,35.7646049],[139.8562943,35.7641786],[139.8554433,35.7646726],[139.8545538,35.7651071],[139.8544096,35.7652302],[139.8542571,35.7651379],[139.8540242,35.7654736],[139.8529448,35.765567],[139.8522297,35.7656251],[139.8521016,35.7662449],[139.8521001,35.7662705],[139.8520552,35.7663702],[139.8520236,35.7664196],[139.8519644,35.766472],[139.8518654,35.7665638],[139.8517553,35.7668036],[139.8517245,35.7668855],[139.8516894,35.7669806],[139.8516702,35.7671352],[139.8517298,35.7673358],[139.8517532,35.7673824],[139.8517475,35.7675754],[139.8517459,35.7676188],[139.8516434,35.7680369],[139.8515894,35.768345],[139.8515535,35.7685195],[139.8515272,35.7687713],[139.8515227,35.768793],[139.8515082,35.7690891],[139.8514617,35.7693401],[139.8514196,35.7694891],[139.8513893,35.7695652],[139.8513679,35.7696308],[139.8513602,35.7696418],[139.8512701,35.7696998],[139.8512027,35.7697272],[139.8511346,35.7697563],[139.8510133,35.7697846],[139.8508655,35.7697773],[139.8506686,35.7697395],[139.8501578,35.7696403],[139.8500713,35.7696227],[139.8500278,35.7696212],[139.8498154,35.7695955],[139.8495665,35.7695931],[139.8493521,35.7696043],[139.8493165,35.7696018],[139.849108,35.7696002],[139.8487637,35.7695843],[139.8487319,35.7695765],[139.8482269,35.7695068],[139.8478414,35.7694548],[139.8470218,35.7694017],[139.846895,35.7694002],[139.8463156,35.7694128],[139.8460937,35.7694166],[139.8458103,35.7693988],[139.8456504,35.7693803],[139.8453735,35.7693214],[139.8452834,35.7692909],[139.8451477,35.7692275],[139.8451373,35.7692227],[139.8449627,35.7691733],[139.8448116,35.7690376],[139.8447265,35.7689649],[139.8446029,35.7688921],[139.8442405,35.7686988],[139.8436912,35.7683992],[139.8435692,35.7683048],[139.8433153,35.7680688],[139.8431116,35.7679],[139.8428588,35.7676848],[139.8427465,35.7675885],[139.8425291,35.7673003],[139.8424183,35.7670602],[139.842312,35.7668153],[139.8422408,35.7666493],[139.8421973,35.766586],[139.8421705,35.766547],[139.842087,35.7664613],[139.8419732,35.766389],[139.8418513,35.7663312],[139.8417285,35.7662993],[139.8415493,35.7662807],[139.8413283,35.7662967],[139.8409456,35.7662932],[139.8402877,35.7662843],[139.8398667,35.7662674],[139.8393788,35.7662473],[139.8390707,35.7662321],[139.8387618,35.7662089],[139.8385573,35.7661618],[139.8383242,35.7661086],[139.8381128,35.7660579],[139.8379585,35.7660009],[139.8378684,35.7659286],[139.8377798,35.7658315],[139.8377247,35.7657275],[139.8377076,35.7656851],[139.8376912,35.7651562],[139.8376752,35.7649185],[139.8375853,35.7644908],[139.8375826,35.7643381],[139.8375384,35.7639855],[139.8375288,35.7637626],[139.8375444,35.7635689],[139.8375528,35.7634887],[139.8375691,35.7633325],[139.8369847,35.7632666],[139.8363134,35.763197],[139.8354816,35.7631102],[139.8350863,35.7632651],[139.8348556,35.7632855],[139.8344712,35.7632971],[139.8341547,35.7633337],[139.833854,35.7634159],[139.8336441,35.7634975],[139.8331954,35.7636919],[139.8327217,35.763834],[139.8323595,35.7639224],[139.832164,35.7639203],[139.8319941,35.7639027],[139.8317229,35.7638092],[139.8315785,35.7637477],[139.8313638,35.763504],[139.8312065,35.7632905],[139.8309116,35.7628719],[139.8308839,35.7628296],[139.8307342,35.7625432],[139.8306945,35.7624517],[139.8306914,35.7622952],[139.8306837,35.7620967],[139.8307009,35.761983],[139.8308228,35.761779],[139.8308873,35.7615966],[139.8309382,35.7615043],[139.8309528,35.7614541],[139.8309684,35.7614005],[139.8309709,35.7613745],[139.8309775,35.7612333],[139.8309855,35.7609672],[139.8309845,35.7607884],[139.8309818,35.7606018],[139.8309834,35.7603999],[139.8309836,35.7601888],[139.8309819,35.7599931],[139.8309667,35.759842],[139.830961,35.7596215],[139.8309544,35.7593708],[139.8309486,35.7591474],[139.8309379,35.7589741],[139.8309331,35.7588279],[139.830929,35.7588105],[139.8309149,35.7587819],[139.8308098,35.7586334],[139.8307461,35.7585622],[139.8305225,35.7583125],[139.8303095,35.7580802],[139.8301092,35.7578618],[139.8298359,35.757745],[139.8295147,35.7576084],[139.8291371,35.7574979],[139.8286667,35.7573879],[139.828512,35.7573853],[139.8284284,35.7573838],[139.8283645,35.7573836],[139.8277868,35.7573665],[139.8275902,35.7574158],[139.8272497,35.7575189],[139.8266352,35.7576959],[139.8263318,35.7577751],[139.8260498,35.7579072],[139.8257971,35.7579807],[139.825607,35.7580073],[139.8255653,35.7580086],[139.8255672,35.7580989],[139.8255685,35.7581475],[139.8255787,35.7581834],[139.8255937,35.7582168],[139.8255976,35.758273],[139.8255953,35.7583028],[139.8255547,35.7584587],[139.8254913,35.7586375],[139.825459,35.7587525],[139.8253974,35.7589754],[139.8253771,35.759054],[139.8253233,35.7592839],[139.8253493,35.7594767],[139.8256321,35.760102],[139.8258405,35.7604992],[139.8259579,35.7608467],[139.8260261,35.7610966],[139.8260381,35.7612368],[139.8259628,35.7615991],[139.8259679,35.761681],[139.8260192,35.7617421],[139.8261304,35.7617685],[139.8267041,35.7618293],[139.8269394,35.761858],[139.8270085,35.7618953],[139.8270421,35.7619671],[139.8270385,35.7620361],[139.8270164,35.762152],[139.827013,35.7621731],[139.8264403,35.7621149],[139.8258358,35.7620483],[139.825226,35.7619834],[139.8247744,35.7619319],[139.8243711,35.7618882],[139.8241534,35.7618629],[139.8241817,35.7617007],[139.8242332,35.7614299],[139.8242233,35.7613325],[139.8241951,35.7611087],[139.8241645,35.76087],[139.8241222,35.7605587],[139.8240894,35.7603364],[139.8240542,35.7600873],[139.8240096,35.7597855],[139.8239675,35.7594913],[139.8239277,35.7592146],[139.8238908,35.7589112],[139.8238587,35.7586452],[139.8238075,35.7583048],[139.8237708,35.7580683],[139.8237384,35.7578081],[139.8237126,35.7576054],[139.823687,35.7574069],[139.823673,35.7573179],[139.8236236,35.7570368],[139.8235744,35.7567612],[139.8235345,35.7565363],[139.8234906,35.7562896],[139.8234573,35.7561203],[139.8234292,35.7559753],[139.8234043,35.7558276],[139.8233524,35.7557825],[139.8232305,35.7556939],[139.8231653,35.7556452],[139.8229336,35.7555979],[139.8227005,35.7555664],[139.8224416,35.7555664],[139.8222992,35.7555696],[139.8222137,35.7555811],[139.8219121,35.75564],[139.821714,35.755703],[139.8215431,35.7557503],[139.8213161,35.7558206],[139.8208967,35.7559207],[139.8208697,35.7559207],[139.8208153,35.7559208],[139.8204883,35.7559394],[139.8202671,35.7559419],[139.8202349,35.7562541],[139.8201906,35.756712],[139.8201375,35.7572604],[139.8200911,35.7577378],[139.8200398,35.7582683],[139.8199907,35.7587664],[139.8199493,35.7592091],[139.8198944,35.7597508],[139.8198243,35.760502],[139.8193446,35.7604443],[139.8187789,35.7603593],[139.8181936,35.7602723],[139.8175604,35.7601767],[139.8171217,35.7601095],[139.8170919,35.760223],[139.8170699,35.7603094],[139.8170616,35.7603293],[139.8170458,35.7603412],[139.8170247,35.7603466],[139.817,35.7603459],[139.8169853,35.7603967],[139.8169287,35.7604357],[139.8169005,35.760487],[139.8165753,35.7603942],[139.8161136,35.7602655],[139.8156864,35.7601361],[139.8156006,35.7601149],[139.815416,35.7600392],[139.8149037,35.7598913],[139.8143623,35.7597249],[139.8135606,35.7594786],[139.8134853,35.7594558],[139.8134573,35.7594402],[139.8133772,35.759396],[139.8133532,35.7593739],[139.8132987,35.7592485],[139.8132443,35.7591408],[139.8133502,35.758974],[139.813438,35.7586649],[139.8134989,35.7583152],[139.8135149,35.758193],[139.8135149,35.758076],[139.8134974,35.7580123],[139.8133819,35.7574846],[139.8133642,35.7573617],[139.8133642,35.7573307],[139.8133792,35.7573106],[139.8135722,35.7571539],[139.8133843,35.7551163],[139.8134503,35.7545503],[139.8143519,35.7538758],[139.8151269,35.7534797],[139.8143872,35.752422],[139.8149343,35.751731],[139.8155211,35.7509923],[139.8155242,35.7509884]]]}},{"type":"Feature","properties":{"name":"千代田区","name:en":"Chiyoda"},"geometry":{"type":"Polygon","coordinates":[[[139.7680898,35.7028809],[139.7681012,35.7027945],[139.7681334,35.7027948],[139.7681468,35.7026246],[139.7679564,35.7026126],[139.7679483,35.7027422],[139.7675903,35.7027204],[139.7676023,35.702556],[139.7675661,35.7025527],[139.7674535,35.7025237],[139.7666583,35.702471],[139.7666611,35.7024887],[139.7666907,35.7026793],[139.7665618,35.7027011],[139.7662051,35.7018239],[139.7669808,35.7013274],[139.766972,35.7011304],[139.7669507,35.7010526],[139.7671477,35.7009366],[139.7673623,35.7011304],[139.767774,35.7009267],[139.7679269,35.7008302],[139.767888,35.7007971],[139.7680637,35.700632],[139.7681562,35.7006283],[139.7682643,35.7005457],[139.7686704,35.7005437],[139.7686689,35.7005224],[139.7686197,35.6998329],[139.7684361,35.6998445],[139.7683229,35.6994885],[139.7675676,35.6998611],[139.7676198,35.699948],[139.7675299,35.6999792],[139.7674374,35.700038],[139.767276,35.7001309],[139.7670269,35.6996733],[139.7665418,35.6998221],[139.7664336,35.6995314],[139.7662661,35.6995711],[139.7660303,35.6996308],[139.7657437,35.6997069],[139.765455,35.6997842],[139.7652205,35.6998471],[139.7650018,35.6999063],[139.7649946,35.6999082],[139.7647471,35.699973],[139.7643333,35.7000657],[139.7637304,35.7001999],[139.7634565,35.700261],[139.7631893,35.7003758],[139.7629791,35.7005182],[139.7629034,35.7005944],[139.7627906,35.7007096],[139.7626886,35.7008344],[139.7625714,35.7009779],[139.762506,35.7010383],[139.762368,35.7011659],[139.7623008,35.7012143],[139.7622701,35.7012367],[139.762168,35.7013113],[139.7618941,35.7014402],[139.761801,35.7014655],[139.7617909,35.7014682],[139.7615994,35.7015213],[139.7612975,35.7015623],[139.7608722,35.7015898],[139.7607034,35.7015905],[139.7603199,35.7015931],[139.7598727,35.7015921],[139.7595337,35.7015905],[139.7592477,35.701589],[139.7589331,35.7015867],[139.7586411,35.7015831],[139.7585915,35.7015825],[139.7585096,35.7015815],[139.7582298,35.7015778],[139.7578752,35.701573],[139.7577799,35.7015792],[139.7574411,35.7015997],[139.7572197,35.7016473],[139.756894,35.7017178],[139.7566654,35.7017687],[139.756615,35.7017816],[139.756365,35.7018354],[139.756206,35.7018696],[139.7560472,35.7019039],[139.755891,35.7019374],[139.7557241,35.7019734],[139.7556467,35.7019901],[139.7555255,35.7020164],[139.7554192,35.7020392],[139.7553766,35.7020484],[139.7553413,35.702056],[139.7553272,35.7020591],[139.7551417,35.702099],[139.7549805,35.7021336],[139.7548164,35.7021691],[139.7546832,35.7021979],[139.7545318,35.7022305],[139.754425,35.7022535],[139.7542631,35.7022883],[139.7541424,35.7023142],[139.7540629,35.7023315],[139.7540099,35.7023385],[139.7539074,35.7023521],[139.7537628,35.7023713],[139.7536394,35.7023875],[139.7535125,35.7024042],[139.7533973,35.7024196],[139.7533053,35.7024316],[139.7532465,35.7024368],[139.7530554,35.7024538],[139.752943,35.7024639],[139.7528459,35.7024723],[139.7527138,35.7024839],[139.7525822,35.7024954],[139.7524413,35.7025079],[139.7522534,35.7025243],[139.7520582,35.7025405],[139.7518815,35.702554],[139.7518637,35.7025552],[139.7518463,35.7025564],[139.7518,35.7025579],[139.7516729,35.7025605],[139.7515274,35.7025638],[139.751389,35.7025669],[139.7513008,35.7025758],[139.7511661,35.7025893],[139.7510352,35.7026026],[139.7509269,35.7026133],[139.7508864,35.7026176],[139.7508232,35.7026285],[139.7507556,35.7026399],[139.7506557,35.702657],[139.75054,35.7026766],[139.7504446,35.7026928],[139.7503262,35.7027132],[139.7502136,35.7027328],[139.7500505,35.7027617],[139.7499463,35.7027798],[139.7498193,35.7028026],[139.749601,35.7028413],[139.7493549,35.7028848],[139.7491665,35.7029179],[139.7491111,35.7029277],[139.7488613,35.702931],[139.7486083,35.702934],[139.7483547,35.7029373],[139.7481281,35.7029408],[139.7478559,35.7029441],[139.7474137,35.7029498],[139.74698,35.7029549],[139.7467974,35.7029576],[139.7466414,35.702932],[139.7463472,35.7028842],[139.7462508,35.7028681],[139.7461993,35.7028596],[139.7460516,35.7028138],[139.7459394,35.7027787],[139.7457768,35.702728],[139.7455677,35.7026639],[139.7453427,35.7025933],[139.7451394,35.7025289],[139.7449675,35.7024537],[139.7449497,35.7024438],[139.7448905,35.7024109],[139.7447806,35.7023497],[139.7447418,35.7023285],[139.7444309,35.7024742],[139.7436148,35.7016875],[139.7440051,35.7014675],[139.7440352,35.7015018],[139.7443078,35.7013586],[139.7441385,35.7011369],[139.7439561,35.700856],[139.7434683,35.7001195],[139.7431598,35.7002586],[139.7430539,35.7000876],[139.743028,35.7001056],[139.7429704,35.7000359],[139.7430052,35.7000119],[139.7428406,35.6998382],[139.7418804,35.6987382],[139.7414932,35.698247],[139.7410596,35.697697],[139.7402675,35.6967416],[139.7401638,35.6966166],[139.7391957,35.6952325],[139.7390212,35.6949829],[139.7378195,35.6934537],[139.7375817,35.6932288],[139.7374279,35.6930834],[139.7357468,35.6919391],[139.7357143,35.6919781],[139.7356149,35.6919328],[139.7356188,35.6918848],[139.7354585,35.6917678],[139.7352553,35.6916195],[139.7342351,35.691043],[139.7337211,35.6907525],[139.7323985,35.6900059],[139.7316172,35.689112],[139.7313095,35.6887599],[139.7309823,35.6879974],[139.730834,35.6875813],[139.7307463,35.6873351],[139.7304856,35.6863457],[139.7303824,35.6859677],[139.7301347,35.6850171],[139.73036,35.6842285],[139.7306814,35.6835905],[139.7315753,35.6818161],[139.7317655,35.6814442],[139.7319908,35.6813135],[139.7321081,35.6811725],[139.7324283,35.6807877],[139.7327555,35.6804348],[139.7330506,35.6798727],[139.7332276,35.6793149],[139.7335734,35.6790577],[139.733632,35.6790141],[139.7336728,35.6789837],[139.7345526,35.6787833],[139.7349657,35.678731],[139.7354699,35.6787397],[139.7361995,35.6787833],[139.7362549,35.6787873],[139.7365642,35.6788094],[139.7366908,35.6784515],[139.7367091,35.6783998],[139.7367527,35.6782974],[139.7369699,35.6777042],[139.737011,35.6775584],[139.7370627,35.6773821],[139.737111,35.6772088],[139.737134,35.6770928],[139.7371582,35.677017],[139.7372076,35.6768912],[139.7372515,35.6767787],[139.7373095,35.6766616],[139.7373615,35.6765445],[139.7373865,35.6765094],[139.7375008,35.6763628],[139.7377008,35.6761107],[139.7379434,35.675813],[139.7380051,35.6757236],[139.7381014,35.6755652],[139.7381575,35.6754643],[139.7382137,35.6753464],[139.7382406,35.6752864],[139.7383045,35.6751232],[139.7383912,35.6749033],[139.7384903,35.6746448],[139.7386803,35.6741776],[139.7387434,35.6740281],[139.7388268,35.6738798],[139.738918,35.6737406],[139.739068,35.67358],[139.7396231,35.6734071],[139.7401392,35.6730842],[139.7405787,35.6728085],[139.7414086,35.6722885],[139.741655,35.6722832],[139.7418602,35.6721491],[139.7422294,35.6719101],[139.742629,35.6716525],[139.7428946,35.6715051],[139.7430752,35.6714033],[139.7431346,35.671372],[139.7431964,35.6713515],[139.7432957,35.6713185],[139.7433302,35.6713028],[139.7448636,35.6710069],[139.7450298,35.6710063],[139.7450303,35.6709556],[139.7450047,35.6707758],[139.7449729,35.6706801],[139.7461283,35.6704545],[139.7468669,35.6700943],[139.7476059,35.6696021],[139.7478709,35.6698129],[139.7481349,35.6700241],[139.7483891,35.670228],[139.7486141,35.6704039],[139.7486917,35.6704612],[139.7494764,35.6709329],[139.7496664,35.6708786],[139.749937,35.6707864],[139.7503584,35.6706419],[139.7506471,35.6705429],[139.7510025,35.6704209],[139.7513346,35.6703072],[139.7515927,35.6702196],[139.7517969,35.6701505],[139.7520512,35.670609],[139.7521,35.6706265],[139.7524363,35.670545],[139.7527104,35.6704774],[139.7531618,35.6703446],[139.753489,35.6702479],[139.7536015,35.6702113],[139.753915,35.6701075],[139.7540988,35.6700424],[139.7544045,35.6699355],[139.7547353,35.6698193],[139.7549979,35.6697265],[139.7552476,35.6696403],[139.7553509,35.6696154],[139.7554563,35.6695573],[139.7555382,35.6695231],[139.7560659,35.669359],[139.7563862,35.6692587],[139.7566491,35.669176],[139.7568743,35.6691059],[139.7570502,35.6690511],[139.7574585,35.6689249],[139.7578549,35.6688027],[139.7580242,35.6687506],[139.758555,35.6686296],[139.7585894,35.6687497],[139.7587553,35.6691331],[139.7587954,35.6691493],[139.7590301,35.6695726],[139.7593304,35.6701014],[139.7594914,35.6704106],[139.7595544,35.6705317],[139.7601156,35.6715201],[139.760398,35.6720175],[139.760429,35.67207],[139.7605227,35.6721907],[139.760642,35.6723283],[139.7607989,35.6724438],[139.7609881,35.6725382],[139.7611866,35.6726058],[139.7615956,35.672706],[139.7623183,35.6728919],[139.7625945,35.6729503],[139.7630775,35.6730622],[139.7636341,35.6732322],[139.7638888,35.6733513],[139.7639845,35.6734227],[139.7640914,35.6735024],[139.7641987,35.673632],[139.7644454,35.674021],[139.7646514,35.6743801],[139.764723,35.6745036],[139.7650679,35.674873],[139.7653844,35.6752229],[139.7660313,35.6759278],[139.7661032,35.676006],[139.7668594,35.6770826],[139.7669439,35.6770506],[139.7670967,35.677018],[139.76722,35.6771998],[139.7673368,35.677372],[139.7670032,35.6774361],[139.7670651,35.6775358],[139.7671759,35.6777117],[139.7672657,35.6778548],[139.7673803,35.6780376],[139.7674385,35.67813],[139.7675191,35.6782582],[139.7676128,35.6784067],[139.7677025,35.6785503],[139.767776,35.6786662],[139.7678677,35.6788119],[139.7680189,35.679035],[139.7683411,35.6795032],[139.7686227,35.6799593],[139.7689181,35.6804451],[139.769004,35.6805829],[139.7692711,35.681],[139.7693317,35.6810959],[139.7693988,35.6812063],[139.7694567,35.6813012],[139.7695449,35.6814337],[139.7696184,35.6815329],[139.7696337,35.6815978],[139.7697273,35.6817127],[139.7697915,35.6817909],[139.7699902,35.6820916],[139.7701916,35.6823963],[139.7702598,35.6824998],[139.7705118,35.6830169],[139.770655,35.6833074],[139.7707168,35.6834295],[139.7707101,35.6834691],[139.7707002,35.6835026],[139.7706872,35.6835234],[139.7706497,35.6835676],[139.770614,35.6835781],[139.7706529,35.6836897],[139.77069,35.6837938],[139.7708089,35.6837658],[139.7708478,35.68376],[139.7708813,35.6837654],[139.7709108,35.6837774],[139.7709377,35.6838047],[139.7711603,35.6843366],[139.7708934,35.684394],[139.7709768,35.6846493],[139.771045,35.6848578],[139.7709661,35.6849955],[139.7708215,35.6852389],[139.7707855,35.6853225],[139.770751,35.6854025],[139.770658,35.6856187],[139.7705305,35.68591],[139.770441,35.6861197],[139.7704329,35.6861388],[139.7703853,35.6862442],[139.770196,35.6864966],[139.7700499,35.6866901],[139.7697121,35.6870451],[139.7696334,35.6871284],[139.7696248,35.6871375],[139.7693426,35.6874336],[139.7691934,35.6875904],[139.7689738,35.6878218],[139.7687954,35.6880095],[139.7680039,35.688545],[139.7679348,35.6885909],[139.7679383,35.6885936],[139.7688152,35.688872],[139.7690565,35.6889487],[139.7697083,35.689169],[139.7700744,35.6892899],[139.7703588,35.6893846],[139.7708043,35.6895281],[139.7710696,35.689612],[139.7710771,35.6896144],[139.7713438,35.6897003],[139.7717447,35.6898284],[139.771921,35.6898852],[139.7723338,35.6900178],[139.7723895,35.690038],[139.7724341,35.6900563],[139.7725089,35.690084],[139.7726048,35.6901153],[139.7729148,35.6902179],[139.7730897,35.6902752],[139.7733667,35.6903672],[139.773642,35.6904583],[139.7738118,35.6905136],[139.7738571,35.6905283],[139.7739822,35.6905697],[139.7742095,35.6906452],[139.7744924,35.690739],[139.7749531,35.6908922],[139.7751828,35.6909688],[139.775323,35.6910171],[139.7755152,35.6910832],[139.7757809,35.6911745],[139.7760554,35.691269],[139.7762556,35.691338],[139.7765181,35.6914282],[139.776609,35.6914596],[139.7766635,35.6914825],[139.777078,35.6916605],[139.7774301,35.6918099],[139.7775452,35.6918586],[139.7780529,35.692059],[139.7783942,35.6921928],[139.7787557,35.6923352],[139.7788096,35.6923738],[139.7792753,35.692715],[139.779778,35.6930845],[139.7799412,35.6931966],[139.7800706,35.693085],[139.7802409,35.6928966],[139.7802868,35.6928387],[139.7803371,35.6928769],[139.7804349,35.6929514],[139.7807912,35.6932241],[139.781193,35.6935296],[139.7812817,35.6935941],[139.7815063,35.6937564],[139.7817271,35.6939157],[139.7822051,35.6942614],[139.7826236,35.6945668],[139.7827572,35.6946639],[139.7828455,35.6951307],[139.7826847,35.695149],[139.7825446,35.6951647],[139.7820053,35.6952208],[139.7816047,35.6952473],[139.7816114,35.6953075],[139.7816262,35.6954073],[139.7816829,35.6958248],[139.7817108,35.6960376],[139.7817272,35.6961633],[139.7817464,35.6963009],[139.7820215,35.696264],[139.7824501,35.6962063],[139.7826868,35.6961761],[139.7826931,35.696241],[139.7827052,35.696394],[139.7827102,35.6964733],[139.7827334,35.6966138],[139.7827462,35.6967315],[139.7827538,35.6967991],[139.7827764,35.6969827],[139.7828048,35.6972228],[139.7828338,35.6974787],[139.7828483,35.6976267],[139.782718,35.6976378],[139.7823013,35.697672],[139.7813799,35.6977452],[139.7809873,35.6977754],[139.7801639,35.6978438],[139.7802691,35.6985188],[139.7802935,35.6986513],[139.7803241,35.698819],[139.7803844,35.6991616],[139.7804246,35.6993784],[139.7805051,35.6998322],[139.7805422,35.7000434],[139.7805613,35.7001497],[139.779093,35.7003051],[139.7769724,35.7004652],[139.7757009,35.7005718],[139.7755736,35.7005883],[139.7756534,35.7015232],[139.7751015,35.7016191],[139.7745229,35.7016582],[139.773393,35.7017533],[139.773685,35.7027975],[139.7730094,35.7028553],[139.7732677,35.7050056],[139.7721556,35.7050997],[139.7720701,35.7050933],[139.7720003,35.7050955],[139.7715833,35.7051204],[139.7708976,35.7051694],[139.7703908,35.705205],[139.7699582,35.7052349],[139.7699122,35.704627],[139.7698558,35.7037126],[139.7696837,35.7036886],[139.7696757,35.7036472],[139.7694229,35.7037002],[139.7693246,35.7032974],[139.7691098,35.70333],[139.7685003,35.7033864],[139.7680235,35.7033251],[139.7680189,35.7033247],[139.7680898,35.7028809]]]}},{"type":"Feature","properties":{"name":"江戸川区","name:en":"Edogawa"},"geometry":{"type":"Polygon","coordinates":[[[139.8428306,35.719008],[139.8428278,35.7190062],[139.8406278,35.7175171],[139.8396388,35.7169246],[139.8392015,35.7167951],[139.8390821,35.7168043],[139.8383942,35.7174183],[139.83809,35.7176306],[139.8376522,35.717806],[139.8372912,35.7179168],[139.836572,35.7180784],[139.8362337,35.7180807],[139.8358613,35.7180207],[139.8349914,35.717783],[139.8347697,35.7176606],[139.8345537,35.7174785],[139.8338031,35.7168459],[139.8336439,35.7166451],[139.8331863,35.7158096],[139.8331237,35.7155811],[139.8331322,35.7154287],[139.8331834,35.7150594],[139.833199,35.7150045],[139.8333341,35.7145286],[139.833661,35.7139631],[139.8345309,35.7130444],[139.8345404,35.7130376],[139.8352671,35.7125182],[139.8362849,35.7120034],[139.8369358,35.7118142],[139.8386358,35.7113063],[139.8390565,35.7110963],[139.8393948,35.7109047],[139.839525,35.710728],[139.8395938,35.7106347],[139.8397274,35.7103761],[139.8397928,35.7100991],[139.8397757,35.709896],[139.8397047,35.7097506],[139.8395739,35.7095775],[139.839156,35.7092474],[139.8376615,35.7083844],[139.8376209,35.708361],[139.8363957,35.7072922],[139.8360631,35.7069968],[139.8355173,35.706542],[139.834872,35.7058957],[139.8346417,35.7055956],[139.8344257,35.7051501],[139.8343717,35.7048938],[139.834403,35.7045083],[139.8345366,35.7041898],[139.8348294,35.7038158],[139.8353354,35.7032618],[139.8354525,35.7031818],[139.8357344,35.7029892],[139.8361598,35.7026985],[139.8367681,35.7023661],[139.838037,35.7018945],[139.8389172,35.7015674],[139.8419391,35.7004523],[139.8421783,35.7003304],[139.842374,35.7002307],[139.8443895,35.6991757],[139.8446738,35.6989587],[139.8451684,35.6985062],[139.8454639,35.6981894],[139.8459047,35.6977167],[139.8464761,35.6969941],[139.8468201,35.6964677],[139.8469906,35.696163],[139.8475372,35.695174],[139.8476441,35.6949806],[139.8478008,35.694697],[139.8478135,35.6946558],[139.8478747,35.6944569],[139.8480083,35.6937435],[139.8480169,35.6934179],[139.8480201,35.6932989],[139.8480311,35.6928938],[139.8480567,35.6919449],[139.8480396,35.6916771],[139.8478975,35.6909568],[139.8478236,35.6904257],[139.8477639,35.6894445],[139.8476928,35.6889181],[139.8476814,35.6885902],[139.8473403,35.6873134],[139.8469594,35.686526],[139.8467632,35.6861151],[139.8464079,35.6850506],[139.8461691,35.6845865],[139.8460241,35.6838275],[139.8460138,35.6836277],[139.8460777,35.683472],[139.8463093,35.6833552],[139.8467578,35.6831305],[139.8467663,35.6829861],[139.8464218,35.6825113],[139.846258,35.6825847],[139.846083,35.682337],[139.8461507,35.6822911],[139.8462467,35.6822361],[139.8460043,35.6818275],[139.8456425,35.6812178],[139.8457893,35.6807224],[139.8485431,35.6796545],[139.8480769,35.6782472],[139.8477106,35.6771468],[139.8470148,35.6750505],[139.8469959,35.6747636],[139.8469712,35.6743799],[139.8467722,35.6713278],[139.8466036,35.669286],[139.8463019,35.6656041],[139.8457336,35.6586973],[139.8459906,35.6572195],[139.8464069,35.6547769],[139.846474,35.6543752],[139.8464497,35.6539581],[139.8460154,35.6486448],[139.8459911,35.6483141],[139.8459254,35.647531],[139.8458919,35.6471206],[139.8454921,35.6428352],[139.8446396,35.6329926],[139.8424762,35.5915315],[139.8347568,35.6011366],[139.8117063,35.5886489],[139.8058472,35.5854293],[139.797422,35.5809906],[139.8029667,35.5759065],[139.8030452,35.575842],[139.8060321,35.5733879],[139.8090982,35.5708685],[139.8133853,35.5673457],[139.8189158,35.562801],[139.8284745,35.5549455],[139.8362561,35.5485499],[139.8578153,35.5308279],[139.8578447,35.601831],[139.864968,35.6145574],[139.8691094,35.6219882],[139.8693303,35.6262021],[139.8696887,35.6330373],[139.8723965,35.6373182],[139.8724822,35.6374719],[139.873781,35.639834],[139.874128,35.640013],[139.874553,35.640231],[139.875025,35.640473],[139.875311,35.64062],[139.8784785,35.6421969],[139.879601,35.64275],[139.881964,35.644022],[139.882625,35.644378],[139.883142,35.644757],[139.883491,35.645119],[139.8836235,35.6453601],[139.883774,35.645634],[139.883997,35.646479],[139.884292,35.647265],[139.885324,35.650011],[139.8853972,35.6501734],[139.8858327,35.6511396],[139.886024,35.651564],[139.886243,35.652105],[139.8869,35.653734],[139.8871335,35.654736],[139.887318,35.655547],[139.887385,35.656166],[139.887328,35.65713],[139.8872904,35.6580565],[139.8872847,35.6581885],[139.8872826,35.6582481],[139.887171,35.660998],[139.887135,35.661872],[139.8871186,35.6634512],[139.887118,35.663507],[139.8871147,35.663802],[139.887114,35.663861],[139.887106,35.664514],[139.887224,35.665519],[139.8872267,35.6655423],[139.887318,35.666324],[139.887364,35.667921],[139.887311,35.6682815],[139.887229,35.668791],[139.88667,35.669909],[139.8860732,35.6709696],[139.8857404,35.6718637],[139.885646,35.672074],[139.8856381,35.6721203],[139.885527,35.67277],[139.885619,35.674862],[139.885814,35.675818],[139.886116,35.677305],[139.886203,35.677736],[139.8863322,35.6782126],[139.8863446,35.6782585],[139.886428,35.678566],[139.886936,35.67926],[139.887941,35.679994],[139.889078,35.680554],[139.8895735,35.6807631],[139.890045,35.680962],[139.890289,35.681063],[139.890508,35.681154],[139.890864,35.681309],[139.892041,35.681644],[139.893554,35.682003],[139.894531,35.682146],[139.895145,35.682236],[139.8958805,35.682345],[139.895975,35.682359],[139.899466,35.682749],[139.89963,35.6827629],[139.9025697,35.6830128],[139.903784,35.683116],[139.905054,35.683353],[139.905463,35.683502],[139.905933,35.683672],[139.906687,35.6841131],[139.90715,35.684384],[139.9075352,35.6846698],[139.9083246,35.6852555],[139.908642,35.685506],[139.9096668,35.6865898],[139.9103321,35.6872934],[139.9104387,35.6874062],[139.910605,35.687582],[139.9117745,35.6887892],[139.9127232,35.6897684],[139.912968,35.690021],[139.913848,35.69093],[139.9141153,35.691274],[139.914906,35.692288],[139.915509,35.69315],[139.916378,35.694393],[139.916615,35.694732],[139.9181111,35.6968376],[139.918731,35.69771],[139.9189004,35.6986059],[139.9188878,35.6989186],[139.9186215,35.7000326],[139.9181682,35.7018819],[139.9179026,35.7024765],[139.916701,35.7047831],[139.9165951,35.7056018],[139.9163103,35.7069847],[139.9161802,35.7080129],[139.915568,35.708678],[139.915413,35.708843],[139.915292,35.708972],[139.91477,35.709506],[139.914141,35.709977],[139.9140293,35.7100608],[139.913433,35.710508],[139.911863,35.711392],[139.911564,35.711561],[139.9103113,35.7122953],[139.909254,35.712915],[139.909007,35.713122],[139.9085019,35.713543],[139.908119,35.713862],[139.907494,35.71465],[139.906765,35.715773],[139.905694,35.717839],[139.904775,35.718885],[139.903978,35.71959],[139.9031557,35.720194],[139.902803,35.720453],[139.901825,35.721171],[139.900844,35.721844],[139.9002796,35.7222359],[139.9000458,35.7223949],[139.899934,35.722471],[139.8995457,35.722774],[139.899301,35.722955],[139.898871,35.723282],[139.89865,35.723451],[139.897978,35.724289],[139.8979457,35.7243588],[139.89765,35.724999],[139.897204,35.726751],[139.897145,35.727699],[139.897137,35.727835],[139.897258,35.729278],[139.897476,35.730191],[139.89757,35.730583],[139.897783,35.731338],[139.897934,35.731872],[139.898473,35.732829],[139.8985259,35.7329233],[139.898699,35.733232],[139.899292,35.734286],[139.900354,35.736173],[139.900374,35.736221],[139.900569,35.736697],[139.900643,35.736877],[139.9007092,35.7370385],[139.900881,35.737458],[139.900978,35.7382],[139.901017,35.738504],[139.900962,35.740063],[139.900678,35.741351],[139.90023,35.742502],[139.899446,35.744386],[139.899023,35.744871],[139.8985976,35.7453599],[139.898554,35.74541],[139.897663,35.746126],[139.896657,35.746706],[139.893784,35.7477369],[139.893374,35.747884],[139.892874,35.748082],[139.891388,35.749272],[139.890819,35.749874],[139.8896864,35.7512132],[139.8862226,35.7508415],[139.8857328,35.7506125],[139.8856485,35.7505309],[139.8848278,35.7505256],[139.8846598,35.750392],[139.8846694,35.7503253],[139.8845656,35.7503077],[139.8844274,35.7502415],[139.8841062,35.7502149],[139.8840907,35.7500377],[139.8834015,35.7500681],[139.8833802,35.7499393],[139.8830361,35.7498955],[139.882884,35.7496255],[139.8828314,35.7495009],[139.8827727,35.749364],[139.8826921,35.7493954],[139.8823006,35.7495337],[139.8821383,35.7495628],[139.8819731,35.749579],[139.8814614,35.7495977],[139.8809425,35.7496505],[139.8806575,35.7496921],[139.880575,35.7493583],[139.8805226,35.7491811],[139.8804536,35.7490135],[139.8803983,35.7489062],[139.8803701,35.7487961],[139.8803686,35.7487204],[139.8803722,35.7485932],[139.8806756,35.7485325],[139.8808524,35.7484978],[139.8810226,35.7484929],[139.8810941,35.7484591],[139.881161,35.7484318],[139.8812174,35.7485788],[139.881344,35.7486899],[139.8817231,35.7486142],[139.8817188,35.7484586],[139.881807,35.7484475],[139.8818486,35.7485202],[139.8821536,35.74849],[139.8822042,35.7484594],[139.8825213,35.748334],[139.8829216,35.7483228],[139.8829362,35.7482664],[139.8830698,35.748253],[139.8830387,35.7481297],[139.8831705,35.7481089],[139.8831763,35.7478212],[139.8832175,35.7478113],[139.8831311,35.7475986],[139.8829543,35.7475805],[139.8829233,35.7475345],[139.8829367,35.7474383],[139.8828795,35.7473015],[139.8829374,35.7472866],[139.883132,35.7473315],[139.8834479,35.7473711],[139.88351,35.7473862],[139.8837867,35.7473882],[139.8839514,35.7473909],[139.8839402,35.7472338],[139.8838861,35.747207],[139.8839031,35.7470573],[139.88384,35.7470514],[139.8838605,35.7469202],[139.8840141,35.7469355],[139.8840317,35.7468052],[139.8841488,35.746821],[139.8841558,35.7467734],[139.8842991,35.7467905],[139.8843156,35.7466589],[139.884335,35.7466314],[139.8843626,35.7464644],[139.8846261,35.7465003],[139.8846355,35.7464438],[139.8849759,35.7464835],[139.8850702,35.7464058],[139.885052,35.7463756],[139.8849171,35.7460549],[139.8849298,35.745955],[139.8848533,35.7459482],[139.8849112,35.7455245],[139.8846425,35.7454984],[139.8846601,35.7453982],[139.8844482,35.7453751],[139.8844516,35.7453373],[139.8843482,35.7453263],[139.8843121,35.7452778],[139.8839456,35.7452086],[139.8839447,35.7451836],[139.8838135,35.7451681],[139.8837749,35.7450987],[139.8835611,35.7450717],[139.8835751,35.7449385],[139.8834351,35.7449184],[139.8829148,35.7446717],[139.8828101,35.7446118],[139.8827591,35.74459],[139.8820456,35.7442453],[139.8821025,35.7441372],[139.8822087,35.7438602],[139.8822738,35.7435793],[139.8822947,35.7435093],[139.8823162,35.7433715],[139.8820901,35.7433225],[139.8818287,35.7432659],[139.8817761,35.7431999],[139.8817306,35.7431428],[139.8816094,35.7431171],[139.8816541,35.7429762],[139.8816715,35.7427857],[139.8811646,35.7427453],[139.8810299,35.7427261],[139.8809536,35.7427031],[139.8810387,35.7419663],[139.8804963,35.7418457],[139.8804839,35.7417118],[139.8798989,35.7416553],[139.8799118,35.7415775],[139.8797843,35.7415478],[139.8800216,35.7411685],[139.8802473,35.7406963],[139.8803151,35.7405123],[139.880344,35.7404018],[139.8802888,35.7403697],[139.8802035,35.7403201],[139.8800952,35.7402622],[139.8800572,35.7402495],[139.880016,35.7402501],[139.8799818,35.740257],[139.8798915,35.7403119],[139.879671,35.7404262],[139.8794212,35.7405457],[139.8788032,35.7408267],[139.8784068,35.7409755],[139.878212,35.7410593],[139.8781148,35.7410851],[139.8776693,35.7410729],[139.8776184,35.7410715],[139.8774562,35.7410771],[139.876749,35.7410427],[139.8767882,35.7405342],[139.8768052,35.7405066],[139.8768222,35.7404292],[139.8770877,35.7403823],[139.8772579,35.7403491],[139.8775763,35.7402258],[139.8774923,35.7401146],[139.8773574,35.7400507],[139.8774458,35.7398791],[139.8770147,35.7397487],[139.8772555,35.7394248],[139.8775939,35.7395315],[139.87761,35.7394848],[139.8775527,35.7393658],[139.8774661,35.739124],[139.8769963,35.7388596],[139.8771789,35.7386299],[139.8768332,35.7384315],[139.8769522,35.7382919],[139.8769752,35.7382171],[139.8769229,35.7380172],[139.8767751,35.7375474],[139.8767046,35.7370596],[139.8766502,35.7370308],[139.8766376,35.7369496],[139.8765303,35.7369702],[139.8762054,35.7370414],[139.8757967,35.7371327],[139.8756717,35.7371472],[139.8750859,35.7372384],[139.8748011,35.7366706],[139.8747242,35.7366009],[139.8743569,35.7366677],[139.8738648,35.736745],[139.8737682,35.7367634],[139.873298,35.7374121],[139.8731293,35.7376244],[139.8728064,35.737445],[139.8729614,35.7372667],[139.8727651,35.737152],[139.8730086,35.7368563],[139.8728688,35.7367978],[139.8727558,35.7367519],[139.872829,35.7366269],[139.8731927,35.7367821],[139.8732463,35.7365088],[139.8738286,35.7366066],[139.8742279,35.7360411],[139.8741261,35.7359652],[139.8739161,35.735898],[139.8737402,35.7358327],[139.873594,35.7357587],[139.8736102,35.7356463],[139.8735356,35.7356269],[139.8733953,35.7354737],[139.8732308,35.7354297],[139.8728545,35.7347392],[139.8727839,35.7346247],[139.8726241,35.7346327],[139.872411,35.7344915],[139.8724656,35.7344135],[139.872502,35.7343206],[139.8725312,35.734246],[139.8725936,35.7340881],[139.8727607,35.7338966],[139.8726835,35.7336743],[139.8725143,35.7336657],[139.8724392,35.7334613],[139.8724201,35.7333866],[139.8722056,35.7332273],[139.8721218,35.7327512],[139.8721025,35.7326498],[139.8720408,35.7317445],[139.8719595,35.7314903],[139.8718784,35.7312225],[139.8718205,35.7310015],[139.8717916,35.7308169],[139.8717566,35.7305285],[139.8717562,35.7303723],[139.8717721,35.7301377],[139.8718011,35.729828],[139.8718266,35.729561],[139.8713947,35.7292687],[139.8704861,35.7289677],[139.8704656,35.7291086],[139.8701689,35.7290879],[139.8701946,35.7289323],[139.8699653,35.7289174],[139.8700614,35.7284299],[139.8702241,35.7276273],[139.8702803,35.7273854],[139.8702944,35.7272815],[139.8703231,35.7271576],[139.8703941,35.7268682],[139.8704505,35.7266287],[139.8705212,35.7263408],[139.870642,35.7258523],[139.8707354,35.7254746],[139.8708033,35.7252003],[139.8708167,35.7251134],[139.8708649,35.7249386],[139.8709177,35.7247492],[139.8703173,35.7244822],[139.8701707,35.7244109],[139.8700569,35.7243658],[139.8698836,35.724292],[139.8697446,35.7242236],[139.8695669,35.724455],[139.869173,35.724188],[139.869062,35.7243046],[139.8688953,35.7241935],[139.8686925,35.7240548],[139.8688004,35.7239368],[139.8687425,35.7238976],[139.8689014,35.7236261],[139.869022,35.7234185],[139.8686666,35.7232639],[139.8683426,35.7231254],[139.8682585,35.7230813],[139.8681909,35.7229991],[139.8681291,35.7228433],[139.8680814,35.7227141],[139.8680145,35.7225281],[139.867959,35.7223684],[139.867919,35.7222788],[139.8678663,35.7221677],[139.867743,35.7219455],[139.8675727,35.7216459],[139.8674513,35.7214251],[139.8673677,35.721243],[139.8673393,35.7211462],[139.8673244,35.7210734],[139.8673154,35.7209906],[139.8673153,35.7209221],[139.8673253,35.7207071],[139.8673364,35.7205715],[139.8673593,35.7205067],[139.8673848,35.7204658],[139.8674074,35.7203976],[139.8674088,35.7203591],[139.8673982,35.7203034],[139.8673381,35.7201694],[139.8672762,35.7200217],[139.8671936,35.7198305],[139.8671207,35.7197133],[139.867045,35.7196235],[139.8669792,35.7195884],[139.8667954,35.7194396],[139.866534,35.7192366],[139.866459,35.71917],[139.8663817,35.7190578],[139.8663159,35.7189038],[139.8662936,35.7188154],[139.8662381,35.7185777],[139.866233,35.7185485],[139.8662292,35.7184131],[139.8662678,35.7182206],[139.8663864,35.71803],[139.8664749,35.7178812],[139.8664884,35.7178365],[139.8665191,35.7177346],[139.8665556,35.7176967],[139.8667398,35.7176307],[139.8667776,35.7176081],[139.8668091,35.7175807],[139.8668457,35.7175289],[139.8669409,35.7173254],[139.8669663,35.7172737],[139.8671084,35.7170626],[139.8672266,35.7168891],[139.8672408,35.7168655],[139.8673797,35.7166194],[139.8674797,35.7164372],[139.8675703,35.7162738],[139.8675942,35.7162133],[139.8676924,35.7159702],[139.8677909,35.7157197],[139.867901,35.7154448],[139.8679287,35.7153817],[139.8680458,35.715157],[139.8683026,35.7147523],[139.8683909,35.7146142],[139.8684629,35.7142732],[139.8684951,35.7141075],[139.868516,35.7139591],[139.868486,35.7138349],[139.8683945,35.7136402],[139.8684242,35.7134194],[139.8684234,35.7133434],[139.8684216,35.7132167],[139.8683108,35.7127995],[139.8680376,35.7124579],[139.8678805,35.7122529],[139.867764,35.712123],[139.8676874,35.7121677],[139.8676966,35.7121795],[139.8676761,35.7121954],[139.8676118,35.7122793],[139.8675359,35.7123105],[139.8674539,35.7121906],[139.8674065,35.7121209],[139.8673154,35.7119992],[139.8671402,35.7120056],[139.867153,35.712344],[139.8670146,35.7123587],[139.8668817,35.7123682],[139.8667562,35.7123555],[139.866736,35.7124957],[139.8667189,35.712579],[139.8667067,35.7126376],[139.8666865,35.7127758],[139.8666726,35.7128629],[139.8666652,35.7129007],[139.8665381,35.7129305],[139.8664633,35.7129689],[139.8663737,35.7129966],[139.8662831,35.71302],[139.8662129,35.7130264],[139.8661059,35.7130421],[139.8660142,35.7130516],[139.865899,35.713069],[139.8657181,35.7130842],[139.8655284,35.7131368],[139.8653184,35.7131834],[139.86517,35.713211],[139.8649618,35.7132459],[139.8647995,35.7132713],[139.8647517,35.7130292],[139.8646519,35.7130447],[139.8641462,35.7131191],[139.8637891,35.7132598],[139.8635776,35.7133427],[139.8635114,35.7131184],[139.8635051,35.7131136],[139.8634595,35.7130789],[139.8633317,35.713202],[139.8629682,35.7129272],[139.8626598,35.713207],[139.8623995,35.713014],[139.8617765,35.7135987],[139.8614687,35.7138778],[139.8612026,35.7141166],[139.861159,35.7141566],[139.8608353,35.7144535],[139.8603808,35.7141278],[139.8600226,35.7138693],[139.8598592,35.7137514],[139.8593028,35.7142654],[139.8588686,35.7139445],[139.8586923,35.7138147],[139.8585839,35.7139119],[139.8587074,35.7139935],[139.8586027,35.7140956],[139.858553,35.7140587],[139.8584421,35.7141577],[139.858157,35.7139518],[139.8581208,35.7138316],[139.858096,35.7138373],[139.8576152,35.7139653],[139.8571216,35.7141174],[139.8566676,35.7142676],[139.8565668,35.7141935],[139.856524,35.7141543],[139.8564738,35.7141128],[139.8563828,35.7141046],[139.8563517,35.7141389],[139.856284,35.7140644],[139.8562763,35.7139551],[139.8562587,35.7138715],[139.8562771,35.7138457],[139.8562358,35.7137712],[139.8561986,35.7137791],[139.855949,35.7138749],[139.8558323,35.7139205],[139.8557313,35.7139547],[139.8555808,35.7139549],[139.8554359,35.7139539],[139.8554205,35.7138456],[139.8553962,35.7137507],[139.8553603,35.7137274],[139.8552697,35.7137027],[139.8552383,35.7136998],[139.8551366,35.713703],[139.8550946,35.7135499],[139.8550499,35.7135284],[139.8550045,35.7133613],[139.8549822,35.7132829],[139.8549616,35.7132183],[139.8548067,35.7131207],[139.8548376,35.7130496],[139.8546738,35.71294],[139.8546899,35.7128868],[139.8546864,35.7128575],[139.8546233,35.7127995],[139.8547135,35.7127034],[139.8523186,35.7115281],[139.8509782,35.7108698],[139.8500472,35.7118006],[139.8485306,35.7133186],[139.8458601,35.7159904],[139.8449674,35.7168859],[139.8449653,35.716888],[139.8428401,35.7190151],[139.8428306,35.719008]]]}},{"type":"Feature","properties":{"name":"江東区","name:en":"Koto"},"geometry":{"type":"Polygon","coordinates":[[[139.7888145,35.6634071],[139.7893764,35.6588487],[139.7896572,35.655901],[139.789773,35.6541843],[139.7891321,35.6537445],[139.7876497,35.6527796],[139.785633,35.6514668],[139.7814803,35.6487701],[139.7744703,35.6442123],[139.7681662,35.6402011],[139.7770288,35.6375818],[139.7809062,35.6329102],[139.7814811,35.6321956],[139.7829301,35.630497],[139.7819846,35.6299921],[139.7804613,35.6291785],[139.7776937,35.6276279],[139.7766887,35.6270842],[139.7762366,35.6268409],[139.7750018,35.6261763],[139.7740166,35.6256112],[139.7733879,35.6251944],[139.7712212,35.6235449],[139.7734812,35.6205614],[139.7735477,35.6204815],[139.7736471,35.6203627],[139.7734387,35.6202506],[139.7720666,35.6194973],[139.7667248,35.6166259],[139.7711041,35.6102774],[139.7718337,35.608812],[139.7799018,35.5990246],[139.7818115,35.5968436],[139.7826055,35.5941915],[139.7830959,35.5934217],[139.7844508,35.591295],[139.7870257,35.5893756],[139.7885707,35.5888695],[139.7934933,35.5917234],[139.8044373,35.5976829],[139.8117063,35.5886489],[139.8347568,35.6011366],[139.8424762,35.5915315],[139.8446396,35.6329926],[139.8454921,35.6428352],[139.8458919,35.6471206],[139.8459254,35.647531],[139.8459911,35.6483141],[139.8460154,35.6486448],[139.8464497,35.6539581],[139.846474,35.6543752],[139.8464069,35.6547769],[139.8459906,35.6572195],[139.8457336,35.6586973],[139.8463019,35.6656041],[139.8466036,35.669286],[139.8467722,35.6713278],[139.8469712,35.6743799],[139.8469959,35.6747636],[139.8470148,35.6750505],[139.8477106,35.6771468],[139.8480769,35.6782472],[139.8485431,35.6796545],[139.8457893,35.6807224],[139.8456425,35.6812178],[139.8460043,35.6818275],[139.8462467,35.6822361],[139.8461507,35.6822911],[139.846083,35.682337],[139.846258,35.6825847],[139.8464218,35.6825113],[139.8467663,35.6829861],[139.8467578,35.6831305],[139.8463093,35.6833552],[139.8460777,35.683472],[139.8460138,35.6836277],[139.8460241,35.6838275],[139.8461691,35.6845865],[139.8464079,35.6850506],[139.8467632,35.6861151],[139.8469594,35.686526],[139.8473403,35.6873134],[139.8476814,35.6885902],[139.8476928,35.6889181],[139.8477639,35.6894445],[139.8478236,35.6904257],[139.8478975,35.6909568],[139.8480396,35.6916771],[139.8480567,35.6919449],[139.8480311,35.6928938],[139.8480201,35.6932989],[139.8480169,35.6934179],[139.8480083,35.6937435],[139.8478747,35.6944569],[139.8478135,35.6946558],[139.8478008,35.694697],[139.8476441,35.6949806],[139.8475372,35.695174],[139.8469906,35.696163],[139.8468201,35.6964677],[139.8464761,35.6969941],[139.8459047,35.6977167],[139.8454639,35.6981894],[139.8451684,35.6985062],[139.8446738,35.6989587],[139.8443895,35.6991757],[139.842374,35.7002307],[139.8421783,35.7003304],[139.8419391,35.7004523],[139.8389172,35.7015674],[139.838037,35.7018945],[139.8367681,35.7023661],[139.8361598,35.7026985],[139.8357344,35.7029892],[139.8354525,35.7031818],[139.8351884,35.7030331],[139.8348722,35.7029414],[139.8343498,35.7029093],[139.833627,35.7028887],[139.8331702,35.7029021],[139.8330253,35.7029057],[139.831515,35.7029414],[139.83121,35.7029437],[139.8309954,35.7029552],[139.8307893,35.7030056],[139.8305606,35.7031271],[139.8301505,35.7034025],[139.8295555,35.7037786],[139.8291822,35.7039456],[139.8287829,35.7040753],[139.8283696,35.7042423],[139.8276528,35.7045325],[139.8271577,35.7047011],[139.8261322,35.7051065],[139.8259871,35.705166],[139.8259293,35.7051897],[139.8252836,35.7054546],[139.8241701,35.7059035],[139.8237672,35.7060587],[139.8224418,35.7065691],[139.8196686,35.7076557],[139.8186401,35.7080921],[139.8187039,35.7071549],[139.8187666,35.7062129],[139.8189585,35.7033308],[139.8189787,35.7030275],[139.8190857,35.7014242],[139.8191582,35.7003376],[139.8192505,35.6989531],[139.8194035,35.6967776],[139.8196461,35.6933262],[139.8183467,35.6932364],[139.8174576,35.6931887],[139.8163449,35.6931298],[139.8153046,35.6930733],[139.8152611,35.6930709],[139.8147156,35.69304],[139.813852,35.6930032],[139.813265,35.6929738],[139.8132432,35.6929725],[139.8133145,35.6921781],[139.8113652,35.6920724],[139.8115569,35.6903282],[139.8117223,35.6888225],[139.8117264,35.6887787],[139.8107363,35.6887224],[139.8098057,35.6886095],[139.8094151,35.6885875],[139.8094938,35.6877087],[139.8095393,35.6871681],[139.8095582,35.6869442],[139.8091427,35.6869247],[139.8087213,35.6869014],[139.8078583,35.6868559],[139.8073169,35.6868274],[139.8067735,35.6867995],[139.8063162,35.686776],[139.8061743,35.6867685],[139.8048476,35.6866987],[139.8047005,35.6883468],[139.8035708,35.6882876],[139.8033685,35.6882759],[139.8032549,35.6882693],[139.8028326,35.6882452],[139.8018931,35.6882012],[139.8012708,35.6881722],[139.8005789,35.6881356],[139.8004803,35.6883735],[139.8004476,35.688458],[139.8004789,35.6884764],[139.8003561,35.6886464],[139.800307,35.6886277],[139.8001504,35.68888],[139.8001953,35.6888988],[139.8000983,35.6890525],[139.7998337,35.6894882],[139.7996963,35.6897099],[139.7995667,35.6899191],[139.799441,35.6898666],[139.7993728,35.6897988],[139.799301,35.6897634],[139.7984105,35.6893245],[139.7983035,35.6893417],[139.7981959,35.6892877],[139.7981482,35.6892714],[139.7980989,35.6892546],[139.7979111,35.6891842],[139.7979029,35.6891212],[139.7970079,35.6886911],[139.7970258,35.6886693],[139.7970226,35.6886673],[139.7967717,35.6885341],[139.7966785,35.6885549],[139.7966829,35.6886971],[139.7963989,35.6899155],[139.7961494,35.6898967],[139.79498,35.6897897],[139.7949274,35.690284],[139.7940444,35.6902046],[139.793486,35.6901555],[139.7934487,35.6907165],[139.792976,35.6906942],[139.7923934,35.6906677],[139.7926159,35.6903602],[139.7918841,35.6899962],[139.791578,35.6898459],[139.7907826,35.6893938],[139.7904703,35.6892123],[139.791997,35.6877894],[139.7921593,35.6874871],[139.7928918,35.6861236],[139.7928959,35.6861161],[139.7929423,35.6860299],[139.7929432,35.6860283],[139.7929846,35.685951],[139.7931527,35.6850259],[139.7926785,35.6835416],[139.7925222,35.6833508],[139.7919041,35.6826111],[139.7908626,35.6813231],[139.7906551,35.6810697],[139.7893701,35.6794997],[139.789038,35.6789561],[139.7890372,35.6789547],[139.7887476,35.6784843],[139.7885735,35.6781988],[139.7883471,35.6778284],[139.7881006,35.6774245],[139.787921,35.6771304],[139.7877976,35.6769245],[139.787793,35.6769125],[139.7875666,35.6763049],[139.7875645,35.6762992],[139.7868299,35.6743006],[139.7868253,35.6742878],[139.7867852,35.6741372],[139.786646,35.6733359],[139.7866432,35.6733221],[139.7865673,35.672868],[139.7868107,35.6722278],[139.787041,35.6716241],[139.787307,35.6709209],[139.7875475,35.6702856],[139.7877967,35.6696323],[139.7880784,35.6688938],[139.7881108,35.668687],[139.788208,35.6681183],[139.7882644,35.6677697],[139.7883029,35.6675343],[139.7883418,35.6672982],[139.7883687,35.6671322],[139.7883735,35.6671019],[139.7884064,35.6668289],[139.7884414,35.6665367],[139.7884695,35.6662962],[139.7885002,35.6660935],[139.7885486,35.6657727],[139.7885958,35.6654606],[139.7886242,35.6652683],[139.7886301,35.6652298],[139.7886398,35.6651886],[139.7886765,35.6648143],[139.7888142,35.6634098],[139.7888145,35.6634071]]]}},{"type":"Feature","properties":{"name":"品川区","name:en":"Shinagawa"},"geometry":{"type":"Polygon","coordinates":[[[139.7144753,35.6339147],[139.7144509,35.6338791],[139.7143556,35.6337435],[139.714372,35.6334907],[139.7143901,35.633304],[139.7143891,35.6331599],[139.7142724,35.6329654],[139.7141046,35.6329177],[139.714288,35.6324715],[139.714456,35.6325196],[139.7146314,35.6321468],[139.7146592,35.6319466],[139.7144231,35.6319258],[139.7143687,35.6318982],[139.7142749,35.6315587],[139.7143507,35.6314211],[139.7143941,35.6313715],[139.7145854,35.6314335],[139.7146706,35.6312421],[139.714782,35.6309867],[139.7148422,35.630796],[139.7149084,35.6306741],[139.7150323,35.6304359],[139.715083,35.6304399],[139.7152089,35.6300116],[139.715,35.629956],[139.7149825,35.6299841],[139.7146534,35.629889],[139.7146259,35.6298043],[139.7142166,35.6296116],[139.7145192,35.629195],[139.714376,35.6291306],[139.7138782,35.6289259],[139.7131732,35.6286282],[139.7124142,35.6283082],[139.7123615,35.6282862],[139.7122562,35.6282417],[139.7117794,35.6280314],[139.7118075,35.6280167],[139.71183,35.6279863],[139.7119278,35.6277767],[139.7116717,35.6276811],[139.7112558,35.6274728],[139.7108764,35.6272986],[139.7105414,35.6271264],[139.7099899,35.6268576],[139.7098316,35.6267895],[139.7098432,35.6267718],[139.709555,35.6266544],[139.7094804,35.6266235],[139.7092754,35.6265454],[139.709157,35.626479],[139.708387,35.6261546],[139.7081311,35.626114],[139.7080144,35.6261151],[139.7079585,35.6261438],[139.7077835,35.626039],[139.7077239,35.6261088],[139.7077077,35.6261239],[139.7074636,35.6259226],[139.7074286,35.6258481],[139.707395,35.6257472],[139.7073557,35.6256375],[139.7073246,35.6255462],[139.7066129,35.6254532],[139.7063593,35.6254183],[139.70633,35.6255256],[139.7059679,35.6254339],[139.7052511,35.6252067],[139.7047937,35.6250458],[139.7048075,35.6250107],[139.7040687,35.6247723],[139.7038441,35.6253624],[139.7036571,35.6253177],[139.7036974,35.6251508],[139.7024655,35.6248588],[139.7023577,35.6253905],[139.7023262,35.6255591],[139.7022045,35.625687],[139.7019871,35.625705],[139.7018535,35.625798],[139.7016798,35.6259662],[139.7016275,35.6260333],[139.7014437,35.6260468],[139.701285,35.6260694],[139.7008554,35.626132],[139.7005363,35.6261041],[139.700186,35.6259824],[139.6997402,35.625831],[139.6995583,35.6257706],[139.6992644,35.6257216],[139.698872,35.6257255],[139.6988219,35.6257392],[139.6985525,35.625526],[139.6981288,35.6253983],[139.6980467,35.6252531],[139.6980043,35.6251806],[139.6979471,35.6251701],[139.6977702,35.6252475],[139.6976296,35.6252638],[139.6974213,35.6252456],[139.6972773,35.6252517],[139.6971334,35.625223],[139.6969375,35.6251001],[139.6965161,35.6249853],[139.6963891,35.6249926],[139.6962781,35.6249834],[139.6962181,35.624955],[139.6962331,35.6249434],[139.6969838,35.624696],[139.6973194,35.6246391],[139.6975252,35.6246209],[139.6979043,35.6245917],[139.6980034,35.6245669],[139.6980688,35.6245353],[139.6982389,35.6243703],[139.6983182,35.6243033],[139.6983893,35.6242809],[139.6985568,35.6242247],[139.6987415,35.6241771],[139.6990434,35.6240999],[139.699251,35.6240404],[139.699493,35.6239593],[139.6996693,35.6238917],[139.6999817,35.623807],[139.7001574,35.6237784],[139.7005438,35.6237081],[139.7008495,35.6236422],[139.7010648,35.6235754],[139.7012178,35.6234978],[139.7016891,35.6232549],[139.7018907,35.6231297],[139.7020098,35.6230566],[139.7022495,35.6228542],[139.7024237,35.6227383],[139.7024377,35.622729],[139.7026891,35.6225883],[139.7029317,35.6224786],[139.7031494,35.6223988],[139.7033763,35.6223118],[139.7034321,35.622289],[139.7035934,35.6222184],[139.7038427,35.6220911],[139.7039757,35.6220218],[139.7039669,35.6219765],[139.7039588,35.6218587],[139.703873,35.6218238],[139.7038116,35.6216513],[139.703611,35.6216719],[139.7032554,35.621716],[139.7031243,35.621704],[139.7031009,35.6216118],[139.7029832,35.6216345],[139.7029629,35.6215958],[139.7028484,35.6215952],[139.7028918,35.6213835],[139.7028861,35.6213154],[139.7028661,35.6212362],[139.7027339,35.6209887],[139.7025866,35.6207325],[139.7025234,35.62061],[139.7024678,35.6204259],[139.7024303,35.6203627],[139.7024102,35.6203377],[139.7023463,35.6202544],[139.7023392,35.6202469],[139.7022194,35.6201194],[139.702026,35.6199057],[139.7017672,35.619622],[139.7015818,35.6194143],[139.7012597,35.6190534],[139.7010294,35.6188015],[139.7007408,35.6184881],[139.700618,35.6183486],[139.7005261,35.6182445],[139.7001995,35.6178715],[139.6999734,35.61762],[139.6997907,35.617418],[139.699713,35.6173315],[139.6995974,35.617202],[139.6999573,35.6170448],[139.6995607,35.6165668],[139.6994503,35.6164488],[139.6993135,35.6163037],[139.699251,35.6162523],[139.6990573,35.6160526],[139.6990134,35.616021],[139.6990073,35.6160166],[139.6988612,35.615864],[139.6987174,35.6157039],[139.6985592,35.6155548],[139.698506,35.6154951],[139.6984183,35.6153982],[139.6984114,35.6153486],[139.6983216,35.6152357],[139.6982075,35.6151544],[139.6980775,35.6150696],[139.697767,35.6148701],[139.6976592,35.6147904],[139.697503,35.6146745],[139.6972475,35.6148824],[139.6967963,35.6146024],[139.6963811,35.6143552],[139.696072,35.6139795],[139.6959583,35.6138204],[139.695799,35.6135944],[139.6957938,35.613582],[139.6957477,35.6133124],[139.6956578,35.6126738],[139.6956266,35.6124576],[139.695592,35.6120512],[139.6955654,35.6119769],[139.6957696,35.6118196],[139.695769,35.6117801],[139.6958759,35.611314],[139.6959843,35.6107511],[139.6959304,35.6101977],[139.6958948,35.6098103],[139.6958539,35.6097262],[139.6958443,35.6096222],[139.6956539,35.6096087],[139.6957089,35.6090478],[139.6956289,35.6090417],[139.6956839,35.6085058],[139.6955618,35.608496],[139.6956029,35.6081627],[139.6953061,35.6081292],[139.6951988,35.6081081],[139.695187,35.6081058],[139.695304,35.6078621],[139.6953739,35.607642],[139.6954551,35.607431],[139.6956642,35.6070659],[139.6959743,35.6065275],[139.6962825,35.6060305],[139.6966382,35.6055484],[139.696733,35.6054249],[139.6970194,35.6050753],[139.697168,35.6049277],[139.6972893,35.604724],[139.6974139,35.6045716],[139.6974737,35.6045355],[139.6975526,35.6044306],[139.6976246,35.6044641],[139.6976808,35.6044265],[139.6977482,35.6043874],[139.6978887,35.6042254],[139.6980056,35.6041004],[139.6979647,35.6040659],[139.6984868,35.6035703],[139.698736,35.6033464],[139.6988366,35.6032538],[139.6990423,35.6030645],[139.6993232,35.6028918],[139.699506,35.6027626],[139.6996809,35.6026263],[139.6999788,35.6023949],[139.7000915,35.6023059],[139.7002318,35.6021884],[139.7005315,35.6019366],[139.7007658,35.6017337],[139.7008701,35.6016432],[139.7008685,35.6016019],[139.701346,35.6015893],[139.7015879,35.6015736],[139.7020099,35.6015367],[139.7026305,35.6015133],[139.7030003,35.6014932],[139.7034076,35.6014654],[139.7036989,35.601455],[139.7039408,35.6014312],[139.7039928,35.6013872],[139.7043,35.60137],[139.7046475,35.6013379],[139.7049254,35.6013213],[139.7053284,35.6012969],[139.705562,35.6012813],[139.7057956,35.6012591],[139.7059765,35.6012419],[139.7062551,35.6012118],[139.7063875,35.6012029],[139.7068128,35.6011762],[139.7071937,35.6011497],[139.7076367,35.6011204],[139.7080431,35.601094],[139.7080941,35.6010907],[139.7087434,35.6010594],[139.7088277,35.6010539],[139.7089666,35.6010707],[139.709094,35.6010897],[139.7091628,35.6010824],[139.7092138,35.6010753],[139.7096594,35.6009969],[139.7099357,35.6009759],[139.7099426,35.6009754],[139.7104791,35.6009411],[139.7108702,35.6009125],[139.7112989,35.600864],[139.7116831,35.6008278],[139.7119448,35.6008071],[139.7122751,35.600767],[139.7125966,35.600726],[139.7126301,35.6007182],[139.7127914,35.6006808],[139.7128664,35.6006542],[139.7130457,35.6006061],[139.7133694,35.6005213],[139.713658,35.6004209],[139.7139177,35.6003255],[139.7144808,35.600111],[139.7145737,35.600059],[139.7146514,35.5999911],[139.7148145,35.599915],[139.7148732,35.5999062],[139.714723,35.5996269],[139.7147475,35.5996151],[139.7146744,35.5994833],[139.7148327,35.5994138],[139.7147417,35.5992907],[139.7146244,35.5991709],[139.7141189,35.5992703],[139.7140293,35.5991518],[139.7140482,35.5990659],[139.7140777,35.5989123],[139.7140971,35.5988646],[139.714274,35.5985297],[139.7143608,35.5982797],[139.714491,35.5981231],[139.7145347,35.5979345],[139.7145442,35.5978679],[139.714489,35.5975118],[139.7145249,35.5974318],[139.7146076,35.5973638],[139.7150489,35.5971266],[139.7152687,35.5970739],[139.7157697,35.5969311],[139.7159959,35.5968929],[139.7162054,35.5968817],[139.7167195,35.5968444],[139.7168237,35.5968256],[139.717466,35.5965411],[139.7175767,35.5965066],[139.7174306,35.5962057],[139.7172676,35.5958411],[139.7174515,35.5956991],[139.7175511,35.5955701],[139.7177072,35.5953788],[139.7177297,35.5953512],[139.7179137,35.5951635],[139.7179256,35.5949369],[139.7177108,35.5946945],[139.7181735,35.5947149],[139.7182178,35.5941336],[139.7186594,35.5934517],[139.7190048,35.592954],[139.7192477,35.5926106],[139.7189347,35.592451],[139.7189431,35.5923756],[139.7189612,35.5923247],[139.7189501,35.5921997],[139.7189843,35.5921912],[139.719154,35.5920213],[139.7192115,35.5920388],[139.7195212,35.5922141],[139.7197192,35.5923228],[139.7200579,35.5924975],[139.7202266,35.5925651],[139.7202824,35.5925949],[139.7203014,35.5926464],[139.7203157,35.5927129],[139.7203169,35.5927504],[139.7202623,35.5929381],[139.7202655,35.5930355],[139.7202844,35.5930796],[139.7205416,35.5934238],[139.7207025,35.5937304],[139.7208466,35.5940518],[139.7209257,35.5942631],[139.7209909,35.5944314],[139.721611,35.5944538],[139.7217824,35.5944841],[139.7219218,35.594505],[139.7220358,35.5945033],[139.7221452,35.5944978],[139.7222498,35.5944868],[139.7226351,35.5944351],[139.7228069,35.5944204],[139.7231058,35.5944153],[139.7234374,35.594409],[139.7236598,35.5944001],[139.7238036,35.5944006],[139.7238021,35.5942979],[139.7239176,35.5942663],[139.7240642,35.5942998],[139.7240626,35.5943977],[139.7244909,35.5943849],[139.7245422,35.5943813],[139.7248155,35.5943621],[139.7250808,35.5943526],[139.7252679,35.5943424],[139.7256286,35.5943368],[139.7259518,35.5943299],[139.7262446,35.5943156],[139.7264971,35.5943339],[139.7265343,35.5941345],[139.7266578,35.5941502],[139.7267918,35.5941566],[139.7269262,35.5941873],[139.727409,35.5943319],[139.7276494,35.5944036],[139.7279193,35.5944933],[139.7280791,35.5945484],[139.7281431,35.5944147],[139.7281952,35.5943172],[139.7282348,35.5942687],[139.7282963,35.5942393],[139.7283983,35.5942237],[139.7285641,35.5941808],[139.7286763,35.5941395],[139.728722,35.5941187],[139.7288172,35.5940185],[139.728928,35.5938797],[139.728977,35.5936997],[139.7289892,35.593409],[139.7290046,35.5933353],[139.7290429,35.5931804],[139.7291282,35.5929009],[139.7291391,35.5927726],[139.7291738,35.5927202],[139.7292606,35.59268],[139.7293562,35.5926369],[139.7293679,35.5926316],[139.7294492,35.5925992],[139.7295861,35.5925599],[139.7297841,35.592446],[139.7299716,35.5924171],[139.7300899,35.5923027],[139.7301452,35.5922541],[139.7303853,35.5921564],[139.7295104,35.5906105],[139.7294774,35.5905522],[139.7294165,35.5904283],[139.7294077,35.5904104],[139.7294316,35.5904033],[139.7293862,35.5902795],[139.7293272,35.590092],[139.7293943,35.5900658],[139.7292763,35.5898193],[139.7293457,35.5897926],[139.7293238,35.5897456],[139.7292494,35.5895859],[139.7298829,35.5894571],[139.729771,35.5892517],[139.7295928,35.5889148],[139.7295072,35.5887568],[139.7294713,35.5887012],[139.7294342,35.5886397],[139.7294126,35.5885843],[139.7293968,35.5884981],[139.7293924,35.5883793],[139.729418,35.588253],[139.7294689,35.5880954],[139.7295224,35.5879781],[139.7298956,35.5873594],[139.7299093,35.5872787],[139.7306306,35.5872775],[139.7308546,35.5872785],[139.7312729,35.5872974],[139.7322842,35.5873319],[139.7324815,35.5873338],[139.7331453,35.5873567],[139.7333532,35.5873556],[139.7343537,35.5873],[139.7348459,35.5872727],[139.7353445,35.5872362],[139.7356317,35.5872406],[139.7356584,35.587241],[139.7357669,35.5872427],[139.7357726,35.5879327],[139.7369324,35.5880246],[139.7380495,35.5881131],[139.7382641,35.5877292],[139.740016,35.5882466],[139.7479656,35.5905944],[139.7484886,35.5888634],[139.750507,35.5893038],[139.75055,35.5898764],[139.75487,35.58973],[139.7552559,35.5897171],[139.7552693,35.5871969],[139.7553095,35.5851976],[139.7554224,35.5844906],[139.7561788,35.584591],[139.7569805,35.5846492],[139.7586464,35.5846608],[139.7624766,35.5846608],[139.7628976,35.5846654],[139.7628947,35.5848425],[139.7628558,35.5850188],[139.7627625,35.5859866],[139.7627273,35.5866423],[139.7626483,35.5883061],[139.7625787,35.5894943],[139.7625083,35.5908545],[139.7624622,35.5918483],[139.7624286,35.5925716],[139.762335,35.594639],[139.7623282,35.5949462],[139.7648316,35.5948338],[139.7653359,35.5948862],[139.7670992,35.5925347],[139.7706039,35.5942871],[139.7724228,35.5951379],[139.7729492,35.5953869],[139.7799018,35.5990246],[139.7718337,35.608812],[139.7711041,35.6102774],[139.7667248,35.6166259],[139.7720666,35.6194973],[139.7734387,35.6202506],[139.7736471,35.6203627],[139.7735477,35.6204815],[139.7734812,35.6205614],[139.7712212,35.6235449],[139.7699484,35.625122],[139.7692714,35.6259099],[139.7687897,35.6264653],[139.7667063,35.6275064],[139.7664838,35.6272293],[139.7662508,35.6271806],[139.7660279,35.6272416],[139.7658888,35.627407],[139.7659126,35.6275812],[139.7660868,35.6277723],[139.7631903,35.6278027],[139.7594328,35.6277732],[139.7592585,35.6277703],[139.7575412,35.6277353],[139.7576839,35.6242984],[139.754159,35.6242382],[139.7541545,35.6242118],[139.7541366,35.6240324],[139.7534846,35.6240648],[139.7534945,35.6242147],[139.7526561,35.6242066],[139.7527181,35.6253236],[139.7512196,35.6252742],[139.7464405,35.6231343],[139.7442849,35.6233862],[139.744078,35.6237647],[139.743758,35.6243005],[139.7434743,35.6251149],[139.7431226,35.6250125],[139.7427511,35.6249186],[139.7418965,35.6247179],[139.7403199,35.6243506],[139.7399491,35.6242594],[139.7394549,35.6241491],[139.7394116,35.6241975],[139.7392969,35.6243259],[139.7391374,35.6244483],[139.7391212,35.6244316],[139.7389471,35.6245487],[139.738535,35.6248259],[139.7385359,35.6248465],[139.7384992,35.6248727],[139.7384894,35.6249003],[139.7383838,35.6249118],[139.7380097,35.6249527],[139.738348,35.6241823],[139.7382334,35.6236789],[139.7370374,35.6235704],[139.7370616,35.6232092],[139.7353085,35.6230363],[139.7351022,35.6235309],[139.734942,35.6239263],[139.7348202,35.6243161],[139.7347722,35.6244453],[139.7346607,35.6246228],[139.7344169,35.6249888],[139.7340092,35.6256322],[139.7338405,35.6259062],[139.7337955,35.62598],[139.7334633,35.6259063],[139.7334225,35.6260152],[139.7330397,35.6259221],[139.7329436,35.6261027],[139.7327192,35.6260223],[139.7322872,35.6259487],[139.7323761,35.6256637],[139.7321439,35.6256019],[139.7321666,35.6255184],[139.7319437,35.6254338],[139.7319184,35.6254153],[139.7316621,35.6256475],[139.7317631,35.6257201],[139.7320029,35.6257627],[139.731936,35.6259943],[139.7318526,35.625982],[139.7315253,35.6262223],[139.7313868,35.62635],[139.73136,35.6264611],[139.7313539,35.6264873],[139.7311348,35.6264492],[139.7310528,35.6266923],[139.7308709,35.6266357],[139.7308502,35.6266923],[139.7308855,35.6270272],[139.7310872,35.6270209],[139.7310882,35.6271231],[139.731087,35.6271633],[139.7310387,35.6272064],[139.7310043,35.6272876],[139.7309703,35.6273529],[139.7309127,35.6275172],[139.7308671,35.6276635],[139.7313592,35.6276839],[139.7313804,35.6278704],[139.7314538,35.6278557],[139.7314799,35.6280639],[139.7314863,35.6282108],[139.7314891,35.6284379],[139.7314558,35.6285645],[139.7314563,35.628641],[139.7314572,35.6288282],[139.7313092,35.6288176],[139.7311245,35.6290625],[139.7310896,35.6291051],[139.7310749,35.6292319],[139.7310594,35.6293982],[139.7310498,35.6295433],[139.7310557,35.6295852],[139.7310826,35.6297202],[139.7310824,35.6297652],[139.7310784,35.6298726],[139.7310756,35.6299622],[139.7310647,35.6299774],[139.7310212,35.6300305],[139.7309762,35.6300663],[139.7309179,35.6301001],[139.7308748,35.6301166],[139.7308432,35.6301288],[139.730809,35.6301629],[139.7307817,35.6302093],[139.7307483,35.6303437],[139.7306615,35.6304681],[139.7305015,35.6305832],[139.7301718,35.630823],[139.7300307,35.6309529],[139.7297991,35.6311059],[139.7297317,35.6311586],[139.729655,35.6312254],[139.7293469,35.6314939],[139.7292293,35.6313765],[139.7291596,35.6313307],[139.7291022,35.631367],[139.729025,35.6313026],[139.7289528,35.6313537],[139.7288388,35.6314271],[139.7284712,35.6316764],[139.7282219,35.6318665],[139.7282594,35.6320281],[139.7282542,35.6323231],[139.7283501,35.6323844],[139.7283983,35.6324697],[139.7284803,35.6324451],[139.7285654,35.6326313],[139.7286169,35.6327461],[139.7287067,35.6329269],[139.7283998,35.6330595],[139.7282732,35.6330996],[139.7281648,35.6331238],[139.7280373,35.6331531],[139.7278283,35.6326584],[139.727752,35.6324745],[139.7276547,35.6322449],[139.7275603,35.6320214],[139.7274812,35.6318434],[139.7273667,35.6319022],[139.7271842,35.6319835],[139.7270696,35.6320286],[139.7268664,35.6318931],[139.7267429,35.6320396],[139.7265306,35.6326429],[139.7264929,35.6327709],[139.7263428,35.6330016],[139.7266323,35.6337119],[139.7266938,35.6338399],[139.72668,35.6339292],[139.7267098,35.6340003],[139.726794,35.6341981],[139.7267632,35.6342361],[139.7265747,35.6344735],[139.7262754,35.6348193],[139.7262129,35.6348885],[139.7261206,35.6349332],[139.7259278,35.6349988],[139.7256571,35.6350778],[139.7253436,35.6351637],[139.7252448,35.6351817],[139.7245781,35.6352616],[139.7243517,35.6353171],[139.7240918,35.6353813],[139.7237201,35.6354624],[139.7235305,35.6355036],[139.7231949,35.6356024],[139.7230967,35.6356211],[139.7226736,35.6357027],[139.7224641,35.6357853],[139.7223469,35.6358422],[139.7222346,35.6358973],[139.7220923,35.6358193],[139.7220695,35.6358151],[139.7220912,35.6357233],[139.7221289,35.6356005],[139.7221457,35.6356019],[139.7221512,35.63551],[139.7221358,35.6353922],[139.721952,35.6353906],[139.7219551,35.6353319],[139.7217297,35.6353223],[139.7217185,35.6354616],[139.7216435,35.635469],[139.7214192,35.6350412],[139.7213143,35.6351704],[139.7211483,35.6350771],[139.7210092,35.6350036],[139.7210434,35.6349584],[139.7207136,35.6348169],[139.7204623,35.6347145],[139.7205144,35.6345997],[139.7203303,35.6345206],[139.7202988,35.6345776],[139.7202108,35.634548],[139.7202412,35.6344932],[139.7197998,35.6343359],[139.7197306,35.6344526],[139.7196907,35.6345041],[139.719598,35.6346324],[139.7195115,35.6347339],[139.7193777,35.6348857],[139.7192665,35.6349933],[139.7193266,35.6353261],[139.7187802,35.6353144],[139.7186223,35.6353066],[139.7184322,35.6352894],[139.7181761,35.635266],[139.7179833,35.6352368],[139.7180269,35.6349089],[139.7178441,35.6348748],[139.7178717,35.634802],[139.7177967,35.6347804],[139.7177162,35.6348807],[139.7174158,35.6350943],[139.71735,35.6351392],[139.7175236,35.6353204],[139.7172983,35.6354521],[139.7173285,35.6354935],[139.7174017,35.635594],[139.717483,35.6356762],[139.7178818,35.6360794],[139.717943,35.6361413],[139.7173182,35.6379566],[139.717048,35.6379368],[139.7166755,35.6379153],[139.7166367,35.6380463],[139.7166249,35.6382093],[139.7168871,35.6382132],[139.7168931,35.638463],[139.7169275,35.6388353],[139.716994,35.6394173],[139.7170224,35.6395943],[139.7170396,35.639675],[139.7167638,35.6399111],[139.7168472,35.639933],[139.7170494,35.6400645],[139.7172541,35.6398881],[139.7178346,35.6400402],[139.7177025,35.6405884],[139.7176856,35.6406937],[139.7193885,35.6412023],[139.7193959,35.6412729],[139.7193232,35.6412969],[139.71929,35.641449],[139.7192538,35.6414595],[139.7192513,35.6414928],[139.7192308,35.6414984],[139.7190916,35.641547],[139.7189657,35.6415938],[139.7189049,35.6415921],[139.7187421,35.6415846],[139.7181419,35.6415806],[139.717865,35.6415807],[139.7177496,35.6415768],[139.7177697,35.6413029],[139.7175938,35.6412979],[139.7173114,35.6412707],[139.7168952,35.6411499],[139.7167849,35.6411076],[139.7166809,35.6410985],[139.716499,35.6410022],[139.7159139,35.6406737],[139.7158747,35.6407287],[139.7158355,35.6407123],[139.7158236,35.6407267],[139.7155896,35.6406408],[139.7154721,35.6403377],[139.7153165,35.6402538],[139.7152535,35.6402374],[139.7151492,35.6402215],[139.7151655,35.6401639],[139.7151407,35.6400578],[139.7151062,35.6399345],[139.715077,35.6398443],[139.7150416,35.6398286],[139.7150171,35.6398145],[139.7148644,35.6395236],[139.7146824,35.6391291],[139.7146289,35.6390267],[139.7144955,35.6388305],[139.7144643,35.6387903],[139.7142383,35.6386236],[139.714296,35.6383823],[139.7139574,35.6381022],[139.7133759,35.6385836],[139.713284,35.6386792],[139.713197,35.6386319],[139.713395,35.638459],[139.7138371,35.6380863],[139.7137218,35.638006],[139.713832,35.6378485],[139.7136698,35.6377682],[139.7136268,35.6378217],[139.7135199,35.6377792],[139.7136161,35.6376481],[139.713562,35.637624],[139.7133311,35.6375215],[139.7135173,35.6371132],[139.7135778,35.6368512],[139.7137448,35.6364084],[139.7139083,35.6359861],[139.7135789,35.6358855],[139.7135849,35.6358716],[139.7135721,35.6358685],[139.7136384,35.6357291],[139.713699,35.63562],[139.7134075,35.6355283],[139.7136549,35.6349682],[139.7139815,35.6350697],[139.7140522,35.6349179],[139.714096,35.6347214],[139.7144945,35.63457],[139.714539,35.6343955],[139.7146314,35.6342623],[139.7145073,35.6340086],[139.7144753,35.6339147]]]}}]}